timestamp,temperature,humidity,air_quality_ppm,motion_detected,motion_count,fan_active,is_outlier,risk_level
2026-10-04 21:51:21,22.57,50.13,411.7,1,13,0,0,0
2026-10-04 21:51:51,22.16,49.98,412.0,1,5,0,0,0
2026-10-04 21:52:21,22.17,49.99,413.4,1,8,0,0,0
2026-10-04 21:52:51,22.23,50.3,415.7,1,5,0,0,0
2026-10-04 21:53:21,21.59,48.96,411.5,0,0,0,0,0
2026-10-04 21:53:51,21.25,48.54,408.4,0,0,0,0,0
2026-10-04 21:54:21,22.35,49.85,411.5,1,8,0,0,0
2026-10-04 21:54:51,21.47,48.08,407.8,0,0,0,0,0
2026-10-04 21:55:21,21.54,49.03,408.3,0,1,0,0,0
2026-10-04 21:55:51,22.18,50.62,412.8,1,11,0,0,0
2026-10-04 21:56:21,22.29,49.51,414.1,1,10,0,0,0
2026-10-04 21:56:51,21.28,48.43,413.6,0,0,0,0,0
2026-10-04 21:57:21,21.34,48.72,410.1,0,0,0,0,0
2026-10-04 21:57:51,21.52,49.54,409.4,0,0,0,0,0
2026-10-04 21:58:21,21.43,48.24,410.1,0,0,0,0,0
2026-10-04 21:58:51,21.52,48.68,409.4,0,0,0,0,0
2026-10-04 21:59:21,22.11,50.71,411.1,1,11,0,0,0
2026-10-04 21:59:51,22.46,50.21,413.4,1,10,0,0,0
2026-10-04 22:00:21,22.18,50.37,417.9,1,13,0,0,0
2026-10-04 22:00:51,22.09,50.25,421.2,1,4,0,0,0
2026-10-04 22:01:21,21.56,49.54,416.4,0,0,0,0,0
2026-10-04 22:01:51,22.35,49.8,421.4,1,3,0,0,0
2026-10-04 22:02:21,21.47,49.4,419.0,0,0,0,0,0
2026-10-04 22:02:51,21.17,48.97,418.2,0,0,0,0,0
2026-10-04 22:03:21,22.25,50.39,423.2,1,4,0,0,0
2026-10-04 22:03:51,21.86,50.36,425.6,1,12,0,0,0
2026-10-04 22:04:21,21.34,49.16,423.6,0,0,0,0,0
2026-10-04 22:04:51,21.44,49.45,420.6,0,0,0,0,0
2026-10-04 22:05:21,21.14,47.83,417.6,0,0,0,0,0
2026-10-04 22:05:51,22.27,50.05,418.5,1,6,0,0,0
2026-10-04 22:06:21,21.31,48.37,415.7,0,0,0,0,0
2026-10-04 22:06:51,21.33,49.14,413.0,0,0,0,0,0
2026-10-04 22:07:21,21.27,48.53,409.5,0,0,0,0,0
2026-10-04 22:07:51,21.25,49.11,410.5,0,0,0,0,0
2026-10-04 22:08:21,21.39,49.24,408.1,0,0,0,0,0
2026-10-04 22:08:51,21.9,50.86,409.9,1,11,0,0,0
2026-10-04 22:09:21,22.22,49.91,414.4,1,12,0,0,0
2026-10-04 22:09:51,21.26,49.19,411.5,0,0,0,0,0
2026-10-04 22:10:21,21.35,48.79,410.8,0,0,0,0,0
2026-10-04 22:10:51,21.91,50.24,414.6,1,9,0,0,0
2026-10-04 22:11:21,20.96,49.25,413.3,0,0,0,0,0
2026-10-04 22:11:51,21.18,49.07,410.8,0,0,0,0,0
2026-10-04 22:12:21,20.93,48.63,407.5,0,0,0,0,0
2026-10-04 22:12:51,21.8,50.31,411.4,1,11,0,0,0
2026-10-04 22:13:21,22.05,51.02,416.9,1,7,0,0,0
2026-10-04 22:13:51,21.17,48.65,414.5,0,0,0,0,0
2026-10-04 22:14:21,22.17,51.19,415.6,1,6,0,0,0
2026-10-04 22:14:51,21.21,49.22,413.3,0,0,0,0,0
2026-10-04 22:15:21,21.34,49.18,411.9,0,0,0,0,0
2026-10-04 22:15:51,22.17,50.62,416.3,1,5,0,0,0
2026-10-04 22:16:21,22.15,50.07,415.9,1,4,0,0,0
2026-10-04 22:16:51,22.04,50.23,419.9,1,5,0,0,0
2026-10-04 22:17:21,21.31,49.18,417.4,0,0,0,0,0
2026-10-04 22:17:51,21.37,48.78,414.7,0,0,0,0,0
2026-10-04 22:18:21,21.1,48.86,414.8,0,0,0,0,0
2026-10-04 22:18:51,21.27,48.89,413.3,0,0,0,0,0
2026-10-04 22:19:21,21.94,50.44,417.1,1,11,0,0,0
2026-10-04 22:19:51,22.14,50.09,421.6,1,7,0,0,0
2026-10-04 22:20:21,21.01,49.05,419.7,0,0,0,0,0
2026-10-04 22:20:51,21.24,49.5,417.1,0,0,0,0,0
2026-10-04 22:21:21,22.07,50.94,419.2,1,10,0,0,0
2026-10-04 22:21:51,21.03,48.96,416.9,0,0,0,0,0
2026-10-04 22:22:21,21.12,48.81,414.7,0,0,0,0,0
2026-10-04 22:22:51,21.76,50.82,417.7,1,11,0,0,0
2026-10-04 22:23:21,21.29,48.4,412.8,0,0,0,0,0
2026-10-04 22:23:51,21.24,48.69,411.7,0,0,0,0,0
2026-10-04 22:24:21,21.79,50.88,417.3,1,3,0,0,0
2026-10-04 22:24:51,21.86,50.32,419.8,1,10,0,0,0
2026-10-04 22:25:21,20.96,48.62,417.1,0,0,0,0,0
2026-10-04 22:25:51,21.98,50.93,418.3,1,11,0,0,0
2026-10-04 22:26:21,21.36,49.51,414.9,0,0,0,0,0
2026-10-04 22:26:51,22.06,50.47,417.5,1,7,0,0,0
2026-10-04 22:27:21,21.87,50.7,419.9,1,11,0,0,0
2026-10-04 22:27:51,21.01,49.33,418.5,0,0,0,0,0
2026-10-04 22:28:21,21.82,49.41,421.0,1,5,0,0,0
2026-10-04 22:28:51,22.02,50.68,423.6,1,3,0,0,0
2026-10-04 22:29:21,21.99,50.48,429.1,1,9,0,0,0
2026-10-04 22:29:51,21.72,50.68,432.1,1,4,0,0,0
2026-10-04 22:30:21,21.12,49.82,430.0,0,0,0,0,0
2026-10-04 22:30:51,21.06,48.98,428.5,0,0,0,0,0
2026-10-04 22:31:21,21.69,50.48,431.1,1,13,0,0,0
2026-10-04 22:31:51,20.97,48.99,428.0,0,0,0,0,0
2026-10-04 22:32:21,21.79,50.69,428.3,1,12,0,0,0
2026-10-04 22:32:51,21.84,51.36,428.6,1,11,0,0,0
2026-10-04 22:33:21,21.93,50.5,431.8,1,3,0,0,0
2026-10-04 22:33:51,20.92,48.42,429.3,0,0,0,0,0
2026-10-04 22:34:21,21.87,50.57,432.4,1,10,0,0,0
2026-10-04 22:34:51,21.71,50.32,436.4,1,9,0,0,0
2026-10-04 22:35:21,21.09,48.9,435.8,0,0,0,0,0
2026-10-04 22:35:51,20.84,49.14,434.0,0,0,0,0,0
2026-10-04 22:36:21,21.54,50.89,437.5,1,12,0,0,0
2026-10-04 22:36:51,21.73,50.58,439.7,1,8,0,0,0
2026-10-04 22:37:21,21.91,50.73,444.5,1,9,0,0,0
2026-10-04 22:37:51,20.71,50.15,443.2,0,0,0,0,0
2026-10-04 22:38:21,21.35,50.58,446.4,1,12,0,0,0
2026-10-04 22:38:51,21.73,50.91,449.6,1,7,0,0,0
2026-10-04 22:39:21,21.67,51.05,453.1,1,10,0,0,0
2026-10-04 22:39:51,20.69,48.89,450.0,0,0,0,0,0
2026-10-04 22:40:21,20.85,49.3,448.6,0,0,0,0,0
2026-10-04 22:40:51,20.85,49.47,446.6,0,0,0,0,0
2026-10-04 22:41:21,21.77,51.07,450.0,1,7,0,0,0
2026-10-04 22:41:51,20.97,49.56,446.2,0,0,0,0,0
2026-10-04 22:42:21,21.85,51.1,448.4,1,3,0,0,0
2026-10-04 22:42:51,21.86,51.17,451.5,1,8,0,0,0
2026-10-04 22:43:21,21.15,49.64,450.3,0,0,0,0,0
2026-10-04 22:43:51,21.66,51.09,455.6,1,4,0,0,0
2026-10-04 22:44:21,22.08,50.46,459.1,1,6,0,0,0
2026-10-04 22:44:51,21.1,50.01,460.9,0,1,0,0,0
2026-10-04 22:45:21,20.94,49.18,458.9,0,0,0,0,0
2026-10-04 22:45:51,21.02,49.0,455.4,0,0,0,0,0
2026-10-04 22:46:21,21.88,50.62,459.1,1,6,0,0,0
2026-10-04 22:46:51,20.73,49.08,456.7,0,0,0,0,0
2026-10-04 22:47:21,21.43,51.14,458.3,1,7,0,0,0
2026-10-04 22:47:51,21.61,50.88,463.4,1,4,0,0,0
2026-10-04 22:48:21,21.64,51.24,468.0,1,11,0,0,0
2026-10-04 22:48:51,21.66,51.01,469.6,1,7,0,0,0
2026-10-04 22:49:21,20.72,49.07,467.1,0,0,0,0,0
2026-10-04 22:49:51,21.19,49.17,463.3,0,0,0,0,0
2026-10-04 22:50:21,20.7,50.24,462.8,0,0,0,0,0
2026-10-04 22:50:51,20.8,49.13,463.3,0,0,0,0,0
2026-10-04 22:51:21,20.98,49.82,461.6,0,0,0,0,0
2026-10-04 22:51:51,21.56,51.07,461.0,1,10,0,0,0
2026-10-04 22:52:21,21.64,50.32,465.5,1,4,0,0,0
2026-10-04 22:52:51,20.88,49.71,462.6,0,0,0,0,0
2026-10-04 22:53:21,20.74,49.3,462.0,0,0,0,0,0
2026-10-04 22:53:51,21.65,50.89,464.9,1,11,0,0,0
2026-10-04 22:54:21,21.66,50.91,468.5,1,12,0,0,0
2026-10-04 22:54:51,20.6,49.27,465.1,0,0,0,0,0
2026-10-04 22:55:21,21.48,51.01,468.0,1,12,0,0,0
2026-10-04 22:55:51,20.73,49.63,465.0,0,0,0,0,0
2026-10-04 22:56:21,21.71,50.92,466.5,1,11,0,0,0
2026-10-04 22:56:51,20.73,49.96,467.5,0,0,0,0,0
2026-10-04 22:57:21,20.75,49.75,465.9,0,0,0,0,0
2026-10-04 22:57:51,20.86,49.42,463.9,0,0,0,0,0
2026-10-04 22:58:21,20.79,49.56,460.7,0,0,0,0,0
2026-10-04 22:58:51,21.56,51.6,464.8,1,11,0,0,0
2026-10-04 22:59:21,21.46,51.22,466.3,1,9,0,0,0
2026-10-04 22:59:51,21.75,51.23,471.6,1,10,0,0,0
2026-10-04 23:00:21,20.86,49.4,470.1,0,0,0,0,0
2026-10-04 23:00:51,21.36,51.91,475.2,1,9,0,0,0
2026-10-04 23:01:21,20.72,49.99,473.2,0,0,0,0,0
2026-10-04 23:01:51,21.07,49.63,470.9,0,0,0,0,0
2026-10-04 23:02:21,20.72,48.64,470.3,0,0,0,0,0
2026-10-04 23:02:51,21.04,49.69,470.1,0,0,0,0,0
2026-10-04 23:03:21,75.0,49.62,468.0,0,0,0,1,2
2026-10-04 23:03:51,20.91,49.29,466.2,0,0,0,0,0
2026-10-04 23:04:21,20.93,50.1,463.9,0,0,0,0,0
2026-10-04 23:04:51,20.56,49.18,461.5,0,0,0,0,0
2026-10-04 23:05:21,21.46,51.25,463.8,1,3,0,0,0
2026-10-04 23:05:51,20.69,49.58,460.1,0,0,0,0,0
2026-10-04 23:06:21,20.62,49.73,458.2,0,0,0,0,0
2026-10-04 23:06:51,20.79,50.43,457.0,0,0,0,0,0
2026-10-04 23:07:21,20.58,48.79,457.9,0,0,0,0,0
2026-10-04 23:07:51,20.76,49.51,455.0,0,1,0,0,0
2026-10-04 23:08:21,20.58,49.91,453.3,0,0,0,0,0
2026-10-04 23:08:51,20.74,49.81,451.5,0,0,0,0,0
2026-10-04 23:09:21,20.63,49.19,449.4,0,0,0,0,0
2026-10-04 23:09:51,20.7,49.55,446.7,0,0,0,0,0
2026-10-04 23:10:21,20.63,49.33,445.2,0,0,0,0,0
2026-10-04 23:10:51,20.51,49.67,444.4,0,0,0,0,0
2026-10-04 23:11:21,21.41,50.71,447.4,1,5,0,0,0
2026-10-04 23:11:51,20.72,49.41,445.1,0,0,0,0,0
2026-10-04 23:12:21,20.53,49.04,445.8,0,1,0,0,0
2026-10-04 23:12:51,-20.0,49.89,445.6,0,0,0,1,2
2026-10-04 23:13:21,20.3,49.8,442.1,0,0,0,0,0
2026-10-04 23:13:51,20.8,50.1,439.7,0,0,0,0,0
2026-10-04 23:14:21,20.61,50.3,438.7,0,0,0,0,0
2026-10-04 23:14:51,20.75,49.58,435.6,0,0,0,0,0
2026-10-04 23:15:21,20.83,49.64,432.3,0,1,0,0,0
2026-10-04 23:15:51,20.72,49.92,431.8,0,0,0,0,0
2026-10-04 23:16:21,20.71,49.65,430.2,0,0,0,0,0
2026-10-04 23:16:51,20.4,49.57,430.2,0,0,0,0,0
2026-10-04 23:17:21,20.5,49.53,429.4,0,0,0,0,0
2026-10-04 23:17:51,20.96,49.51,425.3,0,0,0,0,0
2026-10-04 23:18:21,20.58,49.7,422.4,0,0,0,0,0
2026-10-04 23:18:51,20.45,49.71,419.2,0,0,0,0,0
2026-10-04 23:19:21,21.23,51.33,422.0,1,6,0,0,0
2026-10-04 23:19:51,20.8,50.24,420.4,0,0,0,0,0
2026-10-04 23:20:21,20.65,49.6,420.1,0,0,0,0,0
2026-10-04 23:20:51,20.55,50.25,421.2,0,0,0,0,0
2026-10-04 23:21:21,20.79,49.63,420.2,0,0,0,0,0
2026-10-04 23:21:51,20.64,49.86,421.0,0,0,0,0,0
2026-10-04 23:22:21,21.53,51.07,420.7,1,4,0,0,0
2026-10-04 23:22:51,20.35,49.61,422.6,0,0,0,0,0
2026-10-04 23:23:21,20.5,50.24,422.2,0,0,0,0,0
2026-10-04 23:23:51,20.93,49.9,421.3,0,0,0,0,0
2026-10-04 23:24:21,20.6,49.45,421.1,0,0,0,0,0
2026-10-04 23:24:51,20.64,49.51,417.7,0,0,0,0,0
2026-10-04 23:25:21,20.17,49.53,416.1,0,0,0,0,0
2026-10-04 23:25:51,20.75,50.41,414.2,0,0,0,0,0
2026-10-04 23:26:21,20.27,50.39,411.3,0,0,0,0,0
2026-10-04 23:26:51,20.49,50.13,411.4,0,0,0,0,0
2026-10-04 23:27:21,20.33,50.0,409.4,0,0,0,0,0
2026-10-04 23:27:51,20.26,50.22,409.3,0,0,0,0,0
2026-10-04 23:28:21,20.47,50.36,410.4,0,0,0,0,0
2026-10-04 23:28:51,20.31,50.03,411.4,0,0,0,0,0
2026-10-04 23:29:21,20.6,49.65,411.6,0,0,0,0,0
2026-10-04 23:29:51,21.27,51.7,411.5,1,11,0,0,0
2026-10-04 23:30:21,20.32,50.04,411.0,0,0,0,0,0
2026-10-04 23:30:51,20.64,49.77,408.0,0,0,0,0,0
2026-10-04 23:31:21,20.52,50.68,407.9,0,0,0,0,0
2026-10-04 23:31:51,20.5,49.99,407.7,0,1,0,0,0
2026-10-04 23:32:21,20.29,49.95,409.4,0,0,0,0,0
2026-10-04 23:32:51,21.22,51.17,411.9,1,11,0,0,0
2026-10-04 23:33:21,20.57,50.13,410.0,0,0,0,0,0
2026-10-04 23:33:51,20.62,49.35,409.3,0,0,0,0,0
2026-10-04 23:34:21,20.61,49.11,411.7,0,0,0,0,0
2026-10-04 23:34:51,20.63,50.11,412.1,0,0,0,0,0
2026-10-04 23:35:21,20.26,49.83,410.4,0,0,0,0,0
2026-10-04 23:35:51,20.46,50.52,406.6,0,0,0,0,0
2026-10-04 23:36:21,20.66,49.85,405.0,0,0,0,0,0
2026-10-04 23:36:51,20.73,49.99,403.1,0,0,0,0,0
2026-10-04 23:37:21,20.35,50.01,403.2,0,0,0,0,0
2026-10-04 23:37:51,20.47,50.04,402.9,0,0,0,0,0
2026-10-04 23:38:21,20.39,49.75,401.7,0,0,0,0,0
2026-10-04 23:38:51,20.45,50.7,402.9,0,1,0,0,0
2026-10-04 23:39:21,20.24,49.98,402.2,0,0,0,0,0
2026-10-04 23:39:51,20.51,50.08,402.3,0,0,0,0,0
2026-10-04 23:40:21,20.22,49.77,401.8,0,0,0,0,0
2026-10-04 23:40:51,20.31,49.6,400.9,0,0,0,0,0
2026-10-04 23:41:21,20.18,50.17,401.6,0,0,0,0,0
2026-10-04 23:41:51,20.54,49.76,399.5,0,0,0,0,0
2026-10-04 23:42:21,20.51,50.34,398.4,0,0,0,0,0
2026-10-04 23:42:51,20.22,50.68,400.3,0,0,0,0,0
2026-10-04 23:43:21,20.49,50.55,398.4,0,1,0,0,0
2026-10-04 23:43:51,20.35,49.77,399.3,0,0,0,0,0
2026-10-04 23:44:21,20.09,50.43,400.1,0,0,0,0,0
2026-10-04 23:44:51,20.01,49.79,400.8,0,0,0,0,0
2026-10-04 23:45:21,20.47,50.25,401.6,0,1,0,0,0
2026-10-04 23:45:51,20.4,50.33,400.0,0,0,0,0,0
2026-10-04 23:46:21,20.28,49.58,399.5,0,1,0,0,0
2026-10-04 23:46:51,20.26,50.27,397.4,0,0,0,0,0
2026-10-04 23:47:21,20.55,49.3,397.7,0,0,0,0,0
2026-10-04 23:47:51,20.56,50.38,398.9,0,0,0,0,0
2026-10-04 23:48:21,20.25,49.86,399.4,0,0,0,0,0
2026-10-04 23:48:51,20.22,50.93,398.6,0,0,0,0,0
2026-10-04 23:49:21,20.3,50.2,398.7,0,0,0,0,0
2026-10-04 23:49:51,20.3,49.99,399.7,0,0,0,0,0
2026-10-04 23:50:21,20.24,49.45,400.4,0,0,0,0,0
2026-10-04 23:50:51,20.3,49.51,401.7,0,0,0,0,0
2026-10-04 23:51:21,20.26,49.77,400.0,0,0,0,0,0
2026-10-04 23:51:51,20.19,49.78,399.1,0,0,0,0,0
2026-10-04 23:52:21,20.4,49.89,399.5,0,0,0,0,0
2026-10-04 23:52:51,20.1,50.02,400.9,0,0,0,0,0
2026-10-04 23:53:21,20.13,50.19,400.4,0,0,0,0,0
2026-10-04 23:53:51,20.43,49.88,401.9,0,0,0,0,0
2026-10-04 23:54:21,20.21,50.35,401.5,0,1,0,0,0
2026-10-04 23:54:51,20.39,49.63,399.7,0,0,0,0,0
2026-10-04 23:55:21,20.25,50.24,400.1,0,0,0,0,0
2026-10-04 23:55:51,20.26,50.13,400.1,0,0,0,0,0
2026-10-04 23:56:21,19.94,50.21,398.8,0,0,0,0,0
2026-10-04 23:56:51,20.26,50.17,398.3,0,0,0,0,0
2026-10-04 23:57:21,21.25,51.25,400.3,1,9,0,0,0
2026-10-04 23:57:51,20.43,50.35,398.5,0,0,0,0,0
2026-10-04 23:58:21,21.24,51.16,401.2,1,3,0,0,0
2026-10-04 23:58:51,20.32,50.86,400.4,0,0,0,0,0
2026-10-04 23:59:21,20.51,50.37,402.0,0,0,0,0,0
2026-10-04 23:59:51,20.08,49.42,402.5,0,0,0,0,0
2026-10-05 00:00:21,20.18,50.19,401.7,0,0,0,0,0
2026-10-05 00:00:51,20.21,50.22,401.3,0,0,0,0,0
2026-10-05 00:01:21,20.33,49.77,402.2,0,0,0,0,0
2026-10-05 00:01:51,20.28,49.9,402.6,0,0,0,0,0
2026-10-05 00:02:21,20.33,50.94,403.0,0,0,0,0,0
2026-10-05 00:02:51,20.33,50.27,404.0,0,0,0,0,0
2026-10-05 00:03:21,20.21,50.44,403.5,0,0,0,0,0
2026-10-05 00:03:51,20.12,50.35,402.2,0,0,0,0,0
2026-10-05 00:04:21,20.04,50.26,401.4,0,0,0,0,0
2026-10-05 00:04:51,20.08,50.38,403.0,0,1,0,0,0
2026-10-05 00:05:21,20.07,49.88,402.2,0,0,0,0,0
2026-10-05 00:05:51,19.98,49.55,399.5,0,0,0,0,0
2026-10-05 00:06:21,20.81,52.02,400.7,1,8,0,0,0
2026-10-05 00:06:51,20.3,49.83,400.2,0,0,0,0,0
2026-10-05 00:07:21,20.19,50.57,399.6,0,0,0,0,0
2026-10-05 00:07:51,20.19,50.64,397.7,0,0,0,0,0
2026-10-05 00:08:21,19.97,50.46,396.7,0,0,0,0,0
2026-10-05 00:08:51,19.97,50.19,397.6,0,0,0,0,0
2026-10-05 00:09:21,19.96,50.45,397.7,0,0,0,0,0
2026-10-05 00:09:51,20.1,50.39,399.6,0,0,0,0,0
2026-10-05 00:10:21,20.14,50.53,400.2,0,0,0,0,0
2026-10-05 00:10:51,20.12,49.86,401.7,0,0,0,0,0
2026-10-05 00:11:21,20.05,50.2,402.6,0,1,0,0,0
2026-10-05 00:11:51,20.18,50.16,402.7,0,0,0,0,0
2026-10-05 00:12:21,19.98,50.17,400.9,0,0,0,0,0
2026-10-05 00:12:51,20.32,50.1,400.8,0,0,0,0,0
2026-10-05 00:13:21,20.23,49.79,399.6,0,0,0,0,0
2026-10-05 00:13:51,20.01,50.18,398.1,0,0,0,0,0
2026-10-05 00:14:21,19.92,50.75,397.3,0,0,0,0,0
2026-10-05 00:14:51,20.09,50.65,397.4,0,0,0,0,0
2026-10-05 00:15:21,20.08,50.59,399.1,0,0,0,0,0
2026-10-05 00:15:51,20.12,50.77,398.1,0,0,0,0,0
2026-10-05 00:16:21,20.23,49.92,398.9,0,0,0,0,0
2026-10-05 00:16:51,20.17,50.82,399.2,0,0,0,0,0
2026-10-05 00:17:21,19.88,50.09,398.1,0,0,0,0,0
2026-10-05 00:17:51,19.9,50.18,399.4,0,0,0,0,0
2026-10-05 00:18:21,20.24,50.65,398.2,0,0,0,0,0
2026-10-05 00:18:51,20.4,49.64,396.3,0,0,0,0,0
2026-10-05 00:19:21,20.12,50.26,399.2,0,0,0,0,0
2026-10-05 00:19:51,19.96,50.69,398.6,0,0,0,0,0
2026-10-05 00:20:21,20.26,50.0,397.3,0,0,0,0,0
2026-10-05 00:20:51,20.01,50.49,397.5,0,1,0,0,0
2026-10-05 00:21:21,20.04,50.41,397.9,0,0,0,0,0
2026-10-05 00:21:51,19.91,50.01,397.2,0,0,0,0,0
2026-10-05 00:22:21,20.03,50.4,396.4,0,0,0,0,0
2026-10-05 00:22:51,20.14,49.89,395.7,0,0,0,0,0
2026-10-05 00:23:21,20.12,50.15,396.0,0,0,0,0,0
2026-10-05 00:23:51,20.99,51.69,398.0,1,9,0,0,0
2026-10-05 00:24:21,20.27,50.45,397.2,0,1,0,0,0
2026-10-05 00:24:51,20.1,50.59,397.3,0,1,0,0,0
2026-10-05 00:25:21,20.51,51.89,396.8,1,13,0,0,0
2026-10-05 00:25:51,19.97,50.31,397.9,0,0,0,0,0
2026-10-05 00:26:21,20.16,50.42,397.2,0,0,0,0,0
2026-10-05 00:26:51,21.15,52.18,400.3,1,9,0,0,0
2026-10-05 00:27:21,19.99,50.31,399.7,0,0,0,0,0
2026-10-05 00:27:51,20.15,50.05,399.2,0,0,0,0,0
2026-10-05 00:28:21,20.15,50.56,398.6,0,0,0,0,0
2026-10-05 00:28:51,20.16,50.12,401.1,0,0,0,0,0
2026-10-05 00:29:21,19.8,50.44,400.8,0,0,0,0,0
2026-10-05 00:29:51,19.95,50.46,402.6,0,1,0,0,0
2026-10-05 00:30:21,19.95,50.88,401.3,0,0,0,0,0
2026-10-05 00:30:51,20.13,50.14,400.7,0,0,0,0,0
2026-10-05 00:31:21,20.01,50.17,401.0,0,0,0,0,0
2026-10-05 00:31:51,20.75,51.65,400.5,1,8,0,0,0
2026-10-05 00:32:21,19.82,50.08,400.8,0,0,0,0,0
2026-10-05 00:32:51,20.97,51.69,401.8,1,3,0,0,0
2026-10-05 00:33:21,20.1,50.48,401.4,0,0,0,0,0
2026-10-05 00:33:51,19.99,50.78,400.3,0,0,0,0,0
2026-10-05 00:34:21,19.76,49.78,399.3,0,0,0,0,0
2026-10-05 00:34:51,20.13,50.22,397.1,0,0,0,0,0
2026-10-05 00:35:21,20.01,50.98,396.4,0,1,0,0,0
2026-10-05 00:35:51,19.85,50.31,397.2,0,0,0,0,0
2026-10-05 00:36:21,19.88,50.49,396.8,0,1,0,0,0
2026-10-05 00:36:51,20.01,50.69,397.1,0,0,0,0,0
2026-10-05 00:37:21,19.99,50.42,395.5,0,0,0,0,0
2026-10-05 00:37:51,19.68,50.69,395.1,0,0,0,0,0
2026-10-05 00:38:21,20.23,50.02,394.1,0,0,0,0,0
2026-10-05 00:38:51,20.04,50.61,395.0,0,0,0,0,0
2026-10-05 00:39:21,19.7,50.91,395.8,0,0,0,0,0
2026-10-05 00:39:51,19.92,50.02,393.6,0,0,0,0,0
2026-10-05 00:40:21,20.16,50.26,394.9,0,0,0,0,0
2026-10-05 00:40:51,19.71,50.9,394.5,0,0,0,0,0
2026-10-05 00:41:21,20.01,50.3,393.3,0,0,0,0,0
2026-10-05 00:41:51,19.78,50.34,393.1,0,0,0,0,0
2026-10-05 00:42:21,19.9,50.72,393.6,0,0,0,0,0
2026-10-05 00:42:51,19.71,49.95,393.0,0,0,0,0,0
2026-10-05 00:43:21,20.27,50.7,394.9,0,0,0,0,0
2026-10-05 00:43:51,19.74,50.18,395.3,0,0,0,0,0
2026-10-05 00:44:21,19.96,51.21,393.8,0,0,0,0,0
2026-10-05 00:44:51,19.97,50.8,392.5,0,0,0,0,0
2026-10-05 00:45:21,19.91,51.42,391.7,0,0,0,0,0
2026-10-05 00:45:51,19.96,51.11,389.7,0,0,0,0,0
2026-10-05 00:46:21,19.86,50.72,389.8,0,0,0,0,0
2026-10-05 00:46:51,19.91,50.64,389.2,0,0,0,0,0
2026-10-05 00:47:21,19.81,50.3,387.9,0,0,0,0,0
2026-10-05 00:47:51,20.09,50.39,389.3,0,0,0,0,0
2026-10-05 00:48:21,19.88,50.45,388.9,0,0,0,0,0
2026-10-05 00:48:51,19.88,50.87,390.1,0,1,0,0,0
2026-10-05 00:49:21,19.84,50.92,389.8,0,0,0,0,0
2026-10-05 00:49:51,20.07,50.34,390.8,0,0,0,0,0
2026-10-05 00:50:21,19.97,50.78,391.7,0,0,0,0,0
2026-10-05 00:50:51,20.0,50.94,392.1,0,0,0,0,0
2026-10-05 00:51:21,19.75,50.48,391.9,0,0,0,0,0
2026-10-05 00:51:51,19.9,50.49,390.8,0,0,0,0,0
2026-10-05 00:52:21,19.91,50.54,388.3,0,0,0,0,0
2026-10-05 00:52:51,19.86,50.3,387.2,0,1,0,0,0
2026-10-05 00:53:21,19.85,50.46,388.0,0,0,0,0,0
2026-10-05 00:53:51,19.63,50.97,385.4,0,0,0,0,0
2026-10-05 00:54:21,19.9,51.19,381.5,0,0,0,0,0
2026-10-05 00:54:51,19.99,50.75,382.8,0,0,0,0,0
2026-10-05 00:55:21,19.79,50.56,383.1,0,0,0,0,0
2026-10-05 00:55:51,19.77,50.57,380.8,0,0,0,0,0
2026-10-05 00:56:21,19.73,50.34,381.6,0,1,0,0,0
2026-10-05 00:56:51,20.01,50.34,381.0,0,0,0,0,0
2026-10-05 00:57:21,19.84,50.67,381.3,0,0,0,0,0
2026-10-05 00:57:51,19.93,50.29,380.4,0,0,0,0,0
2026-10-05 00:58:21,19.88,50.37,380.3,0,0,0,0,0
2026-10-05 00:58:51,19.91,50.54,379.7,0,1,0,0,0
2026-10-05 00:59:21,19.66,50.41,378.8,0,0,0,0,0
2026-10-05 00:59:51,19.78,50.76,378.5,0,0,0,0,0
2026-10-05 01:00:21,19.67,50.05,379.1,0,0,0,0,0
2026-10-05 01:00:51,20.0,50.12,379.8,0,0,0,0,0
2026-10-05 01:01:21,19.92,50.41,379.2,0,0,0,0,0
2026-10-05 01:01:51,19.6,50.21,378.8,0,0,0,0,0
2026-10-05 01:02:21,19.8,51.46,375.6,0,0,0,0,0
2026-10-05 01:02:51,20.13,50.69,376.3,0,0,0,0,0
2026-10-05 01:03:21,19.82,50.85,376.6,0,0,0,0,0
2026-10-05 01:03:51,19.97,50.36,377.2,0,1,0,0,0
2026-10-05 01:04:21,19.82,50.68,377.1,0,0,0,0,0
2026-10-05 01:04:51,19.75,50.56,377.2,0,0,0,0,0
2026-10-05 01:05:21,20.06,50.64,376.8,0,0,0,0,0
2026-10-05 01:05:51,19.71,50.42,376.9,0,0,0,0,0
2026-10-05 01:06:21,19.84,50.81,375.4,0,0,0,0,0
2026-10-05 01:06:51,19.9,50.55,376.5,0,0,0,0,0
2026-10-05 01:07:21,19.82,50.35,376.0,0,0,0,0,0
2026-10-05 01:07:51,19.8,50.07,378.3,0,0,0,0,0
2026-10-05 01:08:21,20.0,49.87,377.9,0,0,0,0,0
2026-10-05 01:08:51,19.86,50.78,379.5,0,0,0,0,0
2026-10-05 01:09:21,19.86,51.36,377.4,0,0,0,0,0
2026-10-05 01:09:51,19.87,50.45,375.5,0,0,0,0,0
2026-10-05 01:10:21,19.79,50.44,375.8,0,0,0,0,0
2026-10-05 01:10:51,19.99,51.07,376.2,0,0,0,0,0
2026-10-05 01:11:21,19.78,50.23,375.7,0,0,0,0,0
2026-10-05 01:11:51,19.75,50.36,376.2,0,0,0,0,0
2026-10-05 01:12:21,19.68,50.93,375.6,0,0,0,0,0
2026-10-05 01:12:51,20.79,51.96,377.5,1,9,0,0,0
2026-10-05 01:13:21,19.68,50.82,378.7,0,0,0,0,0
2026-10-05 01:13:51,19.77,50.35,376.6,0,0,0,0,0
2026-10-05 01:14:21,20.43,52.06,380.7,1,12,0,0,0
2026-10-05 01:14:51,19.9,50.52,378.8,0,0,0,0,0
2026-10-05 01:15:21,19.92,50.92,378.2,0,0,0,0,0
2026-10-05 01:15:51,19.63,50.33,378.6,0,0,0,0,0
2026-10-05 01:16:21,20.5,51.88,381.6,1,11,0,0,0
2026-10-05 01:16:51,20.66,52.61,384.6,1,6,0,0,0
2026-10-05 01:17:21,19.5,50.94,383.7,0,0,0,0,0
2026-10-05 01:17:51,19.59,50.32,380.4,0,0,0,0,0
2026-10-05 01:18:21,20.37,52.44,384.8,1,6,0,0,0
2026-10-05 01:18:51,19.87,50.91,385.2,0,0,0,0,0
2026-10-05 01:19:21,19.95,51.32,384.3,0,0,0,0,0
2026-10-05 01:19:51,19.81,50.51,385.2,0,0,0,0,0
2026-10-05 01:20:21,19.51,51.09,385.8,0,1,0,0,0
2026-10-05 01:20:51,19.39,50.77,384.4,0,0,0,0,0
2026-10-05 01:21:21,20.0,50.8,383.8,0,0,0,0,0
2026-10-05 01:21:51,19.65,50.91,384.2,0,0,0,0,0
2026-10-05 01:22:21,19.84,50.89,384.5,0,0,0,0,0
2026-10-05 01:22:51,19.79,50.54,386.4,0,0,0,0,0
2026-10-05 01:23:21,19.67,51.05,384.3,0,1,0,0,0
2026-10-05 01:23:51,19.99,50.75,384.8,0,1,0,0,0
2026-10-05 01:24:21,19.88,50.57,382.0,0,0,0,0,0
2026-10-05 01:24:51,19.62,51.01,380.8,0,0,0,0,0
2026-10-05 01:25:21,19.73,50.12,380.2,0,0,0,0,0
2026-10-05 01:25:51,19.89,50.44,380.5,0,0,0,0,0
2026-10-05 01:26:21,19.45,50.36,379.6,0,0,0,0,0
2026-10-05 01:26:51,19.92,51.15,380.9,0,0,0,0,0
2026-10-05 01:27:21,19.74,50.42,380.2,0,0,0,0,0
2026-10-05 01:27:51,19.5,50.78,378.9,0,1,0,0,0
2026-10-05 01:28:21,19.85,50.12,379.7,0,0,0,0,0
2026-10-05 01:28:51,19.44,50.72,378.4,0,0,0,0,0
2026-10-05 01:29:21,19.72,50.58,377.3,0,0,0,0,0
2026-10-05 01:29:51,19.87,51.12,376.8,0,0,0,0,0
2026-10-05 01:30:21,19.73,50.96,377.8,0,0,0,0,0
2026-10-05 01:30:51,19.56,51.37,378.0,0,0,0,0,0
2026-10-05 01:31:21,19.68,51.17,378.5,0,0,0,0,0
2026-10-05 01:31:51,19.56,50.73,377.9,0,0,0,0,0
2026-10-05 01:32:21,19.44,51.39,377.2,0,0,0,0,0
2026-10-05 01:32:51,19.74,50.98,378.7,0,0,0,0,0
2026-10-05 01:33:21,19.55,50.76,377.4,0,0,0,0,0
2026-10-05 01:33:51,19.74,50.94,376.3,0,0,0,0,0
2026-10-05 01:34:21,19.49,51.1,376.7,0,0,0,0,0
2026-10-05 01:34:51,19.7,51.06,377.5,0,0,0,0,0
2026-10-05 01:35:21,19.78,50.72,377.7,0,0,0,0,0
2026-10-05 01:35:51,19.43,50.08,379.3,0,0,0,0,0
2026-10-05 01:36:21,19.79,50.67,378.4,0,1,0,0,0
2026-10-05 01:36:51,19.79,50.79,378.1,0,1,0,0,0
2026-10-05 01:37:21,19.78,50.71,376.4,0,0,0,0,0
2026-10-05 01:37:51,19.68,50.86,375.9,0,0,0,0,0
2026-10-05 01:38:21,19.53,51.84,374.4,0,0,0,0,0
2026-10-05 01:38:51,19.56,51.16,375.7,0,0,0,0,0
2026-10-05 01:39:21,19.32,50.73,375.6,0,0,0,0,0
2026-10-05 01:39:51,19.72,51.11,374.4,0,0,0,0,0
2026-10-05 01:40:21,19.48,50.98,376.6,0,0,0,0,0
2026-10-05 01:40:51,19.67,51.43,375.3,0,0,0,0,0
2026-10-05 01:41:21,19.46,50.75,374.3,0,1,0,0,0
2026-10-05 01:41:51,19.63,50.62,373.7,0,0,0,0,0
2026-10-05 01:42:21,19.96,50.27,374.7,0,0,0,0,0
2026-10-05 01:42:51,19.64,50.37,372.3,0,0,0,0,0
2026-10-05 01:43:21,19.65,50.51,370.9,0,0,0,0,0
2026-10-05 01:43:51,19.57,50.38,371.0,0,0,0,0,0
2026-10-05 01:44:21,19.63,51.75,370.4,0,0,0,0,0
2026-10-05 01:44:51,19.82,50.88,370.0,0,0,0,0,0
2026-10-05 01:45:21,19.54,50.38,371.1,0,0,0,0,0
2026-10-05 01:45:51,19.6,50.6,370.7,0,0,0,0,0
2026-10-05 01:46:21,19.29,50.63,371.5,0,0,0,0,0
2026-10-05 01:46:51,19.47,50.6,371.5,0,0,0,0,0
2026-10-05 01:47:21,19.29,51.16,370.6,0,1,0,0,0
2026-10-05 01:47:51,20.37,52.72,375.4,1,13,0,0,0
2026-10-05 01:48:21,19.54,51.36,375.3,0,0,0,0,0
2026-10-05 01:48:51,19.72,50.53,372.5,0,0,0,0,0
2026-10-05 01:49:21,19.57,51.08,371.0,0,0,0,0,0
2026-10-05 01:49:51,19.86,50.95,370.0,0,0,0,0,0
2026-10-05 01:50:21,19.35,51.0,371.4,0,0,0,0,0
2026-10-05 01:50:51,19.67,51.42,370.0,0,0,0,0,0
2026-10-05 01:51:21,19.6,51.41,370.5,0,0,0,0,0
2026-10-05 01:51:51,19.64,50.33,370.0,0,0,0,0,0
2026-10-05 01:52:21,19.68,50.81,371.0,0,0,0,0,0
2026-10-05 01:52:51,19.51,51.03,372.4,0,0,0,0,0
2026-10-05 01:53:21,19.58,51.03,373.3,0,0,0,0,0
2026-10-05 01:53:51,19.62,50.37,374.5,0,0,0,0,0
2026-10-05 01:54:21,19.55,51.08,374.6,0,0,0,0,0
2026-10-05 01:54:51,19.97,50.46,375.4,0,0,0,0,0
2026-10-05 01:55:21,19.59,50.8,375.0,0,0,0,0,0
2026-10-05 01:55:51,20.46,52.76,377.1,1,10,0,0,0
2026-10-05 01:56:21,19.86,51.5,378.9,0,0,0,0,0
2026-10-05 01:56:51,19.65,50.15,378.1,0,0,0,0,0
2026-10-05 01:57:21,19.68,51.13,379.2,0,0,0,0,0
2026-10-05 01:57:51,19.44,51.41,381.0,0,0,0,0,0
2026-10-05 01:58:21,19.75,50.43,382.1,0,0,0,0,0
2026-10-05 01:58:51,19.68,50.58,382.9,0,0,0,0,0
2026-10-05 01:59:21,19.79,51.19,383.4,0,0,0,0,0
2026-10-05 01:59:51,19.21,50.79,383.8,0,0,0,0,0
2026-10-05 02:00:21,19.7,50.29,383.7,0,0,0,0,0
2026-10-05 02:00:51,20.42,52.66,386.9,1,10,0,0,0
2026-10-05 02:01:21,19.58,50.55,387.2,0,0,0,0,0
2026-10-05 02:01:51,19.49,50.68,388.8,0,0,0,0,0
2026-10-05 02:02:21,19.45,50.2,388.2,0,0,0,0,0
2026-10-05 02:02:51,19.79,50.99,386.5,0,0,0,0,0
2026-10-05 02:03:21,19.46,51.02,386.2,0,0,0,0,0
2026-10-05 02:03:51,19.52,50.74,386.0,0,1,0,0,0
2026-10-05 02:04:21,19.74,50.44,385.2,0,1,0,0,0
2026-10-05 02:04:51,19.7,51.44,383.8,0,0,0,0,0
2026-10-05 02:05:21,19.4,50.86,382.3,0,0,0,0,0
2026-10-05 02:05:51,19.44,50.43,383.4,0,0,0,0,0
2026-10-05 02:06:21,19.41,50.92,383.4,0,0,0,0,0
2026-10-05 02:06:51,19.73,51.37,382.8,0,0,0,0,0
2026-10-05 02:07:21,19.82,51.24,381.7,0,0,0,0,0
2026-10-05 02:07:51,19.58,51.52,381.6,0,0,0,0,0
2026-10-05 02:08:21,19.59,50.69,381.5,0,0,0,0,0
2026-10-05 02:08:51,19.18,50.83,380.8,0,0,0,0,0
2026-10-05 02:09:21,19.7,50.68,378.1,0,0,0,0,0
2026-10-05 02:09:51,19.64,51.5,378.9,0,0,0,0,0
2026-10-05 02:10:21,19.31,51.81,378.9,0,1,0,0,0
2026-10-05 02:10:51,19.54,50.74,379.4,0,0,0,0,0
2026-10-05 02:11:21,19.42,50.98,378.4,0,0,0,0,0
2026-10-05 02:11:51,19.69,51.46,378.9,0,0,0,0,0
2026-10-05 02:12:21,19.65,50.86,378.5,0,0,0,0,0
2026-10-05 02:12:51,19.37,51.16,380.6,0,1,0,0,0
2026-10-05 02:13:21,19.42,51.19,380.7,0,0,0,0,0
2026-10-05 02:13:51,19.44,51.18,380.0,0,0,0,0,0
2026-10-05 02:14:21,19.62,50.5,380.0,0,0,0,0,0
2026-10-05 02:14:51,19.59,50.44,380.4,0,0,0,0,0
2026-10-05 02:15:21,19.39,50.79,378.5,0,0,0,0,0
2026-10-05 02:15:51,19.4,50.51,380.2,0,0,0,0,0
2026-10-05 02:16:21,20.49,52.75,383.9,1,9,0,0,0
2026-10-05 02:16:51,19.4,50.6,383.2,0,0,0,0,0
2026-10-05 02:17:21,20.15,52.41,384.9,1,3,0,0,0
2026-10-05 02:17:51,19.64,50.88,383.7,0,0,0,0,0
2026-10-05 02:18:21,19.59,50.93,382.2,0,0,0,0,0
2026-10-05 02:18:51,19.72,51.22,382.6,0,0,0,0,0
2026-10-05 02:19:21,19.64,51.17,383.0,0,0,0,0,0
2026-10-05 02:19:51,19.71,50.56,381.5,0,0,0,0,0
2026-10-05 02:20:21,19.26,51.03,380.3,0,0,0,0,0
2026-10-05 02:20:51,19.33,51.65,382.2,0,0,0,0,0
2026-10-05 02:21:21,19.64,51.25,381.6,0,0,0,0,0
2026-10-05 02:21:51,19.65,51.06,382.9,0,0,0,0,0
2026-10-05 02:22:21,19.61,51.02,383.3,0,1,0,0,0
2026-10-05 02:22:51,19.76,51.17,382.0,0,0,0,0,0
2026-10-05 02:23:21,19.62,50.94,379.7,0,0,0,0,0
2026-10-05 02:23:51,19.47,51.62,380.0,0,1,0,0,0
2026-10-05 02:24:21,19.69,51.11,377.6,0,0,0,0,0
2026-10-05 02:24:51,19.44,51.33,377.9,0,0,0,0,0
2026-10-05 02:25:21,19.52,50.77,379.2,0,0,0,0,0
2026-10-05 02:25:51,19.25,50.83,377.4,0,0,0,0,0
2026-10-05 02:26:21,19.82,50.96,377.6,0,0,0,0,0
2026-10-05 02:26:51,19.54,51.12,376.8,0,0,0,0,0
2026-10-05 02:27:21,19.39,51.03,376.9,0,0,0,0,0
2026-10-05 02:27:51,19.7,50.85,377.3,0,0,0,0,0
2026-10-05 02:28:21,19.48,50.6,376.6,0,0,0,0,0
2026-10-05 02:28:51,19.34,50.83,374.2,0,1,0,0,0
2026-10-05 02:29:21,19.48,51.03,372.6,0,1,0,0,0
2026-10-05 02:29:51,19.56,51.22,373.6,0,0,0,0,0
2026-10-05 02:30:21,19.57,51.54,375.8,0,0,0,0,0
2026-10-05 02:30:51,19.7,51.02,375.0,0,0,0,0,0
2026-10-05 02:31:21,19.45,51.8,375.6,0,0,0,0,0
2026-10-05 02:31:51,19.51,51.12,372.2,0,0,0,0,0
2026-10-05 02:32:21,19.45,51.0,373.6,0,0,0,0,0
2026-10-05 02:32:51,19.32,51.18,373.0,0,0,0,0,0
2026-10-05 02:33:21,19.47,51.5,372.4,0,0,0,0,0
2026-10-05 02:33:51,19.67,51.56,371.6,0,0,0,0,0
2026-10-05 02:34:21,19.44,50.77,371.0,0,1,0,0,0
2026-10-05 02:34:51,19.53,50.84,370.7,0,0,0,0,0
2026-10-05 02:35:21,19.44,51.1,370.6,0,0,0,0,0
2026-10-05 02:35:51,19.59,50.89,370.3,0,0,0,0,0
2026-10-05 02:36:21,19.47,50.78,371.5,0,1,0,0,0
2026-10-05 02:36:51,19.5,50.67,372.1,0,0,0,0,0
2026-10-05 02:37:21,19.4,50.98,372.7,0,0,0,0,0
2026-10-05 02:37:51,19.33,51.02,371.7,0,0,0,0,0
2026-10-05 02:38:21,19.49,50.7,371.3,0,0,0,0,0
2026-10-05 02:38:51,19.5,50.84,370.0,0,1,0,0,0
2026-10-05 02:39:21,19.46,50.88,370.4,0,0,0,0,0
2026-10-05 02:39:51,19.66,51.17,371.0,0,0,0,0,0
2026-10-05 02:40:21,19.41,51.48,371.3,0,0,0,0,0
2026-10-05 02:40:51,19.64,51.63,370.0,0,0,0,0,0
2026-10-05 02:41:21,19.77,50.35,370.0,0,0,0,0,0
2026-10-05 02:41:51,19.54,51.14,370.0,0,0,0,0,0
2026-10-05 02:42:21,19.4,51.2,370.6,0,0,0,0,0
2026-10-05 02:42:51,19.64,51.15,370.0,0,0,0,0,0
2026-10-05 02:43:21,19.64,50.39,371.7,0,0,0,0,0
2026-10-05 02:43:51,19.35,51.26,373.7,0,0,0,0,0
2026-10-05 02:44:21,19.55,50.89,374.8,0,0,0,0,0
2026-10-05 02:44:51,19.35,51.66,372.1,0,0,0,0,0
2026-10-05 02:45:21,19.52,51.56,372.2,0,0,0,0,0
2026-10-05 02:45:51,19.26,51.36,374.3,0,0,0,0,0
2026-10-05 02:46:21,19.66,51.66,372.9,0,0,0,0,0
2026-10-05 02:46:51,19.56,51.05,373.0,0,0,0,0,0
2026-10-05 02:47:21,20.39,52.44,374.2,1,13,0,0,0
2026-10-05 02:47:51,19.53,50.91,372.7,0,0,0,0,0
2026-10-05 02:48:21,19.46,50.52,373.3,0,0,0,0,0
2026-10-05 02:48:51,19.59,50.33,374.2,0,1,0,0,0
2026-10-05 02:49:21,19.64,50.84,374.2,0,0,0,0,0
2026-10-05 02:49:51,19.44,50.15,375.4,0,0,0,0,0
2026-10-05 02:50:21,19.55,50.97,375.1,0,0,0,0,0
2026-10-05 02:50:51,19.67,50.98,376.1,0,0,0,0,0
2026-10-05 02:51:21,19.68,51.06,376.9,0,0,0,0,0
2026-10-05 02:51:51,19.6,51.38,375.5,0,0,0,0,0
2026-10-05 02:52:21,19.61,51.1,374.6,0,0,0,0,0
2026-10-05 02:52:51,19.64,50.73,372.6,0,0,0,0,0
2026-10-05 02:53:21,19.49,50.97,371.5,0,0,0,0,0
2026-10-05 02:53:51,19.74,50.44,371.1,0,0,0,0,0
2026-10-05 02:54:21,19.52,51.35,370.0,0,0,0,0,0
2026-10-05 02:54:51,19.55,51.06,370.7,0,0,0,0,0
2026-10-05 02:55:21,19.55,51.07,370.6,0,0,0,0,0
2026-10-05 02:55:51,19.4,51.36,371.0,0,0,0,0,0
2026-10-05 02:56:21,19.49,50.66,370.0,0,0,0,0,0
2026-10-05 02:56:51,19.55,100.0,370.0,0,0,0,1,1
2026-10-05 02:57:21,19.53,51.14,370.0,0,0,0,0,0
2026-10-05 02:57:51,19.23,51.52,370.0,0,0,0,0,0
2026-10-05 02:58:21,19.39,51.76,370.4,0,0,0,0,0
2026-10-05 02:58:51,19.53,51.49,371.6,0,0,0,0,0
2026-10-05 02:59:21,19.38,50.97,370.0,0,0,0,0,0
2026-10-05 02:59:51,19.68,51.11,370.0,0,0,0,0,0
2026-10-05 03:00:21,19.59,51.07,370.4,0,0,0,0,0
2026-10-05 03:00:51,19.58,50.72,370.1,0,0,0,0,0
2026-10-05 03:01:21,19.52,50.92,370.7,0,0,0,0,0
2026-10-05 03:01:51,19.41,51.3,372.9,0,1,0,0,0
2026-10-05 03:02:21,19.48,51.29,372.1,0,0,0,0,0
2026-10-05 03:02:51,19.55,51.42,372.1,0,0,0,0,0
2026-10-05 03:03:21,19.67,51.16,372.5,0,0,0,0,0
2026-10-05 03:03:51,19.3,51.18,373.9,0,0,0,0,0
2026-10-05 03:04:21,19.41,51.05,373.9,0,0,0,0,0
2026-10-05 03:04:51,19.32,50.93,375.6,0,0,0,0,0
2026-10-05 03:05:21,19.42,49.97,375.2,0,0,0,0,0
2026-10-05 03:05:51,19.39,51.0,377.5,0,0,0,0,0
2026-10-05 03:06:21,19.65,51.06,377.5,0,0,0,0,0
2026-10-05 03:06:51,19.99,51.82,378.5,1,13,0,0,0
2026-10-05 03:07:21,19.67,51.39,379.3,0,0,0,0,0
2026-10-05 03:07:51,19.65,50.58,380.2,0,0,0,0,0
2026-10-05 03:08:21,19.72,51.33,379.4,0,0,0,0,0
2026-10-05 03:08:51,19.51,51.17,381.4,0,1,0,0,0
2026-10-05 03:09:21,19.58,50.67,379.7,0,0,0,0,0
2026-10-05 03:09:51,19.72,51.44,379.8,0,0,0,0,0
2026-10-05 03:10:21,19.48,51.23,382.3,0,0,0,0,0
2026-10-05 03:10:51,19.64,50.67,383.9,0,0,0,0,0
2026-10-05 03:11:21,19.62,51.69,384.0,0,1,0,0,0
2026-10-05 03:11:51,19.7,51.22,383.3,0,1,0,0,0
2026-10-05 03:12:21,20.13,51.58,388.5,1,9,0,0,0
2026-10-05 03:12:51,19.49,50.56,387.7,0,0,0,0,0
2026-10-05 03:13:21,19.41,50.43,388.9,0,0,0,0,0
2026-10-05 03:13:51,19.61,51.51,389.2,0,0,0,0,0
2026-10-05 03:14:21,19.28,50.35,391.2,0,0,0,0,0
2026-10-05 03:14:51,19.6,51.04,391.1,0,0,0,0,0
2026-10-05 03:15:21,19.82,51.2,392.0,0,0,0,0,0
2026-10-05 03:15:51,19.54,51.37,388.7,0,1,0,0,0
2026-10-05 03:16:21,19.44,51.04,390.4,0,0,0,0,0
2026-10-05 03:16:51,19.38,50.62,391.2,0,0,0,0,0
2026-10-05 03:17:21,19.54,50.47,390.1,0,0,0,0,0
2026-10-05 03:17:51,19.67,51.2,390.1,0,0,0,0,0
2026-10-05 03:18:21,20.5,52.55,393.8,1,5,0,0,0
2026-10-05 03:18:51,20.36,52.17,395.9,1,12,0,0,0
2026-10-05 03:19:21,19.35,51.69,393.5,0,0,0,0,0
2026-10-05 03:19:51,19.48,50.73,393.5,0,0,0,0,0
2026-10-05 03:20:21,19.37,50.96,392.7,0,0,0,0,0
2026-10-05 03:20:51,19.45,50.83,393.1,0,0,0,0,0
2026-10-05 03:21:21,19.48,51.16,392.9,0,0,0,0,0
2026-10-05 03:21:51,19.7,51.47,393.4,0,0,0,0,0
2026-10-05 03:22:21,19.42,51.05,394.1,0,0,0,0,0
2026-10-05 03:22:51,19.56,51.13,393.0,0,0,0,0,0
2026-10-05 03:23:21,19.65,51.04,392.3,0,0,0,0,0
2026-10-05 03:23:51,19.51,50.94,391.6,0,0,0,0,0
2026-10-05 03:24:21,19.41,50.72,392.5,0,0,0,0,0
2026-10-05 03:24:51,19.63,50.83,392.6,0,0,0,0,0
2026-10-05 03:25:21,19.44,51.37,393.0,0,0,0,0,0
2026-10-05 03:25:51,19.73,50.94,394.5,0,0,0,0,0
2026-10-05 03:26:21,19.16,51.14,393.4,0,0,0,0,0
2026-10-05 03:26:51,19.28,51.29,393.4,0,0,0,0,0
2026-10-05 03:27:21,19.6,51.32,392.8,0,0,0,0,0
2026-10-05 03:27:51,19.5,51.03,394.3,0,0,0,0,0
2026-10-05 03:28:21,19.46,50.8,393.7,0,0,0,0,0
2026-10-05 03:28:51,19.43,50.13,393.4,0,1,0,0,0
2026-10-05 03:29:21,19.39,51.13,390.3,0,0,0,0,0
2026-10-05 03:29:51,19.55,51.17,391.1,0,1,0,0,0
2026-10-05 03:30:21,19.23,51.37,392.3,0,0,0,0,0
2026-10-05 03:30:51,19.65,50.78,392.0,0,0,0,0,0
2026-10-05 03:31:21,19.64,50.61,390.7,0,0,0,0,0
2026-10-05 03:31:51,19.38,51.24,391.8,0,0,0,0,0
2026-10-05 03:32:21,19.4,51.25,392.5,0,0,0,0,0
2026-10-05 03:32:51,19.67,51.17,390.6,0,0,0,0,0
2026-10-05 03:33:21,19.45,51.2,390.5,0,0,0,0,0
2026-10-05 03:33:51,19.68,50.87,388.0,0,0,0,0,0
2026-10-05 03:34:21,19.51,51.01,388.2,0,0,0,0,0
2026-10-05 03:34:51,19.43,50.53,386.7,0,1,0,0,0
2026-10-05 03:35:21,19.78,50.81,386.8,0,0,0,0,0
2026-10-05 03:35:51,19.67,51.13,387.7,0,0,0,0,0
2026-10-05 03:36:21,19.34,50.74,387.4,0,0,0,0,0
2026-10-05 03:36:51,19.48,50.96,387.7,0,0,0,0,0
2026-10-05 03:37:21,19.53,51.71,388.8,0,0,0,0,0
2026-10-05 03:37:51,19.6,51.32,387.1,0,0,0,0,0
2026-10-05 03:38:21,19.47,50.74,388.5,0,0,0,0,0
2026-10-05 03:38:51,19.65,51.12,387.6,0,0,0,0,0
2026-10-05 03:39:21,19.73,50.81,387.4,0,0,0,0,0
2026-10-05 03:39:51,19.42,51.69,390.0,0,0,0,0,0
2026-10-05 03:40:21,19.57,51.04,390.4,0,0,0,0,0
2026-10-05 03:40:51,19.62,51.28,391.7,0,0,0,0,0
2026-10-05 03:41:21,19.57,51.2,391.6,0,0,0,0,0
2026-10-05 03:41:51,19.41,51.17,391.6,0,0,0,0,0
2026-10-05 03:42:21,19.62,50.82,388.3,0,0,0,0,0
2026-10-05 03:42:51,19.42,51.42,386.5,0,0,0,0,0
2026-10-05 03:43:21,19.33,51.15,386.5,0,0,0,0,0
2026-10-05 03:43:51,19.43,50.84,385.8,0,0,0,0,0
2026-10-05 03:44:21,19.31,50.8,385.2,0,0,0,0,0
2026-10-05 03:44:51,19.35,51.1,384.8,0,0,0,0,0
2026-10-05 03:45:21,19.56,50.72,387.8,0,1,0,0,0
2026-10-05 03:45:51,19.84,50.9,387.7,0,0,0,0,0
2026-10-05 03:46:21,19.62,50.31,385.3,0,0,0,0,0
2026-10-05 03:46:51,19.3,51.31,384.3,0,0,0,0,0
2026-10-05 03:47:21,20.27,52.24,386.4,1,8,0,0,0
2026-10-05 03:47:51,19.64,50.68,388.5,0,0,0,0,0
2026-10-05 03:48:21,19.8,50.62,388.2,0,0,0,0,0
2026-10-05 03:48:51,19.5,50.37,384.9,0,0,0,0,0
2026-10-05 03:49:21,19.38,51.0,385.6,0,1,0,0,0
2026-10-05 03:49:51,19.69,51.2,386.8,0,0,0,0,0
2026-10-05 03:50:21,19.59,51.28,386.0,0,0,0,0,0
2026-10-05 03:50:51,19.5,51.25,385.1,0,0,0,0,0
2026-10-05 03:51:21,19.62,50.5,384.5,0,0,0,0,0
2026-10-05 03:51:51,19.47,50.71,384.0,0,0,0,0,0
2026-10-05 03:52:21,19.7,51.13,384.3,0,0,0,0,0
2026-10-05 03:52:51,19.47,51.05,384.0,0,0,0,0,0
2026-10-05 03:53:21,19.62,51.43,382.4,0,0,0,0,0
2026-10-05 03:53:51,19.64,51.43,380.4,0,0,0,0,0
2026-10-05 03:54:21,19.94,50.2,379.9,0,0,0,0,0
2026-10-05 03:54:51,19.86,50.65,380.1,0,0,0,0,0
2026-10-05 03:55:21,19.54,50.92,380.6,0,0,0,0,0
2026-10-05 03:55:51,19.26,50.8,381.4,0,1,0,0,0
2026-10-05 03:56:21,20.31,52.0,383.9,1,3,0,0,0
2026-10-05 03:56:51,19.8,50.87,385.2,0,0,0,0,0
2026-10-05 03:57:21,19.5,50.76,384.7,0,0,0,0,0
2026-10-05 03:57:51,19.36,50.25,385.8,0,0,0,0,0
2026-10-05 03:58:21,19.45,51.25,385.3,0,0,0,0,0
2026-10-05 03:58:51,19.71,51.0,385.5,0,0,0,0,0
2026-10-05 03:59:21,19.74,50.26,385.5,0,0,0,0,0
2026-10-05 03:59:51,19.44,50.68,385.5,0,0,0,0,0
2026-10-05 04:00:21,19.56,50.96,384.2,0,0,0,0,0
2026-10-05 04:00:51,19.6,50.37,382.5,0,0,0,0,0
2026-10-05 04:01:21,19.84,51.04,382.5,0,0,0,0,0
2026-10-05 04:01:51,19.55,50.86,383.3,0,0,0,0,0
2026-10-05 04:02:21,19.62,50.55,381.4,0,0,0,0,0
2026-10-05 04:02:51,19.45,51.48,382.3,0,0,0,0,0
2026-10-05 04:03:21,19.51,51.0,380.7,0,0,0,0,0
2026-10-05 04:03:51,19.77,50.82,380.6,0,0,0,0,0
2026-10-05 04:04:21,19.75,49.99,379.7,0,0,0,0,0
2026-10-05 04:04:51,19.5,49.87,379.7,0,0,0,0,0
2026-10-05 04:05:21,19.68,51.11,378.0,0,0,0,0,0
2026-10-05 04:05:51,20.19,52.18,380.2,1,8,0,0,0
2026-10-05 04:06:21,19.55,50.37,379.9,0,0,0,0,0
2026-10-05 04:06:51,19.65,51.46,379.1,0,0,0,0,0
2026-10-05 04:07:21,19.6,50.59,377.5,0,0,0,0,0
2026-10-05 04:07:51,19.82,50.47,376.1,0,0,0,0,0
2026-10-05 04:08:21,19.73,51.09,378.1,0,0,0,0,0
2026-10-05 04:08:51,19.62,51.37,375.9,0,0,0,0,0
2026-10-05 04:09:21,19.78,51.06,375.6,0,0,0,0,0
2026-10-05 04:09:51,19.58,50.21,372.8,0,0,0,0,0
2026-10-05 04:10:21,19.67,50.67,373.4,0,0,0,0,0
2026-10-05 04:10:51,19.63,49.97,372.6,0,0,0,0,0
2026-10-05 04:11:21,19.42,50.79,372.5,0,0,0,0,0
2026-10-05 04:11:51,20.41,52.13,373.7,1,12,0,0,0
2026-10-05 04:12:21,19.63,50.89,372.3,0,0,0,0,0
2026-10-05 04:12:51,19.72,50.81,372.5,0,1,0,0,0
2026-10-05 04:13:21,19.49,51.34,372.6,0,0,0,0,0
2026-10-05 04:13:51,19.64,50.88,372.8,0,0,0,0,0
2026-10-05 04:14:21,19.65,50.78,373.8,0,1,0,0,0
2026-10-05 04:14:51,19.73,51.42,371.5,0,0,0,0,0
2026-10-05 04:15:21,19.83,51.48,370.3,0,0,0,0,0
2026-10-05 04:15:51,19.71,51.27,370.0,0,0,0,0,0
2026-10-05 04:16:21,19.66,51.51,370.5,0,0,0,0,0
2026-10-05 04:16:51,19.62,50.78,370.7,0,0,0,0,0
2026-10-05 04:17:21,19.7,50.94,370.0,0,0,0,0,0
2026-10-05 04:17:51,19.67,50.1,370.2,0,1,0,0,0
2026-10-05 04:18:21,19.53,50.63,370.7,0,0,0,0,0
2026-10-05 04:18:51,19.79,51.28,370.0,0,0,0,0,0
2026-10-05 04:19:21,19.73,50.48,370.1,0,0,0,0,0
2026-10-05 04:19:51,19.69,50.48,370.0,0,0,0,0,0
2026-10-05 04:20:21,19.79,50.63,370.0,0,0,0,0,0
2026-10-05 04:20:51,19.61,50.9,370.0,0,0,0,0,0
2026-10-05 04:21:21,20.31,52.29,371.3,1,12,0,0,0
2026-10-05 04:21:51,19.77,50.43,371.6,0,0,0,0,0
2026-10-05 04:22:21,19.69,51.34,370.8,0,0,0,0,0
2026-10-05 04:22:51,19.64,51.23,371.3,0,1,0,0,0
2026-10-05 04:23:21,19.43,50.44,372.6,0,0,0,0,0
2026-10-05 04:23:51,19.91,50.55,372.5,0,0,0,0,0
2026-10-05 04:24:21,19.78,50.73,371.6,0,0,0,0,0
2026-10-05 04:24:51,19.68,50.84,370.8,0,0,0,0,0
2026-10-05 04:25:21,19.62,50.79,370.8,0,0,0,0,0
2026-10-05 04:25:51,19.81,50.59,370.5,0,0,0,0,0
2026-10-05 04:26:21,19.5,51.06,371.1,0,0,0,0,0
2026-10-05 04:26:51,19.64,50.17,371.1,0,0,0,0,0
2026-10-05 04:27:21,19.83,50.56,373.3,0,0,0,0,0
2026-10-05 04:27:51,19.68,50.32,373.1,0,0,0,0,0
2026-10-05 04:28:21,19.79,50.86,373.4,0,0,0,0,0
2026-10-05 04:28:51,19.84,50.94,372.8,0,0,0,0,0
2026-10-05 04:29:21,19.69,50.54,372.0,0,0,0,0,0
2026-10-05 04:29:51,19.75,50.51,372.0,0,0,0,0,0
2026-10-05 04:30:21,20.0,50.87,370.0,0,0,0,0,0
2026-10-05 04:30:51,19.63,50.56,370.0,0,0,0,0,0
2026-10-05 04:31:21,19.82,50.88,370.4,0,0,0,0,0
2026-10-05 04:31:51,19.74,50.71,370.0,0,0,0,0,0
2026-10-05 04:32:21,19.86,50.45,370.4,0,0,0,0,0
2026-10-05 04:32:51,19.62,50.74,370.6,0,0,0,0,0
2026-10-05 04:33:21,19.69,50.39,370.0,0,0,0,0,0
2026-10-05 04:33:51,19.59,50.77,370.0,0,0,0,0,0
2026-10-05 04:34:21,19.54,51.19,371.4,0,0,0,0,0
2026-10-05 04:34:51,19.66,50.79,372.4,0,0,0,0,0
2026-10-05 04:35:21,19.38,50.83,370.0,0,0,0,0,0
2026-10-05 04:35:51,19.76,50.19,370.0,0,0,0,0,0
2026-10-05 04:36:21,19.82,50.06,370.5,0,0,0,0,0
2026-10-05 04:36:51,19.53,50.86,370.0,0,0,0,0,0
2026-10-05 04:37:21,19.77,51.18,371.2,0,1,0,0,0
2026-10-05 04:37:51,19.83,51.22,371.3,0,0,0,0,0
2026-10-05 04:38:21,19.55,51.03,370.4,0,0,0,0,0
2026-10-05 04:38:51,20.01,51.17,370.7,0,0,0,0,0
2026-10-05 04:39:21,19.84,50.24,370.0,0,0,0,0,0
2026-10-05 04:39:51,20.4,52.42,372.9,1,11,0,0,0
2026-10-05 04:40:21,19.68,50.72,372.2,0,0,0,0,0
2026-10-05 04:40:51,19.65,50.56,373.9,0,0,0,0,0
2026-10-05 04:41:21,19.46,50.79,373.1,0,0,0,0,0
2026-10-05 04:41:51,19.5,50.86,372.9,0,0,0,0,0
2026-10-05 04:42:21,19.63,50.69,373.0,0,0,0,0,0
2026-10-05 04:42:51,19.66,50.38,373.4,0,0,0,0,0
2026-10-05 04:43:21,19.7,50.3,374.8,0,0,0,0,0
2026-10-05 04:43:51,19.68,51.08,375.3,0,0,0,0,0
2026-10-05 04:44:21,19.97,51.04,376.3,0,0,0,0,0
2026-10-05 04:44:51,19.83,50.39,376.0,0,0,0,0,0
2026-10-05 04:45:21,19.88,50.63,374.5,0,0,0,0,0
2026-10-05 04:45:51,19.6,51.37,374.4,0,0,0,0,0
2026-10-05 04:46:21,19.75,50.37,374.4,0,0,0,0,0
2026-10-05 04:46:51,19.97,50.98,375.2,0,0,0,0,0
2026-10-05 04:47:21,19.55,50.78,376.8,0,1,0,0,0
2026-10-05 04:47:51,19.63,50.76,376.2,0,0,0,0,0
2026-10-05 04:48:21,19.65,50.75,375.2,0,0,0,0,0
2026-10-05 04:48:51,19.68,50.57,375.1,0,0,0,0,0
2026-10-05 04:49:21,19.68,50.68,374.6,0,0,0,0,0
2026-10-05 04:49:51,19.69,50.96,374.5,0,0,0,0,0
2026-10-05 04:50:21,19.8,51.09,375.2,0,0,0,0,0
2026-10-05 04:50:51,19.71,50.28,374.9,0,0,0,0,0
2026-10-05 04:51:21,19.79,51.13,374.9,0,0,0,0,0
2026-10-05 04:51:51,19.76,50.98,374.6,0,0,0,0,0
2026-10-05 04:52:21,19.69,50.34,373.5,0,0,0,0,0
2026-10-05 04:52:51,20.01,50.47,374.7,0,0,0,0,0
2026-10-05 04:53:21,20.2,52.36,378.7,1,10,0,0,0
2026-10-05 04:53:51,19.62,50.5,377.6,0,0,0,0,0
2026-10-05 04:54:21,20.02,50.41,379.6,0,1,0,0,0
2026-10-05 04:54:51,19.81,51.3,379.5,0,0,0,0,0
2026-10-05 04:55:21,20.03,50.87,380.2,0,0,0,0,0
2026-10-05 04:55:51,19.93,50.72,379.4,0,0,0,0,0
2026-10-05 04:56:21,19.79,50.54,377.6,0,0,0,0,0
2026-10-05 04:56:51,19.76,50.6,377.3,0,0,0,0,0
2026-10-05 04:57:21,20.07,50.78,376.4,0,0,0,0,0
2026-10-05 04:57:51,19.75,50.62,376.2,0,0,0,0,0
2026-10-05 04:58:21,19.98,50.54,376.5,0,0,0,0,0
2026-10-05 04:58:51,19.78,50.98,377.0,0,0,0,0,0
2026-10-05 04:59:21,19.87,50.27,377.8,0,0,0,0,0
2026-10-05 04:59:51,19.75,50.61,378.0,0,0,0,0,0
2026-10-05 05:00:21,19.74,50.41,376.4,0,0,0,0,0
2026-10-05 05:00:51,19.54,50.98,376.9,0,0,0,0,0
2026-10-05 05:01:21,19.89,50.0,376.8,0,0,0,0,0
2026-10-05 05:01:51,20.34,52.83,379.7,1,4,0,0,0
2026-10-05 05:02:21,19.85,50.17,381.4,0,0,0,0,0
2026-10-05 05:02:51,19.68,50.71,381.1,0,0,0,0,0
2026-10-05 05:03:21,19.96,50.76,379.3,0,1,0,0,0
2026-10-05 05:03:51,19.77,50.71,379.7,0,0,0,0,0
2026-10-05 05:04:21,19.82,50.49,380.8,0,0,0,0,0
2026-10-05 05:04:51,19.89,50.29,380.1,0,0,0,0,0
2026-10-05 05:05:21,19.96,50.8,378.4,0,0,0,0,0
2026-10-05 05:05:51,19.83,50.2,378.6,0,0,0,0,0
2026-10-05 05:06:21,19.72,50.78,378.5,0,0,0,0,0
2026-10-05 05:06:51,19.38,50.27,378.3,0,0,0,0,0
2026-10-05 05:07:21,19.73,51.52,376.0,0,0,0,0,0
2026-10-05 05:07:51,19.76,50.44,375.5,0,0,0,0,0
2026-10-05 05:08:21,19.69,50.71,375.1,0,0,0,0,0
2026-10-05 05:08:51,19.86,50.68,372.6,0,0,0,0,0
2026-10-05 05:09:21,19.98,51.04,371.5,0,0,0,0,0
2026-10-05 05:09:51,19.83,50.68,370.8,0,0,0,0,0
2026-10-05 05:10:21,19.85,50.47,371.3,0,0,0,0,0
2026-10-05 05:10:51,19.99,50.46,370.9,0,0,0,0,0
2026-10-05 05:11:21,19.72,50.73,371.7,0,0,0,0,0
2026-10-05 05:11:51,19.77,50.02,372.3,0,0,0,0,0
2026-10-05 05:12:21,19.88,50.92,372.9,0,1,0,0,0
2026-10-05 05:12:51,19.95,50.65,373.3,0,0,0,0,0
2026-10-05 05:13:21,19.93,50.92,373.8,0,0,0,0,0
2026-10-05 05:13:51,19.81,50.65,376.4,0,0,0,0,0
2026-10-05 05:14:21,19.71,50.48,375.4,0,0,0,0,0
2026-10-05 05:14:51,19.84,50.55,373.2,0,1,0,0,0
2026-10-05 05:15:21,19.96,50.28,371.5,0,0,0,0,0
2026-10-05 05:15:51,20.01,50.71,370.0,0,0,0,0,0
2026-10-05 05:16:21,20.13,50.19,371.0,0,0,0,0,0
2026-10-05 05:16:51,19.96,50.34,371.4,0,0,0,0,0
2026-10-05 05:17:21,19.75,50.28,370.2,0,0,0,0,0
2026-10-05 05:17:51,20.11,50.25,370.0,0,0,0,0,0
2026-10-05 05:18:21,19.88,50.7,370.0,0,0,0,0,0
2026-10-05 05:18:51,19.81,50.58,370.9,0,0,0,0,0
2026-10-05 05:19:21,19.97,50.02,371.7,0,0,0,0,0
2026-10-05 05:19:51,20.08,50.59,371.8,0,0,0,0,0
2026-10-05 05:20:21,20.0,50.66,373.6,0,0,0,0,0
2026-10-05 05:20:51,19.94,50.16,375.1,0,0,0,0,0
2026-10-05 05:21:21,19.63,50.99,376.2,0,1,0,0,0
2026-10-05 05:21:51,19.93,50.52,377.3,0,0,0,0,0
2026-10-05 05:22:21,19.75,50.65,378.3,0,0,0,0,0
2026-10-05 05:22:51,19.78,50.72,377.8,0,0,0,0,0
2026-10-05 05:23:21,20.16,50.71,377.9,0,0,0,0,0
2026-10-05 05:23:51,20.04,50.41,378.9,0,0,0,0,0
2026-10-05 05:24:21,20.02,50.2,378.6,0,0,0,0,0
2026-10-05 05:24:51,19.87,49.44,378.1,0,0,0,0,0
2026-10-05 05:25:21,19.78,50.9,376.1,0,0,0,0,0
2026-10-05 05:25:51,19.84,50.08,376.0,0,0,0,0,0
2026-10-05 05:26:21,20.0,50.48,375.6,0,0,0,0,0
2026-10-05 05:26:51,19.86,49.57,378.2,0,0,0,0,0
2026-10-05 05:27:21,20.56,52.42,379.8,1,13,0,0,0
2026-10-05 05:27:51,20.17,50.9,379.0,0,0,0,0,0
2026-10-05 05:28:21,19.89,50.54,380.8,0,0,0,0,0
2026-10-05 05:28:51,19.97,50.58,380.0,0,0,0,0,0
2026-10-05 05:29:21,20.11,50.66,382.4,0,0,0,0,0
2026-10-05 05:29:51,20.04,50.65,381.4,0,1,0,0,0
2026-10-05 05:30:21,20.05,50.59,383.4,0,0,0,0,0
2026-10-05 05:30:51,20.17,50.86,383.3,0,0,0,0,0
2026-10-05 05:31:21,20.2,50.83,382.8,0,0,0,0,0
2026-10-05 05:31:51,20.2,50.44,383.6,0,0,0,0,0
2026-10-05 05:32:21,20.06,50.54,385.1,0,0,0,0,0
2026-10-05 05:32:51,19.78,50.11,385.1,0,1,0,0,0
2026-10-05 05:33:21,20.0,50.6,384.5,0,0,0,0,0
2026-10-05 05:33:51,20.12,50.24,383.9,0,0,0,0,0
2026-10-05 05:34:21,19.97,50.8,384.1,0,0,0,0,0
2026-10-05 05:34:51,20.03,49.76,383.3,0,0,0,0,0
2026-10-05 05:35:21,20.03,50.47,383.6,0,0,0,0,0
2026-10-05 05:35:51,19.99,50.22,384.3,0,0,0,0,0
2026-10-05 05:36:21,19.82,50.33,385.0,0,0,0,0,0
2026-10-05 05:36:51,20.17,49.96,384.2,0,0,0,0,0
2026-10-05 05:37:21,20.16,50.6,383.9,0,0,0,0,0
2026-10-05 05:37:51,19.93,50.57,384.3,0,0,0,0,0
2026-10-05 05:38:21,20.18,50.57,385.6,0,0,0,0,0
2026-10-05 05:38:51,19.9,49.71,388.0,0,0,0,0,0
2026-10-05 05:39:21,20.07,50.13,389.3,0,0,0,0,0
2026-10-05 05:39:51,19.92,49.57,388.2,0,0,0,0,0
2026-10-05 05:40:21,20.09,50.36,388.7,0,0,0,0,0
2026-10-05 05:40:51,20.91,51.83,391.9,1,5,0,0,0
2026-10-05 05:41:21,20.16,50.3,392.4,0,1,0,0,0
2026-10-05 05:41:51,19.99,50.06,393.9,0,0,0,0,0
2026-10-05 05:42:21,20.26,50.35,393.2,0,1,0,0,0
2026-10-05 05:42:51,20.08,50.21,394.4,0,1,0,0,0
2026-10-05 05:43:21,20.17,50.26,392.7,0,0,0,0,0
2026-10-05 05:43:51,20.08,49.88,390.4,0,0,0,0,0
2026-10-05 05:44:21,20.32,49.92,389.2,0,0,0,0,0
2026-10-05 05:44:51,20.2,50.89,388.3,0,0,0,0,0
2026-10-05 05:45:21,20.15,49.98,388.7,0,0,0,0,0
2026-10-05 05:45:51,20.07,50.33,386.8,0,0,0,0,0
2026-10-05 05:46:21,20.34,49.94,386.3,0,0,0,0,0
2026-10-05 05:46:51,20.08,50.07,384.3,0,0,0,0,0
2026-10-05 05:47:21,20.32,50.28,382.0,0,0,0,0,0
2026-10-05 05:47:51,20.11,50.38,383.5,0,0,0,0,0
2026-10-05 05:48:21,20.24,50.24,382.3,0,0,0,0,0
2026-10-05 05:48:51,20.58,49.85,379.3,0,0,0,0,0
2026-10-05 05:49:21,20.42,49.96,379.7,0,0,0,0,0
2026-10-05 05:49:51,19.94,50.64,381.5,0,0,0,0,0
2026-10-05 05:50:21,20.11,50.2,383.2,0,0,0,0,0
2026-10-05 05:50:51,20.28,50.36,384.8,0,0,0,0,0
2026-10-05 05:51:21,20.06,49.67,383.9,0,0,0,0,0
2026-10-05 05:51:51,19.92,50.91,383.1,0,0,0,0,0
2026-10-05 05:52:21,20.35,49.96,382.0,0,0,0,0,0
2026-10-05 05:52:51,19.97,50.45,382.4,0,0,0,0,0
2026-10-05 05:53:21,20.12,50.57,382.8,0,0,0,0,0
2026-10-05 05:53:51,20.06,50.21,381.3,0,0,0,0,0
2026-10-05 05:54:21,20.39,50.46,381.4,0,0,0,0,0
2026-10-05 05:54:51,20.42,50.34,382.7,0,0,0,0,0
2026-10-05 05:55:21,20.28,50.43,384.9,0,0,0,0,0
2026-10-05 05:55:51,20.17,49.87,383.5,0,0,0,0,0
2026-10-05 05:56:21,19.99,50.07,385.6,0,0,0,0,0
2026-10-05 05:56:51,19.98,50.08,384.6,0,0,0,0,0
2026-10-05 05:57:21,20.22,50.21,385.2,0,0,0,0,0
2026-10-05 05:57:51,20.13,50.23,383.8,0,0,0,0,0
2026-10-05 05:58:21,20.3,50.57,381.5,0,0,0,0,0
2026-10-05 05:58:51,20.1,49.97,381.0,0,0,0,0,0
2026-10-05 05:59:21,20.18,49.87,381.4,0,0,0,0,0
2026-10-05 05:59:51,19.97,49.93,380.8,0,0,0,0,0
2026-10-05 06:00:21,20.16,50.34,380.4,0,0,0,0,0
2026-10-05 06:00:51,20.26,50.53,375.9,0,0,0,0,0
2026-10-05 06:01:21,19.95,49.89,375.3,0,0,0,0,0
2026-10-05 06:01:51,20.21,49.59,374.7,0,0,0,0,0
2026-10-05 06:02:21,20.13,50.48,372.3,0,0,0,0,0
2026-10-05 06:02:51,20.95,51.61,374.6,1,6,0,0,0
2026-10-05 06:03:21,20.34,49.8,375.1,0,0,0,0,0
2026-10-05 06:03:51,20.21,50.46,375.8,0,0,0,0,0
2026-10-05 06:04:21,20.23,49.66,374.6,0,0,0,0,0
2026-10-05 06:04:51,20.28,50.67,375.6,0,0,0,0,0
2026-10-05 06:05:21,20.3,50.0,372.3,0,0,0,0,0
2026-10-05 06:05:51,20.27,49.73,373.5,0,0,0,0,0
2026-10-05 06:06:21,20.19,50.14,371.7,0,0,0,0,0
2026-10-05 06:06:51,20.11,49.68,371.8,0,0,0,0,0
2026-10-05 06:07:21,20.47,49.63,370.6,0,0,0,0,0
2026-10-05 06:07:51,20.46,50.1,370.0,0,0,0,0,0
2026-10-05 06:08:21,20.48,50.1,370.0,0,0,0,0,0
2026-10-05 06:08:51,20.14,50.03,372.4,0,0,0,0,0
2026-10-05 06:09:21,20.27,50.16,374.6,0,0,0,0,0
2026-10-05 06:09:51,20.43,49.81,375.5,0,0,0,0,0
2026-10-05 06:10:21,20.54,50.3,373.9,0,1,0,0,0
2026-10-05 06:10:51,20.28,50.1,375.0,0,0,0,0,0
2026-10-05 06:11:21,20.55,50.36,373.4,0,0,0,0,0
2026-10-05 06:11:51,20.23,49.99,372.1,0,0,0,0,0
2026-10-05 06:12:21,20.08,49.95,372.8,0,0,0,0,0
2026-10-05 06:12:51,20.4,49.74,372.6,0,0,0,0,0
2026-10-05 06:13:21,20.32,49.61,373.6,0,0,0,0,0
2026-10-05 06:13:51,20.6,49.75,375.6,0,0,0,0,0
2026-10-05 06:14:21,20.49,49.83,377.6,0,0,0,0,0
2026-10-05 06:14:51,20.4,49.7,378.4,0,0,0,0,0
2026-10-05 06:15:21,20.05,49.8,377.8,0,0,0,0,0
2026-10-05 06:15:51,20.22,50.15,379.0,0,0,0,0,0
2026-10-05 06:16:21,20.44,50.22,379.9,0,0,0,0,0
2026-10-05 06:16:51,20.12,49.56,378.2,0,0,0,0,0
2026-10-05 06:17:21,20.2,50.22,378.5,0,0,0,0,0
2026-10-05 06:17:51,20.26,49.9,377.3,0,0,0,0,0
2026-10-05 06:18:21,20.18,50.34,378.0,0,1,0,0,0
2026-10-05 06:18:51,20.31,50.17,377.6,0,0,0,0,0
2026-10-05 06:19:21,20.49,49.8,378.6,0,1,0,0,0
2026-10-05 06:19:51,20.12,49.85,378.8,0,0,0,0,0
2026-10-05 06:20:21,20.58,49.81,376.1,0,0,0,0,0
2026-10-05 06:20:51,20.09,49.71,375.8,0,0,0,0,0
2026-10-05 06:21:21,20.4,50.14,375.3,0,0,0,0,0
2026-10-05 06:21:51,20.38,49.93,374.4,0,0,0,0,0
2026-10-05 06:22:21,20.79,49.91,375.0,0,0,0,0,0
2026-10-05 06:22:51,20.24,49.5,375.0,0,1,0,0,0
2026-10-05 06:23:21,20.27,50.63,374.1,0,0,0,0,0
2026-10-05 06:23:51,20.38,49.84,373.7,0,0,0,0,0
2026-10-05 06:24:21,20.25,49.98,372.1,0,0,0,0,0
2026-10-05 06:24:51,20.44,49.83,371.5,0,0,0,0,0
2026-10-05 06:25:21,20.46,50.33,371.7,0,0,0,0,0
2026-10-05 06:25:51,21.46,51.77,378.1,1,13,0,0,0
2026-10-05 06:26:21,20.57,49.92,377.1,0,0,0,0,0
2026-10-05 06:26:51,20.64,50.07,377.2,0,0,0,0,0
2026-10-05 06:27:21,20.37,48.87,378.0,0,0,0,0,0
2026-10-05 06:27:51,20.72,49.43,379.4,0,0,0,0,0
2026-10-05 06:28:21,20.63,49.54,379.0,0,1,0,0,0
2026-10-05 06:28:51,20.4,49.93,377.9,0,0,0,0,0
2026-10-05 06:29:21,20.25,49.67,377.7,0,0,0,0,0
2026-10-05 06:29:51,20.49,50.1,375.7,0,0,0,0,0
2026-10-05 06:30:21,20.9,49.36,374.8,0,0,0,0,0
2026-10-05 06:30:51,20.46,50.0,374.6,0,0,0,0,0
2026-10-05 06:31:21,20.26,50.26,373.7,0,0,0,0,0
2026-10-05 06:31:51,20.31,49.83,372.9,0,0,0,0,0
2026-10-05 06:32:21,20.38,49.77,372.2,0,0,0,0,0
2026-10-05 06:32:51,20.19,50.0,372.8,0,1,0,0,0
2026-10-05 06:33:21,20.79,49.83,371.7,0,0,0,0,0
2026-10-05 06:33:51,21.11,51.34,372.8,1,13,0,0,0
2026-10-05 06:34:21,20.61,49.28,372.9,0,0,0,0,0
2026-10-05 06:34:51,20.41,50.16,371.9,0,0,0,0,0
2026-10-05 06:35:21,20.55,49.75,371.4,0,0,0,0,0
2026-10-05 06:35:51,20.4,50.44,370.4,0,0,0,0,0
2026-10-05 06:36:21,20.69,49.86,370.3,0,0,0,0,0
2026-10-05 06:36:51,20.57,49.73,370.4,0,0,0,0,0
2026-10-05 06:37:21,20.57,49.3,371.3,0,0,0,0,0
2026-10-05 06:37:51,20.41,49.24,372.7,0,0,0,0,0
2026-10-05 06:38:21,20.82,49.36,372.3,0,0,0,0,0
2026-10-05 06:38:51,20.56,49.86,371.7,0,0,0,0,0
2026-10-05 06:39:21,20.35,49.27,372.2,0,0,0,0,0
2026-10-05 06:39:51,20.51,49.66,371.4,0,0,0,0,0
2026-10-05 06:40:21,20.57,49.39,372.8,0,0,0,0,0
2026-10-05 06:40:51,20.73,49.96,370.3,0,0,0,0,0
2026-10-05 06:41:21,20.5,49.9,370.4,0,1,0,0,0
2026-10-05 06:41:51,20.4,50.27,370.0,0,0,0,0,0
2026-10-05 06:42:21,20.76,49.81,370.0,0,0,0,0,0
2026-10-05 06:42:51,20.43,49.39,370.0,0,0,0,0,0
2026-10-05 06:43:21,20.76,50.22,371.2,0,0,0,0,0
2026-10-05 06:43:51,20.68,49.58,371.0,0,0,0,0,0
2026-10-05 06:44:21,20.91,49.95,372.4,0,0,0,0,0
2026-10-05 06:44:51,21.43,51.03,375.0,1,13,0,0,0
2026-10-05 06:45:21,20.45,49.16,375.6,0,0,0,0,0
2026-10-05 06:45:51,21.05,49.32,377.7,0,0,0,0,0
2026-10-05 06:46:21,20.71,49.34,376.4,0,0,0,0,0
2026-10-05 06:46:51,20.58,49.43,378.1,0,0,0,0,0
2026-10-05 06:47:21,20.6,49.59,376.2,0,0,0,0,0
2026-10-05 06:47:51,20.53,49.72,376.3,0,0,0,0,0
2026-10-05 06:48:21,20.9,49.91,376.7,0,0,0,0,0
2026-10-05 06:48:51,20.74,49.11,375.0,0,0,0,0,0
2026-10-05 06:49:21,20.58,49.57,373.1,0,0,0,0,0
2026-10-05 06:49:51,20.44,49.09,370.9,0,0,0,0,0
2026-10-05 06:50:21,20.58,48.74,371.9,0,0,0,0,0
2026-10-05 06:50:51,20.63,49.98,372.1,0,1,0,0,0
2026-10-05 06:51:21,20.65,49.33,370.0,0,0,0,0,0
2026-10-05 06:51:51,20.63,49.29,371.9,0,0,0,0,0
2026-10-05 06:52:21,20.75,49.77,371.2,0,0,0,0,0
2026-10-05 06:52:51,20.77,49.62,373.4,0,0,0,0,0
2026-10-05 06:53:21,20.55,49.38,373.5,0,0,0,0,0
2026-10-05 06:53:51,20.7,48.77,374.4,0,1,0,0,0
2026-10-05 06:54:21,20.96,50.3,375.8,0,0,0,0,0
2026-10-05 06:54:51,20.69,49.03,376.4,0,0,0,0,0
2026-10-05 06:55:21,20.45,49.12,374.9,0,0,0,0,0
2026-10-05 06:55:51,20.6,49.84,374.2,0,0,0,0,0
2026-10-05 06:56:21,20.57,50.32,376.1,0,0,0,0,0
2026-10-05 06:56:51,20.92,49.59,375.2,0,0,0,0,0
2026-10-05 06:57:21,20.99,49.5,375.0,0,0,0,0,0
2026-10-05 06:57:51,20.97,49.75,374.3,0,0,0,0,0
2026-10-05 06:58:21,20.58,49.23,374.2,0,0,0,0,0
2026-10-05 06:58:51,20.8,49.38,376.2,0,1,0,0,0
2026-10-05 06:59:21,20.56,49.62,377.1,0,0,0,0,0
2026-10-05 06:59:51,20.81,49.1,375.4,0,0,0,0,0
2026-10-05 07:00:21,20.66,48.83,373.5,0,0,0,0,0
2026-10-05 07:00:51,20.78,49.88,372.6,0,0,0,0,0
2026-10-05 07:01:21,20.81,49.81,373.4,0,0,0,0,0
2026-10-05 07:01:51,20.71,49.53,373.0,0,0,0,0,0
2026-10-05 07:02:21,20.71,49.23,372.7,0,1,0,0,0
2026-10-05 07:02:51,20.55,49.5,370.3,0,0,0,0,0
2026-10-05 07:03:21,20.89,49.76,370.8,0,1,0,0,0
2026-10-05 07:03:51,20.79,49.32,371.7,0,0,0,0,0
2026-10-05 07:04:21,20.59,49.72,372.6,0,0,0,0,0
2026-10-05 07:04:51,20.8,49.81,372.8,0,0,0,0,0
2026-10-05 07:05:21,20.89,49.13,375.4,0,0,0,0,0
2026-10-05 07:05:51,20.93,49.27,375.2,0,0,0,0,0
2026-10-05 07:06:21,20.83,49.14,375.8,0,0,0,0,0
2026-10-05 07:06:51,20.61,49.9,377.7,0,0,0,0,0
2026-10-05 07:07:21,21.64,50.89,382.2,1,8,0,0,0
2026-10-05 07:07:51,20.8,49.69,381.6,0,1,0,0,0
2026-10-05 07:08:21,20.7,49.43,381.2,0,0,0,0,0
2026-10-05 07:08:51,20.93,49.49,381.9,0,1,0,0,0
2026-10-05 07:09:21,20.89,49.08,380.3,0,1,0,0,0
2026-10-05 07:09:51,20.71,49.77,381.4,0,0,0,0,0
2026-10-05 07:10:21,20.69,49.67,381.0,0,0,0,0,0
2026-10-05 07:10:51,20.91,48.95,379.8,0,0,0,0,0
2026-10-05 07:11:21,21.08,49.09,381.0,0,0,0,0,0
2026-10-05 07:11:51,20.7,49.67,379.0,0,0,0,0,0
2026-10-05 07:12:21,20.78,49.38,380.1,0,1,0,0,0
2026-10-05 07:12:51,21.51,50.5,384.1,1,11,0,0,0
2026-10-05 07:13:21,21.11,49.58,382.7,0,0,0,0,0
2026-10-05 07:13:51,20.73,49.55,382.7,0,0,0,0,0
2026-10-05 07:14:21,21.06,49.35,381.1,0,0,0,0,0
2026-10-05 07:14:51,20.83,50.17,378.9,0,0,0,0,0
2026-10-05 07:15:21,21.08,49.39,380.5,0,0,0,0,0
2026-10-05 07:15:51,21.06,49.39,379.5,0,0,0,0,0
2026-10-05 07:16:21,20.65,49.38,377.5,0,0,0,0,0
2026-10-05 07:16:51,20.89,49.75,377.1,0,0,0,0,0
2026-10-05 07:17:21,20.79,49.14,377.3,0,0,0,0,0
2026-10-05 07:17:51,21.52,51.06,379.6,1,6,0,0,0
2026-10-05 07:18:21,21.14,49.57,377.1,0,0,0,0,0
2026-10-05 07:18:51,20.64,49.8,377.3,0,1,0,0,0
2026-10-05 07:19:21,21.01,49.0,378.7,0,0,0,0,0
2026-10-05 07:19:51,20.71,49.16,379.9,0,1,0,0,0
2026-10-05 07:20:21,20.81,49.18,379.8,0,0,0,0,0
2026-10-05 07:20:51,21.35,49.03,383.0,0,0,0,0,0
2026-10-05 07:21:21,21.23,48.74,382.6,0,1,0,0,0
2026-10-05 07:21:51,20.93,49.82,380.3,0,0,0,0,0
2026-10-05 07:22:21,21.12,49.08,380.8,0,0,0,0,0
2026-10-05 07:22:51,20.76,48.34,382.5,0,0,0,0,0
2026-10-05 07:23:21,20.8,48.95,381.0,0,0,0,0,0
2026-10-05 07:23:51,20.84,49.64,381.1,0,0,0,0,0
2026-10-05 07:24:21,21.83,50.58,385.8,1,3,0,0,0
2026-10-05 07:24:51,20.93,48.84,383.0,0,0,0,0,0
2026-10-05 07:25:21,21.04,49.0,382.6,0,0,0,0,0
2026-10-05 07:25:51,20.95,49.3,382.5,0,0,0,0,0
2026-10-05 07:26:21,20.84,49.06,382.2,0,0,0,0,0
2026-10-05 07:26:51,21.77,50.65,385.9,1,12,0,0,0
2026-10-05 07:27:21,21.95,50.36,389.4,1,12,0,0,0
2026-10-05 07:27:51,21.23,49.07,390.0,0,0,0,0,0
2026-10-05 07:28:21,21.17,48.91,390.4,0,0,0,0,0
2026-10-05 07:28:51,20.99,48.67,389.1,0,0,0,0,0
2026-10-05 07:29:21,21.08,49.2,388.1,0,0,0,0,0
2026-10-05 07:29:51,21.02,49.17,388.9,0,0,0,0,0
2026-10-05 07:30:21,20.88,49.09,389.5,0,0,0,0,0
2026-10-05 07:30:51,21.23,49.15,391.2,0,0,0,0,0
2026-10-05 07:31:21,21.0,49.18,392.4,0,0,0,0,0
2026-10-05 07:31:51,20.99,49.03,390.3,0,0,0,0,0
2026-10-05 07:32:21,21.2,48.97,389.6,0,0,0,0,0
2026-10-05 07:32:51,21.04,49.07,391.6,0,1,0,0,0
2026-10-05 07:33:21,20.92,49.07,389.4,0,0,0,0,0
2026-10-05 07:33:51,20.76,49.03,387.3,0,0,0,0,0
2026-10-05 07:34:21,21.0,49.42,389.0,0,0,0,0,0
2026-10-05 07:34:51,21.05,48.29,389.4,0,0,0,0,0
2026-10-05 07:35:21,20.99,49.23,389.6,0,0,0,0,0
2026-10-05 07:35:51,21.07,49.47,389.6,0,0,0,0,0
2026-10-05 07:36:21,20.9,49.52,389.1,0,0,0,0,0
2026-10-05 07:36:51,21.17,49.52,389.3,0,1,0,0,0
2026-10-05 07:37:21,21.35,48.72,389.1,0,0,0,0,0
2026-10-05 07:37:51,21.13,48.61,390.9,0,0,0,0,0
2026-10-05 07:38:21,21.26,49.31,389.2,0,0,0,0,0
2026-10-05 07:38:51,21.06,49.11,388.1,0,0,0,0,0
2026-10-05 07:39:21,21.08,49.38,387.2,0,0,0,0,0
2026-10-05 07:39:51,21.21,48.96,388.6,0,1,0,0,0
2026-10-05 07:40:21,21.02,48.53,389.1,0,0,0,0,0
2026-10-05 07:40:51,21.05,48.11,386.9,0,0,0,0,0
2026-10-05 07:41:21,21.43,49.19,385.9,0,1,0,0,0
2026-10-05 07:41:51,20.95,49.33,385.1,0,0,0,0,0
2026-10-05 07:42:21,21.08,49.01,384.4,0,1,0,0,0
2026-10-05 07:42:51,21.0,48.78,385.1,0,0,0,0,0
2026-10-05 07:43:21,20.92,49.22,385.6,0,0,0,0,0
2026-10-05 07:43:51,21.05,48.82,385.2,0,0,0,0,0
2026-10-05 07:44:21,21.34,49.98,382.6,0,1,0,0,0
2026-10-05 07:44:51,21.15,49.08,382.7,0,0,0,0,0
2026-10-05 07:45:21,21.31,49.05,380.0,0,0,0,0,0
2026-10-05 07:45:51,21.26,49.43,378.7,0,0,0,0,0
2026-10-05 07:46:21,21.39,49.12,379.1,0,0,0,0,0
2026-10-05 07:46:51,22.22,50.04,381.1,1,8,0,0,0
2026-10-05 07:47:21,21.35,48.71,381.6,0,0,0,0,0
2026-10-05 07:47:51,21.16,48.65,380.5,0,0,0,0,0
2026-10-05 07:48:21,20.98,48.76,381.4,0,0,0,0,0
2026-10-05 07:48:51,21.06,48.92,384.1,0,0,0,0,0
2026-10-05 07:49:21,21.3,49.21,382.5,0,0,0,0,0
2026-10-05 07:49:51,21.34,49.02,383.0,0,0,0,0,0
2026-10-05 07:50:21,21.11,49.02,382.9,0,0,0,0,0
2026-10-05 07:50:51,21.25,48.76,383.1,0,0,0,0,0
2026-10-05 07:51:21,21.33,49.06,384.6,0,0,0,0,0
2026-10-05 07:51:51,21.15,48.82,386.0,0,0,0,0,0
2026-10-05 07:52:21,21.11,49.51,385.1,0,0,0,0,0
2026-10-05 07:52:51,21.4,48.92,385.4,0,0,0,0,0
2026-10-05 07:53:21,21.12,48.32,385.4,0,0,0,0,0
2026-10-05 07:53:51,21.1,48.96,384.3,0,0,0,0,0
2026-10-05 07:54:21,22.18,50.34,388.8,1,12,0,0,0
2026-10-05 07:54:51,21.31,49.26,388.0,0,1,0,0,0
2026-10-05 07:55:21,21.31,48.97,387.0,0,0,0,0,0
2026-10-05 07:55:51,21.54,48.88,386.3,0,0,0,0,0
2026-10-05 07:56:21,21.12,49.01,383.7,0,0,0,0,0
2026-10-05 07:56:51,21.05,49.44,385.3,0,0,0,0,0
2026-10-05 07:57:21,21.42,48.97,384.6,0,0,0,0,0
2026-10-05 07:57:51,21.2,48.89,384.4,0,0,0,0,0
2026-10-05 07:58:21,21.58,49.2,385.0,0,0,0,0,0
2026-10-05 07:58:51,21.5,49.63,384.6,0,0,0,0,0
2026-10-05 07:59:21,21.1,48.47,384.5,0,1,0,0,0
2026-10-05 07:59:51,21.4,49.3,381.8,0,0,0,0,0
2026-10-05 08:00:21,21.24,48.53,380.6,0,0,0,0,0
2026-10-05 08:00:51,21.41,48.32,380.0,0,0,0,0,0
2026-10-05 08:01:21,21.12,48.78,379.4,0,0,0,0,0
2026-10-05 08:01:51,21.22,49.39,379.0,0,0,0,0,0
2026-10-05 08:02:21,21.54,48.87,379.6,0,0,0,0,0
2026-10-05 08:02:51,21.18,49.29,378.6,0,0,0,0,0
2026-10-05 08:03:21,21.46,48.6,378.1,0,0,0,0,0
2026-10-05 08:03:51,21.28,48.42,376.0,0,1,0,0,0
2026-10-05 08:04:21,21.43,49.19,375.2,0,0,0,0,0
2026-10-05 08:04:51,22.19,50.22,379.0,1,11,0,0,0
2026-10-05 08:05:21,21.42,48.37,378.9,0,1,0,0,0
2026-10-05 08:05:51,21.43,49.09,377.2,0,1,0,0,0
2026-10-05 08:06:21,21.52,48.59,378.2,0,0,0,0,0
2026-10-05 08:06:51,21.59,48.65,377.0,0,0,0,0,0
2026-10-05 08:07:21,21.41,48.33,374.7,0,0,0,0,0
2026-10-05 08:07:51,21.42,48.34,374.0,0,0,0,0,0
2026-10-05 08:08:21,21.45,48.6,374.2,0,0,0,0,0
2026-10-05 08:08:51,21.35,48.38,373.1,0,0,0,0,0
2026-10-05 08:09:21,21.48,48.76,372.6,0,0,0,0,0
2026-10-05 08:09:51,21.36,48.6,373.7,0,0,0,0,0
2026-10-05 08:10:21,21.32,48.94,371.8,0,0,0,0,0
2026-10-05 08:10:51,21.36,48.98,370.2,0,0,0,0,0
2026-10-05 08:11:21,21.44,48.41,370.0,0,0,0,0,0
2026-10-05 08:11:51,21.28,48.98,370.0,0,0,0,0,0
2026-10-05 08:12:21,21.53,48.86,370.0,0,0,0,0,0
2026-10-05 08:12:51,21.58,49.15,370.5,0,0,0,0,0
2026-10-05 08:13:21,21.97,49.78,373.4,1,13,0,0,0
2026-10-05 08:13:51,21.16,48.2,375.4,0,0,0,0,0
2026-10-05 08:14:21,21.65,48.51,374.9,0,0,0,0,0
2026-10-05 08:14:51,21.68,48.6,374.3,0,0,0,0,0
2026-10-05 08:15:21,21.62,48.98,373.6,0,0,0,0,0
2026-10-05 08:15:51,22.28,50.58,378.3,1,5,0,0,0
2026-10-05 08:16:21,21.44,48.66,376.1,0,0,0,0,0
2026-10-05 08:16:51,21.39,48.82,373.8,0,0,0,0,0
2026-10-05 08:17:21,21.71,49.15,371.5,0,0,0,0,0
2026-10-05 08:17:51,21.24,48.04,370.0,0,0,0,0,0
2026-10-05 08:18:21,21.62,48.35,371.9,0,0,0,0,0
2026-10-05 08:18:51,21.32,48.54,370.9,0,0,0,0,0
2026-10-05 08:19:21,21.83,48.36,371.0,0,0,0,0,0
2026-10-05 08:19:51,21.47,48.44,371.4,0,0,0,0,0
2026-10-05 08:20:21,21.69,48.53,370.0,0,0,0,0,0
2026-10-05 08:20:51,21.95,48.17,370.0,0,0,0,0,0
2026-10-05 08:21:21,21.45,49.1,370.0,0,0,0,0,0
2026-10-05 08:21:51,21.48,48.82,370.0,0,0,0,0,0
2026-10-05 08:22:21,21.77,48.74,370.0,0,0,0,0,0
2026-10-05 08:22:51,21.51,48.03,370.2,0,0,0,0,0
2026-10-05 08:23:21,21.42,48.19,370.0,0,0,0,0,0
2026-10-05 08:23:51,21.63,48.47,370.0,0,0,0,0,0
2026-10-05 08:24:21,21.84,47.91,371.8,0,0,0,0,0
2026-10-05 08:24:51,21.42,48.63,370.0,0,0,0,0,0
2026-10-05 08:25:21,21.7,48.08,370.0,0,0,0,0,0
2026-10-05 08:25:51,22.29,49.67,372.4,1,7,0,0,0
2026-10-05 08:26:21,21.38,48.25,372.6,0,1,0,0,0
2026-10-05 08:26:51,21.58,48.24,372.3,0,0,0,0,0
2026-10-05 08:27:21,21.57,47.86,371.0,0,0,0,0,0
2026-10-05 08:27:51,21.59,48.16,370.0,0,0,0,0,0
2026-10-05 08:28:21,21.48,48.42,370.0,0,0,0,0,0
2026-10-05 08:28:51,21.33,48.38,370.0,0,0,0,0,0
2026-10-05 08:29:21,21.56,47.98,370.0,0,0,0,0,0
2026-10-05 08:29:51,21.68,48.26,370.0,0,0,0,0,0
2026-10-05 08:30:21,22.44,49.38,370.1,1,6,0,0,0
2026-10-05 08:30:51,22.27,50.3,373.3,1,8,0,0,0
2026-10-05 08:31:21,22.76,50.81,375.9,1,5,0,0,0
2026-10-05 08:31:51,22.46,49.89,378.3,1,6,0,0,0
2026-10-05 08:32:21,22.79,49.7,381.6,1,7,0,0,0
2026-10-05 08:32:51,22.51,49.62,383.7,1,10,0,0,0
2026-10-05 08:33:21,22.58,50.13,388.7,1,12,0,0,0
2026-10-05 08:33:51,22.37,50.11,393.0,1,9,0,0,0
2026-10-05 08:34:21,21.65,47.61,393.3,0,0,0,0,0
2026-10-05 08:34:51,22.47,49.66,396.8,1,11,0,0,0
2026-10-05 08:35:21,21.46,48.58,397.5,0,0,0,0,0
2026-10-05 08:35:51,22.59,50.09,400.6,1,5,0,0,0
2026-10-05 08:36:21,22.59,50.6,405.4,1,4,0,0,0
2026-10-05 08:36:51,22.56,49.86,404.3,1,5,0,0,0
2026-10-05 08:37:21,22.6,49.32,406.9,1,13,0,0,0
2026-10-05 08:37:51,22.31,49.47,410.5,1,4,0,0,0
2026-10-05 08:38:21,22.68,49.99,412.9,1,5,0,0,0
2026-10-05 08:38:51,22.27,50.06,415.5,1,3,0,0,0
2026-10-05 08:39:21,22.48,49.95,419.8,1,7,0,0,0
2026-10-05 08:39:51,21.79,48.76,416.6,0,0,0,0,0
2026-10-05 08:40:21,22.68,49.72,417.3,1,9,0,0,0
2026-10-05 08:40:51,22.37,49.5,421.4,1,8,0,0,0
2026-10-05 08:41:21,22.57,49.87,426.6,1,12,0,0,0
2026-10-05 08:41:51,22.61,49.09,432.5,1,6,0,0,0
2026-10-05 08:42:21,21.83,48.93,432.8,0,0,0,0,0
2026-10-05 08:42:51,22.65,49.57,434.6,1,6,0,0,0
2026-10-05 08:43:21,22.6,49.76,436.9,1,5,0,0,0
2026-10-05 08:43:51,21.84,47.55,434.8,0,0,0,0,0
2026-10-05 08:44:21,22.5,49.58,437.6,1,8,0,0,0
2026-10-05 08:44:51,22.5,49.95,444.0,1,8,0,0,0
2026-10-05 08:45:21,22.5,50.78,450.6,1,8,0,0,0
2026-10-05 08:45:51,21.73,48.08,446.6,0,0,0,0,0
2026-10-05 08:46:21,21.82,47.83,445.4,0,0,0,0,0
2026-10-05 08:46:51,21.98,48.5,444.9,0,0,0,0,0
2026-10-05 08:47:21,21.95,48.02,442.8,0,0,0,0,0
2026-10-05 08:47:51,22.78,49.92,447.5,1,5,0,0,0
2026-10-05 08:48:21,22.77,49.52,454.0,1,11,0,0,0
2026-10-05 08:48:51,22.75,49.19,462.8,1,8,0,0,0
2026-10-05 08:49:21,22.66,49.67,469.2,1,8,0,0,0
2026-10-05 08:49:51,22.6,49.26,473.9,1,5,0,0,0
2026-10-05 08:50:21,22.71,50.51,477.8,1,8,0,0,0
2026-10-05 08:50:51,23.0,49.48,485.6,1,10,0,0,0
2026-10-05 08:51:21,22.82,49.67,492.3,1,13,0,0,0
2026-10-05 08:51:51,22.92,49.57,501.3,1,3,0,0,1
2026-10-05 08:52:21,21.93,48.26,499.0,0,0,0,0,0
2026-10-05 08:52:51,23.02,50.33,502.7,1,7,0,0,1
2026-10-05 08:53:21,22.53,49.36,510.2,1,3,0,0,1
2026-10-05 08:53:51,22.63,50.04,515.4,1,8,0,0,1
2026-10-05 08:54:21,21.82,47.73,512.9,0,0,0,0,1
2026-10-05 08:54:51,22.89,50.36,518.1,1,13,0,0,1
2026-10-05 08:55:21,21.88,47.9,515.8,0,1,0,0,1
2026-10-05 08:55:51,22.81,49.71,526.4,1,11,0,0,1
2026-10-05 08:56:21,22.78,49.56,527.0,1,6,0,0,1
2026-10-05 08:56:51,22.81,50.03,535.2,1,5,0,0,1
2026-10-05 08:57:21,21.96,48.19,533.0,0,1,0,0,1
2026-10-05 08:57:51,21.99,47.75,528.8,0,0,0,0,1
2026-10-05 08:58:21,22.82,48.95,538.6,1,8,0,0,1
2026-10-05 08:58:51,23.03,49.41,546.5,1,6,0,0,1
2026-10-05 08:59:21,22.64,49.11,551.2,1,13,0,0,1
2026-10-05 08:59:51,22.77,49.49,555.4,1,7,0,0,1
2026-10-05 09:00:21,22.67,49.38,561.7,1,5,0,0,1
2026-10-05 09:00:51,22.64,49.16,566.7,1,3,0,0,1
2026-10-05 09:01:21,22.92,49.5,572.7,1,12,0,0,1
2026-10-05 09:01:51,22.21,48.01,571.0,0,0,0,0,1
2026-10-05 09:02:21,22.26,48.76,570.7,0,0,0,0,1
2026-10-05 09:02:51,21.79,48.7,568.2,0,0,0,0,1
2026-10-05 09:03:21,22.57,49.47,575.8,1,8,0,0,1
2026-10-05 09:03:51,22.79,49.79,583.0,1,12,0,0,1
2026-10-05 09:04:21,22.97,49.97,589.5,1,13,0,0,1
2026-10-05 09:04:51,22.88,49.76,593.6,1,6,0,0,1
2026-10-05 09:05:21,22.91,49.34,601.9,1,3,0,0,1
2026-10-05 09:05:51,22.0,47.6,600.9,0,0,0,0,1
2026-10-05 09:06:21,22.8,49.84,608.1,1,8,0,0,1
2026-10-05 09:06:51,22.81,49.69,614.7,1,13,0,0,1
2026-10-05 09:07:21,22.92,49.3,619.4,1,13,0,0,1
2026-10-05 09:07:51,23.15,49.55,623.4,1,13,0,0,1
2026-10-05 09:08:21,22.98,49.89,630.2,1,4,0,0,1
2026-10-05 09:08:51,23.18,49.68,636.5,1,10,0,0,1
2026-10-05 09:09:21,22.92,49.44,639.9,1,3,0,0,1
2026-10-05 09:09:51,22.78,49.88,648.6,1,7,0,0,1
2026-10-05 09:10:21,23.0,49.5,649.5,1,3,0,0,1
2026-10-05 09:10:51,22.94,48.82,654.4,1,3,0,0,1
2026-10-05 09:11:21,22.87,49.79,662.2,1,11,0,0,1
2026-10-05 09:11:51,22.2,47.41,661.2,0,1,0,0,1
2026-10-05 09:12:21,22.14,47.96,658.6,0,1,0,0,1
2026-10-05 09:12:51,23.09,49.01,663.1,1,8,0,0,1
2026-10-05 09:13:21,22.74,49.12,665.9,1,8,0,0,1
2026-10-05 09:13:51,22.98,49.4,669.7,1,7,0,0,1
2026-10-05 09:14:21,22.74,49.45,676.9,1,10,0,0,1
2026-10-05 09:14:51,22.69,48.54,683.4,1,7,0,0,1
2026-10-05 09:15:21,23.1,49.09,687.5,1,6,0,0,1
2026-10-05 09:15:51,22.88,49.19,695.6,1,13,0,0,1
2026-10-05 09:16:21,23.02,49.34,698.1,1,12,0,0,1
2026-10-05 09:16:51,23.01,49.72,698.7,1,7,0,0,1
2026-10-05 09:17:21,22.76,49.42,707.3,1,13,0,0,1
2026-10-05 09:17:51,22.89,49.32,713.3,1,8,0,0,1
2026-10-05 09:18:21,23.07,49.89,718.9,1,4,0,0,1
2026-10-05 09:18:51,22.86,48.78,724.4,1,12,0,0,1
2026-10-05 09:19:21,22.08,47.5,724.2,0,0,0,0,1
2026-10-05 09:19:51,22.82,49.38,726.6,1,11,0,0,1
2026-10-05 09:20:21,22.75,49.68,728.1,1,4,0,0,1
2026-10-05 09:20:51,23.23,49.7,735.1,1,13,0,0,1
2026-10-05 09:21:21,23.08,49.3,743.5,1,12,0,0,1
2026-10-05 09:21:51,23.03,49.57,749.6,1,12,0,0,1
2026-10-05 09:22:21,22.89,49.68,754.2,1,13,0,0,1
2026-10-05 09:22:51,23.09,48.61,757.4,1,5,0,0,1
2026-10-05 09:23:21,22.94,49.74,762.8,1,4,0,0,1
2026-10-05 09:23:51,22.83,48.97,769.8,1,8,0,0,1
2026-10-05 09:24:21,23.05,48.97,773.9,1,12,0,0,1
2026-10-05 09:24:51,23.07,49.17,782.2,1,7,0,0,1
2026-10-05 09:25:21,21.9,48.88,781.8,1,9,1,0,1
2026-10-05 09:25:51,21.64,48.81,785.3,1,11,1,0,1
2026-10-05 09:26:21,21.03,47.44,777.7,0,1,1,0,1
2026-10-05 09:26:51,21.91,49.42,781.2,1,5,1,0,1
2026-10-05 09:27:21,21.84,49.67,781.6,1,10,1,0,1
2026-10-05 09:27:51,22.06,50.23,780.6,1,9,1,0,1
2026-10-05 09:28:21,21.87,48.9,785.4,1,7,1,0,1
2026-10-05 09:28:51,22.01,48.8,783.8,1,10,1,0,1
2026-10-05 09:29:21,21.75,49.33,784.1,1,5,1,0,1
2026-10-05 09:29:51,21.86,49.19,784.6,1,4,1,0,1
2026-10-05 09:30:21,21.77,49.49,784.5,1,5,1,0,1
2026-10-05 09:30:51,21.95,49.07,787.0,1,4,1,0,1
2026-10-05 09:31:21,22.04,49.41,789.3,1,3,1,0,1
2026-10-05 09:31:51,21.76,49.1,793.5,1,3,1,0,1
2026-10-05 09:32:21,21.95,48.98,792.4,1,10,1,0,1
2026-10-05 09:32:51,21.85,49.23,795.2,1,12,1,0,1
2026-10-05 09:33:21,21.13,47.71,788.7,0,0,1,0,1
2026-10-05 09:33:51,21.97,49.69,788.9,1,8,1,0,1
2026-10-05 09:34:21,21.54,49.22,791.3,1,10,1,0,1
2026-10-05 09:34:51,21.86,48.95,796.3,1,11,1,0,1
2026-10-05 09:35:21,21.96,49.11,800.2,1,6,1,0,1
2026-10-05 09:35:51,22.07,48.61,803.6,1,11,1,0,1
2026-10-05 09:36:21,21.37,47.43,796.4,0,0,1,0,1
2026-10-05 09:36:51,21.98,48.87,794.9,1,10,1,0,1
2026-10-05 09:37:21,21.19,47.61,787.9,0,1,1,0,1
2026-10-05 09:37:51,22.02,48.43,785.6,1,3,1,0,1
2026-10-05 09:38:21,22.1,49.25,787.7,1,6,1,0,1
2026-10-05 09:38:51,21.92,48.39,788.7,1,6,1,0,1
2026-10-05 09:39:21,21.84,49.23,788.3,1,6,1,0,1
2026-10-05 09:39:51,22.22,48.5,788.4,1,12,1,0,1
2026-10-05 09:40:21,22.18,48.4,792.8,1,5,1,0,1
2026-10-05 09:40:51,22.1,48.8,793.3,1,3,1,0,1
2026-10-05 09:41:21,21.99,49.33,797.8,1,5,1,0,1
2026-10-05 09:41:51,22.38,48.99,800.4,1,9,1,0,1
2026-10-05 09:42:21,22.02,48.84,801.2,1,9,1,0,1
2026-10-05 09:42:51,21.85,48.84,803.1,1,8,1,0,1
2026-10-05 09:43:21,21.96,48.66,803.5,1,12,1,0,1
2026-10-05 09:43:51,22.25,49.04,806.5,1,3,1,0,1
2026-10-05 09:44:21,21.49,47.14,799.1,0,0,1,0,1
2026-10-05 09:44:51,22.22,49.25,801.6,1,10,1,0,1
2026-10-05 09:45:21,22.18,48.64,801.9,1,11,1,0,1
2026-10-05 09:45:51,21.46,48.06,792.6,0,0,1,0,1
2026-10-05 09:46:21,22.08,49.16,794.0,1,8,1,0,1
2026-10-05 09:46:51,22.2,49.71,795.7,1,3,1,0,1
2026-10-05 09:47:21,22.06,48.87,798.7,1,3,1,0,1
2026-10-05 09:47:51,21.16,47.09,791.2,0,0,1,0,1
2026-10-05 09:48:21,22.14,48.38,794.7,1,4,1,0,1
2026-10-05 09:48:51,22.21,49.09,796.6,1,12,1,0,1
2026-10-05 09:49:21,22.58,49.46,797.3,1,13,1,0,1
2026-10-05 09:49:51,22.31,48.95,798.4,1,7,1,0,1
2026-10-05 09:50:21,22.13,48.9,799.5,1,9,1,0,1
2026-10-05 09:50:51,22.17,49.22,803.8,1,8,1,0,1
2026-10-05 09:51:21,21.85,48.77,804.5,1,9,1,0,1
2026-10-05 09:51:51,21.15,47.17,798.4,0,0,1,0,1
2026-10-05 09:52:21,22.14,48.64,802.6,1,7,1,0,1
2026-10-05 09:52:51,22.17,48.09,806.3,1,3,1,0,1
2026-10-05 09:53:21,22.24,48.75,807.4,1,8,1,0,1
2026-10-05 09:53:51,22.08,48.52,809.2,1,9,1,0,1
2026-10-05 09:54:21,21.23,47.47,802.1,0,0,1,0,1
2026-10-05 09:54:51,21.52,46.78,796.3,0,1,1,0,1
2026-10-05 09:55:21,22.24,48.91,795.9,1,5,1,0,1
2026-10-05 09:55:51,22.42,48.69,797.9,1,6,1,0,1
2026-10-05 09:56:21,22.06,48.63,800.9,1,11,1,0,1
2026-10-05 09:56:51,21.37,47.05,796.8,0,0,1,0,1
2026-10-05 09:57:21,22.53,48.75,799.5,1,4,1,0,1
2026-10-05 09:57:51,22.1,49.02,803.0,1,3,1,0,1
2026-10-05 09:58:21,22.3,48.43,807.0,1,11,1,0,1
2026-10-05 09:58:51,22.08,49.0,807.8,1,9,1,0,1
2026-10-05 09:59:21,22.0,48.26,812.7,1,5,1,0,1
2026-10-05 09:59:51,22.31,48.63,812.6,1,13,1,0,1
2026-10-05 10:00:21,22.2,48.67,814.3,1,10,1,0,1
2026-10-05 10:00:51,22.38,49.4,812.3,1,11,1,0,1
2026-10-05 10:01:21,22.4,48.69,815.7,1,8,1,0,1
2026-10-05 10:01:51,22.01,48.8,818.5,1,6,1,0,1
2026-10-05 10:02:21,22.41,47.86,824.3,1,11,1,0,1
2026-10-05 10:02:51,22.43,48.64,824.5,1,6,1,0,1
2026-10-05 10:03:21,22.19,49.36,825.1,1,11,1,0,1
2026-10-05 10:03:51,22.35,48.58,825.3,1,9,1,0,1
2026-10-05 10:04:21,22.24,48.68,822.4,1,6,1,0,1
2026-10-05 10:04:51,22.43,48.95,825.7,1,7,1,0,1
2026-10-05 10:05:21,22.24,48.84,828.2,1,5,1,0,1
2026-10-05 10:05:51,22.48,48.67,829.4,1,10,1,0,1
2026-10-05 10:06:21,21.51,46.78,821.6,0,0,1,0,1
2026-10-05 10:06:51,22.58,48.79,821.4,1,10,1,0,1
2026-10-05 10:07:21,22.26,49.13,823.9,1,6,1,0,1
2026-10-05 10:07:51,22.33,48.01,824.6,1,4,1,0,1
2026-10-05 10:08:21,22.25,48.26,829.2,1,11,1,0,1
2026-10-05 10:08:51,22.34,49.55,828.8,1,11,1,0,1
2026-10-05 10:09:21,22.36,48.56,831.3,1,6,1,0,1
2026-10-05 10:09:51,22.69,48.48,834.8,1,5,1,0,1
2026-10-05 10:10:21,22.31,48.32,841.0,1,12,1,0,1
2026-10-05 10:10:51,22.32,49.31,843.1,1,9,1,0,1
2026-10-05 10:11:21,21.42,47.02,837.9,0,0,1,0,1
2026-10-05 10:11:51,22.4,49.23,838.3,1,4,1,0,1
2026-10-05 10:12:21,22.42,48.35,836.0,1,3,1,0,1
2026-10-05 10:12:51,22.47,49.16,838.6,1,6,1,0,1
2026-10-05 10:13:21,22.23,48.17,836.4,1,11,1,0,1
2026-10-05 10:13:51,21.7,47.05,830.3,0,0,1,0,1
2026-10-05 10:14:21,22.28,47.86,831.1,1,6,1,0,1
2026-10-05 10:14:51,22.52,48.66,829.8,1,10,1,0,1
2026-10-05 10:15:21,21.77,47.6,822.9,0,0,1,0,1
2026-10-05 10:15:51,21.62,47.03,818.5,0,0,1,0,1
2026-10-05 10:16:21,22.51,48.17,822.5,1,6,1,0,1
2026-10-05 10:16:51,21.63,47.37,817.2,0,0,1,0,1
2026-10-05 10:17:21,22.17,49.17,819.4,1,6,1,0,1
2026-10-05 10:17:51,21.88,46.6,811.7,0,0,1,0,1
2026-10-05 10:18:21,22.4,48.71,810.7,1,8,1,0,1
2026-10-05 10:18:51,22.36,48.58,814.1,1,6,1,0,1
2026-10-05 10:19:21,22.42,48.26,816.2,1,5,1,0,1
2026-10-05 10:19:51,22.41,48.57,814.1,1,9,1,0,1
2026-10-05 10:20:21,22.58,48.05,819.8,1,13,1,0,1
2026-10-05 10:20:51,21.43,47.39,811.1,0,0,1,0,1
2026-10-05 10:21:21,22.77,47.89,811.6,1,9,1,0,1
2026-10-05 10:21:51,22.41,48.45,812.2,1,11,1,0,1
2026-10-05 10:22:21,22.32,48.49,810.6,1,5,1,0,1
2026-10-05 10:22:51,21.74,46.71,806.0,0,0,1,0,1
2026-10-05 10:23:21,22.37,48.8,805.7,1,5,1,0,1
2026-10-05 10:23:51,22.54,48.58,805.7,1,13,1,0,1
2026-10-05 10:24:21,22.44,48.03,803.6,1,5,1,0,1
2026-10-05 10:24:51,22.4,48.65,806.1,1,10,1,0,1
2026-10-05 10:25:21,22.06,48.06,808.0,1,11,1,0,1
2026-10-05 10:25:51,22.32,48.01,812.1,1,11,1,0,1
2026-10-05 10:26:21,21.81,46.94,806.0,0,0,1,0,1
2026-10-05 10:26:51,22.54,48.19,809.5,1,13,1,0,1
2026-10-05 10:27:21,22.58,48.21,815.0,1,5,1,0,1
2026-10-05 10:27:51,22.4,48.22,817.3,1,7,1,0,1
2026-10-05 10:28:21,22.79,48.32,819.3,1,9,1,0,1
2026-10-05 10:28:51,22.3,48.06,820.6,1,11,1,0,1
2026-10-05 10:29:21,22.51,48.25,821.7,1,13,1,0,1
2026-10-05 10:29:51,22.36,48.33,825.5,1,3,1,0,1
2026-10-05 10:30:21,22.76,48.33,829.2,1,9,1,0,1
2026-10-05 10:30:51,22.57,48.12,834.4,1,6,1,0,1
2026-10-05 10:31:21,21.73,47.01,828.7,0,0,1,0,1
2026-10-05 10:31:51,22.48,48.48,830.2,1,9,1,0,1
2026-10-05 10:32:21,22.69,48.19,831.0,1,6,1,0,1
2026-10-05 10:32:51,22.6,47.82,832.6,1,8,1,0,1
2026-10-05 10:33:21,22.66,48.46,833.9,1,7,1,0,1
2026-10-05 10:33:51,22.58,48.65,835.9,1,13,1,0,1
2026-10-05 10:34:21,22.33,48.29,835.4,1,4,1,0,1
2026-10-05 10:34:51,22.69,48.24,837.4,1,11,1,0,1
2026-10-05 10:35:21,22.73,48.33,840.7,1,12,1,0,1
2026-10-05 10:35:51,22.73,47.94,841.3,1,9,1,0,1
2026-10-05 10:36:21,21.74,46.88,834.4,0,0,1,0,1
2026-10-05 10:36:51,22.48,48.14,834.1,1,11,1,0,1
2026-10-05 10:37:21,22.49,48.34,836.2,1,4,1,0,1
2026-10-05 10:37:51,21.71,47.26,829.7,0,0,1,0,1
2026-10-05 10:38:21,22.55,48.08,829.5,1,3,1,0,1
2026-10-05 10:38:51,22.68,48.21,832.3,1,4,1,0,1
2026-10-05 10:39:21,21.75,46.36,825.0,0,1,1,0,1
2026-10-05 10:39:51,21.6,46.28,819.5,0,0,1,0,1
2026-10-05 10:40:21,22.61,48.36,821.3,1,6,1,0,1
2026-10-05 10:40:51,22.56,48.02,822.1,1,10,1,0,1
2026-10-05 10:41:21,22.57,48.24,825.2,1,12,1,0,1
2026-10-05 10:41:51,22.52,48.37,825.3,1,12,1,0,1
2026-10-05 10:42:21,22.68,48.78,825.7,1,5,1,0,1
2026-10-05 10:42:51,22.91,100.0,827.0,1,9,1,1,2
2026-10-05 10:43:21,22.75,48.09,828.8,1,8,1,0,1
2026-10-05 10:43:51,22.62,48.28,827.8,1,11,1,0,1
2026-10-05 10:44:21,22.75,48.7,827.9,1,7,1,0,1
2026-10-05 10:44:51,22.88,47.94,827.7,1,12,1,0,1
2026-10-05 10:45:21,22.79,47.99,829.4,1,8,1,0,1
2026-10-05 10:45:51,22.9,48.42,831.6,1,5,1,0,1
2026-10-05 10:46:21,21.94,46.33,826.4,0,0,1,0,1
2026-10-05 10:46:51,22.73,48.92,828.0,1,4,1,0,1
2026-10-05 10:47:21,22.68,47.68,829.0,1,8,1,0,1
2026-10-05 10:47:51,21.97,46.93,821.8,0,0,1,0,1
2026-10-05 10:48:21,22.04,46.96,815.0,0,0,1,0,1
2026-10-05 10:48:51,22.47,47.99,816.6,1,4,1,0,1
2026-10-05 10:49:21,22.76,47.86,820.5,1,6,1,0,1
2026-10-05 10:49:51,22.83,47.72,819.7,1,11,1,0,1
2026-10-05 10:50:21,22.85,48.02,819.8,1,4,1,0,1
2026-10-05 10:50:51,22.74,47.83,824.5,1,8,1,0,1
2026-10-05 10:51:21,22.78,48.4,825.6,1,6,1,0,1
2026-10-05 10:51:51,21.9,46.97,818.6,0,0,1,0,1
2026-10-05 10:52:21,22.93,48.6,820.7,1,3,1,0,1
2026-10-05 10:52:51,22.95,47.99,822.1,1,11,1,0,1
2026-10-05 10:53:21,22.57,47.83,823.1,1,10,1,0,1
2026-10-05 10:53:51,22.66,48.32,825.1,1,4,1,0,1
2026-10-05 10:54:21,22.54,48.22,825.8,1,8,1,0,1
2026-10-05 10:54:51,22.81,48.05,827.0,1,12,1,0,1
2026-10-05 10:55:21,21.96,46.67,821.5,0,0,1,0,1
2026-10-05 10:55:51,23.05,47.79,823.0,1,5,1,0,1
2026-10-05 10:56:21,22.45,46.82,814.5,0,0,1,0,1
2026-10-05 10:56:51,22.75,47.61,816.5,1,8,1,0,1
2026-10-05 10:57:21,22.93,47.67,819.8,1,10,1,0,1
2026-10-05 10:57:51,22.99,48.48,821.1,1,12,1,0,1
2026-10-05 10:58:21,22.17,46.6,814.4,0,0,1,0,1
2026-10-05 10:58:51,22.89,49.09,818.7,1,5,1,0,1
2026-10-05 10:59:21,22.96,48.08,821.3,1,12,1,0,1
2026-10-05 10:59:51,22.12,46.58,812.3,0,0,1,0,1
2026-10-05 11:00:21,21.88,46.1,802.5,0,0,1,0,1
2026-10-05 11:00:51,22.29,46.29,796.5,0,1,1,0,1
2026-10-05 11:01:21,22.04,46.63,790.5,0,0,1,0,1
2026-10-05 11:01:51,22.27,46.18,785.9,0,0,1,0,1
2026-10-05 11:02:21,23.11,47.57,789.1,1,10,1,0,1
2026-10-05 11:02:51,22.82,48.04,794.4,1,4,1,0,1
2026-10-05 11:03:21,22.77,47.25,795.4,1,7,1,0,1
2026-10-05 11:03:51,22.32,46.58,790.0,0,0,1,0,1
2026-10-05 11:04:21,22.67,47.69,792.2,1,5,1,0,1
2026-10-05 11:04:51,22.87,47.86,796.2,1,9,1,0,1
2026-10-05 11:05:21,22.84,48.56,798.0,1,6,1,0,1
2026-10-05 11:05:51,22.27,46.41,790.2,0,0,1,0,1
2026-10-05 11:06:21,22.93,48.49,796.0,1,10,1,0,1
2026-10-05 11:06:51,23.02,48.11,794.2,1,5,1,0,1
2026-10-05 11:07:21,23.01,47.59,795.5,1,8,1,0,1
2026-10-05 11:07:51,22.76,48.04,796.0,1,12,1,0,1
2026-10-05 11:08:21,22.82,47.38,799.8,1,9,1,0,1
2026-10-05 11:08:51,22.75,48.19,801.6,1,4,1,0,1
2026-10-05 11:09:21,21.83,46.1,795.8,0,0,1,0,1
2026-10-05 11:09:51,23.24,48.37,796.2,1,9,1,0,1
2026-10-05 11:10:21,22.98,48.02,795.4,1,11,1,0,1
2026-10-05 11:10:51,21.96,46.72,790.8,0,0,1,0,1
2026-10-05 11:11:21,22.86,47.71,792.4,1,6,1,0,1
2026-10-05 11:11:51,22.38,45.83,787.2,0,0,1,0,1
2026-10-05 11:12:21,22.27,46.34,780.1,0,0,1,0,1
2026-10-05 11:12:51,22.88,48.16,779.8,1,4,1,0,1
2026-10-05 11:13:21,22.96,48.35,779.9,1,4,1,0,1
2026-10-05 11:13:51,23.18,47.76,781.8,1,12,1,0,1
2026-10-05 11:14:21,22.91,48.63,783.5,1,13,1,0,1
2026-10-05 11:14:51,23.17,47.42,783.1,1,7,1,0,1
2026-10-05 11:15:21,22.93,48.44,784.8,1,7,1,0,1
2026-10-05 11:15:51,22.31,46.24,779.0,0,0,1,0,1
2026-10-05 11:16:21,22.88,47.36,779.2,1,3,1,0,1
2026-10-05 11:16:51,23.02,47.52,779.0,1,9,1,0,1
2026-10-05 11:17:21,22.89,48.04,778.7,1,9,1,0,1
2026-10-05 11:17:51,22.9,47.13,783.1,1,12,1,0,1
2026-10-05 11:18:21,22.95,47.5,784.9,1,7,1,0,1
2026-10-05 11:18:51,22.81,47.7,783.4,1,8,1,0,1
2026-10-05 11:19:21,23.01,47.48,785.3,1,6,1,0,1
2026-10-05 11:19:51,22.88,48.57,789.5,1,11,1,0,1
2026-10-05 11:20:21,22.3,46.08,781.4,0,0,1,0,1
2026-10-05 11:20:51,22.2,46.34,772.9,0,1,1,0,1
2026-10-05 11:21:21,23.02,48.3,772.9,1,3,1,0,1
2026-10-05 11:21:51,22.37,46.49,767.2,0,0,1,0,1
2026-10-05 11:22:21,23.2,48.21,766.4,1,11,1,0,1
2026-10-05 11:22:51,23.27,47.92,769.7,1,9,1,0,1
2026-10-05 11:23:21,23.12,47.62,770.6,1,8,1,0,1
2026-10-05 11:23:51,23.05,48.04,771.0,1,7,1,0,1
2026-10-05 11:24:21,22.93,47.68,772.7,1,6,1,0,1
2026-10-05 11:24:51,23.12,47.72,774.6,1,6,1,0,1
2026-10-05 11:25:21,23.15,48.02,778.4,1,12,1,0,1
2026-10-05 11:25:51,23.23,47.68,776.8,1,10,1,0,1
2026-10-05 11:26:21,22.09,45.33,770.9,0,0,1,0,1
2026-10-05 11:26:51,23.0,47.81,774.3,1,10,1,0,1
2026-10-05 11:27:21,23.14,48.15,779.4,1,5,1,0,1
2026-10-05 11:27:51,22.97,46.97,782.0,1,6,1,0,1
2026-10-05 11:28:21,23.15,47.05,787.0,1,4,1,0,1
2026-10-05 11:28:51,23.06,47.18,787.7,1,8,1,0,1
2026-10-05 11:29:21,22.31,46.11,781.1,0,0,1,0,1
2026-10-05 11:29:51,22.92,48.18,782.3,1,7,1,0,1
2026-10-05 11:30:21,23.02,48.11,782.4,1,3,1,0,1
2026-10-05 11:30:51,23.08,48.06,783.2,1,9,1,0,1
2026-10-05 11:31:21,23.22,48.19,783.1,1,11,1,0,1
2026-10-05 11:31:51,22.49,45.43,777.7,0,0,1,0,1
2026-10-05 11:32:21,22.91,47.68,780.6,1,5,1,0,1
2026-10-05 11:32:51,22.28,45.84,774.5,0,0,1,0,1
2026-10-05 11:33:21,23.26,47.84,775.0,1,4,1,0,1
2026-10-05 11:33:51,22.16,45.71,766.3,0,0,1,0,1
2026-10-05 11:34:21,23.1,48.06,765.4,1,8,1,0,1
2026-10-05 11:34:51,22.37,46.79,758.5,0,0,1,0,1
2026-10-05 11:35:21,23.25,47.99,763.6,1,4,1,0,1
2026-10-05 11:35:51,23.08,46.92,766.0,1,6,1,0,1
2026-10-05 11:36:21,23.19,48.21,765.7,1,3,1,0,1
2026-10-05 11:36:51,23.07,47.21,767.8,1,9,1,0,1
2026-10-05 11:37:21,23.12,48.07,769.4,1,7,1,0,1
2026-10-05 11:37:51,23.06,47.93,768.1,1,9,1,0,1
2026-10-05 11:38:21,23.28,47.58,766.9,1,9,1,0,1
2026-10-05 11:38:51,23.4,48.01,767.2,1,9,1,0,1
2026-10-05 11:39:21,23.2,47.5,769.4,1,6,1,0,1
2026-10-05 11:39:51,23.15,47.44,768.5,1,13,1,0,1
2026-10-05 11:40:21,23.17,47.67,768.9,1,10,1,0,1
2026-10-05 11:40:51,23.24,47.66,773.2,1,7,1,0,1
2026-10-05 11:41:21,23.21,46.96,776.1,1,8,1,0,1
2026-10-05 11:41:51,22.95,47.45,778.3,1,9,1,0,1
2026-10-05 11:42:21,23.34,47.76,779.0,1,4,1,0,1
2026-10-05 11:42:51,22.41,45.96,773.3,0,0,1,0,1
2026-10-05 11:43:21,22.96,47.63,777.7,1,4,1,0,1
2026-10-05 11:43:51,22.55,45.89,772.5,0,0,1,0,1
2026-10-05 11:44:21,23.22,47.61,772.1,1,11,1,0,1
2026-10-05 11:44:51,23.06,47.42,775.0,1,11,1,0,1
2026-10-05 11:45:21,23.15,46.9,774.2,1,10,1,0,1
2026-10-05 11:45:51,23.23,47.2,777.1,1,12,1,0,1
2026-10-05 11:46:21,23.29,47.36,779.9,1,7,1,0,1
2026-10-05 11:46:51,22.45,45.62,771.1,0,0,1,0,1
2026-10-05 11:47:21,23.29,47.23,771.0,1,4,1,0,1
2026-10-05 11:47:51,23.2,47.04,771.1,1,4,1,0,1
2026-10-05 11:48:21,23.24,46.82,774.7,1,7,1,0,1
2026-10-05 11:48:51,23.27,47.11,776.5,1,12,1,0,1
2026-10-05 11:49:21,23.5,47.95,778.6,1,4,1,0,1
2026-10-05 11:49:51,23.33,47.7,781.6,1,5,1,0,1
2026-10-05 11:50:21,22.91,47.62,781.6,1,7,1,0,1
2026-10-05 11:50:51,23.05,47.62,781.2,1,9,1,0,1
2026-10-05 11:51:21,23.31,47.33,785.5,1,3,1,0,1
2026-10-05 11:51:51,23.43,47.89,786.8,1,3,1,0,1
2026-10-05 11:52:21,22.36,46.33,782.8,0,0,1,0,1
2026-10-05 11:52:51,23.2,47.79,786.9,1,12,1,0,1
2026-10-05 11:53:21,23.33,47.79,787.3,1,6,1,0,1
2026-10-05 11:53:51,23.72,47.66,788.4,1,6,1,0,1
2026-10-05 11:54:21,23.09,47.32,789.7,1,6,1,0,1
2026-10-05 11:54:51,23.53,47.36,788.8,1,8,1,0,1
2026-10-05 11:55:21,22.4,45.86,782.7,0,0,1,0,1
2026-10-05 11:55:51,23.24,47.76,786.5,1,3,1,0,1
2026-10-05 11:56:21,23.54,47.9,789.7,1,12,1,0,1
2026-10-05 11:56:51,23.28,47.52,788.6,1,3,1,0,1
2026-10-05 11:57:21,23.61,46.54,790.7,1,4,1,0,1
2026-10-05 11:57:51,23.63,47.04,791.5,1,13,1,0,1
2026-10-05 11:58:21,23.29,47.58,790.6,1,6,1,0,1
2026-10-05 11:58:51,23.03,47.39,787.7,1,5,1,0,1
2026-10-05 11:59:21,23.5,47.51,790.1,1,6,1,0,1
2026-10-05 11:59:51,23.34,47.92,795.4,1,5,1,0,1
2026-10-05 12:00:21,23.5,47.41,798.4,1,7,1,0,1
2026-10-05 12:00:51,23.48,47.24,797.5,1,8,1,0,1
2026-10-05 12:01:21,23.39,47.57,801.4,1,10,1,0,1
2026-10-05 12:01:51,23.25,47.31,805.6,1,7,1,0,1
2026-10-05 12:02:21,23.53,47.49,804.9,1,13,1,0,1
2026-10-05 12:02:51,22.6,45.77,796.6,0,0,1,0,1
2026-10-05 12:03:21,22.68,45.69,790.3,0,0,1,0,1
2026-10-05 12:03:51,23.67,46.92,792.9,1,10,1,0,1
2026-10-05 12:04:21,23.19,47.38,795.1,1,4,1,0,1
2026-10-05 12:04:51,22.49,45.69,788.7,0,0,1,0,1
2026-10-05 12:05:21,23.4,47.11,790.1,1,10,1,0,1
2026-10-05 12:05:51,23.35,47.59,791.4,1,13,1,0,1
2026-10-05 12:06:21,23.56,47.83,796.4,1,8,1,0,1
2026-10-05 12:06:51,22.68,45.71,790.3,0,0,1,0,1
2026-10-05 12:07:21,23.14,47.08,795.3,1,9,1,0,1
2026-10-05 12:07:51,23.56,47.07,797.7,1,13,1,0,1
2026-10-05 12:08:21,23.37,47.91,801.0,1,9,1,0,1
2026-10-05 12:08:51,23.35,47.04,803.7,1,5,1,0,1
2026-10-05 12:09:21,23.47,46.81,803.3,1,12,1,0,1
2026-10-05 12:09:51,23.71,47.64,805.8,1,8,1,0,1
2026-10-05 12:10:21,23.57,46.45,809.4,1,5,1,0,1
2026-10-05 12:10:51,22.61,45.87,801.9,0,0,1,0,1
2026-10-05 12:11:21,23.77,46.89,802.2,1,10,1,0,1
2026-10-05 12:11:51,23.59,48.04,803.2,1,3,1,0,1
2026-10-05 12:12:21,23.52,46.82,804.4,1,7,1,0,1
2026-10-05 12:12:51,23.73,47.04,802.0,1,7,1,0,1
2026-10-05 12:13:21,22.71,45.51,796.5,0,0,1,0,1
2026-10-05 12:13:51,23.6,47.07,798.5,1,13,1,0,1
2026-10-05 12:14:21,23.77,46.74,801.8,1,4,1,0,1
2026-10-05 12:14:51,23.54,47.68,806.0,1,13,1,0,1
2026-10-05 12:15:21,23.26,47.5,808.7,1,4,1,0,1
2026-10-05 12:15:51,23.62,47.83,809.0,1,9,1,0,1
2026-10-05 12:16:21,23.66,47.44,812.4,1,9,1,0,1
2026-10-05 12:16:51,23.55,47.44,814.2,1,6,1,0,1
2026-10-05 12:17:21,23.26,47.09,814.6,1,8,1,0,1
2026-10-05 12:17:51,23.45,47.03,816.4,1,9,1,0,1
2026-10-05 12:18:21,23.57,47.01,818.7,1,12,1,0,1
2026-10-05 12:18:51,22.82,45.71,811.5,0,0,1,0,1
2026-10-05 12:19:21,23.64,46.78,814.6,1,7,1,0,1
2026-10-05 12:19:51,23.5,47.61,815.3,1,5,1,0,1
2026-10-05 12:20:21,23.48,47.73,813.7,1,12,1,0,1
2026-10-05 12:20:51,23.45,47.54,813.6,1,3,1,0,1
2026-10-05 12:21:21,23.52,47.3,813.9,1,7,1,0,1
2026-10-05 12:21:51,22.7,45.62,807.9,0,0,1,0,1
2026-10-05 12:22:21,23.71,47.38,806.3,1,3,1,0,1
2026-10-05 12:22:51,22.67,45.14,800.1,0,0,1,0,1
2026-10-05 12:23:21,23.3,46.83,800.3,1,3,1,0,1
2026-10-05 12:23:51,23.56,47.35,803.9,1,10,1,0,1
2026-10-05 12:24:21,23.43,46.9,806.0,1,6,1,0,1
2026-10-05 12:24:51,23.67,47.26,808.0,1,13,1,0,1
2026-10-05 12:25:21,22.73,45.27,798.3,0,0,1,0,1
2026-10-05 12:25:51,23.43,46.53,800.6,1,4,1,0,1
2026-10-05 12:26:21,23.4,46.79,801.4,1,8,1,0,1
2026-10-05 12:26:51,23.47,47.22,805.9,1,7,1,0,1
2026-10-05 12:27:21,23.38,47.1,810.2,1,9,1,0,1
2026-10-05 12:27:51,23.71,47.0,813.1,1,9,1,0,1
2026-10-05 12:28:21,22.82,45.73,805.8,0,1,1,0,1
2026-10-05 12:28:51,23.49,47.28,807.2,1,4,1,0,1
2026-10-05 12:29:21,23.54,46.71,806.4,1,11,1,0,1
2026-10-05 12:29:51,23.4,47.21,810.4,1,10,1,0,1
2026-10-05 12:30:21,23.01,45.54,805.3,0,0,1,0,1
2026-10-05 12:30:51,23.64,47.38,808.0,1,3,1,0,1
2026-10-05 12:31:21,22.85,46.07,801.0,0,0,1,0,1
2026-10-05 12:31:51,23.92,47.29,800.4,1,4,1,0,1
2026-10-05 12:32:21,22.6,45.35,794.5,0,0,1,0,1
2026-10-05 12:32:51,22.57,45.03,788.7,0,0,1,0,1
2026-10-05 12:33:21,23.79,47.08,789.7,1,4,1,0,1
2026-10-05 12:33:51,22.78,46.04,783.9,0,0,1,0,1
2026-10-05 12:34:21,22.96,44.86,777.8,0,0,1,0,1
2026-10-05 12:34:51,22.92,45.66,771.2,0,0,1,0,1
2026-10-05 12:35:21,22.82,45.2,765.1,0,1,1,0,1
2026-10-05 12:35:51,22.73,45.9,760.1,0,1,1,0,1
2026-10-05 12:36:21,22.73,45.76,751.8,0,0,1,0,1
2026-10-05 12:36:51,22.71,45.33,744.7,0,0,1,0,1
2026-10-05 12:37:21,23.0,45.22,739.6,0,0,1,0,1
2026-10-05 12:37:51,22.62,45.29,731.9,0,0,1,0,1
2026-10-05 12:38:21,22.94,45.33,724.6,0,0,1,0,1
2026-10-05 12:38:51,22.74,45.17,718.1,0,0,1,0,1
2026-10-05 12:39:21,23.15,45.76,712.4,0,0,1,0,1
2026-10-05 12:39:51,23.66,47.04,715.3,1,7,1,0,1
2026-10-05 12:40:21,22.97,46.05,708.5,0,0,1,0,1
2026-10-05 12:40:51,23.13,45.07,702.3,0,0,1,0,1
2026-10-05 12:41:21,22.85,100.0,695.7,0,0,1,1,1
2026-10-05 12:41:51,22.84,45.65,689.4,0,0,1,0,1
2026-10-05 12:42:21,22.65,45.64,683.3,0,0,1,0,1
2026-10-05 12:42:51,23.06,45.4,678.0,0,0,1,0,1
2026-10-05 12:43:21,23.1,45.17,671.0,0,1,1,0,1
2026-10-05 12:43:51,23.08,45.66,664.8,0,0,1,0,1
2026-10-05 12:44:21,22.74,45.74,660.5,0,0,1,0,1
2026-10-05 12:44:51,22.93,45.21,655.6,0,0,1,0,1
2026-10-05 12:45:21,22.88,45.23,647.8,0,0,1,0,1
2026-10-05 12:45:51,22.85,45.25,641.2,0,0,1,0,1
2026-10-05 12:46:21,23.04,46.21,636.6,0,1,1,0,1
2026-10-05 12:46:51,22.92,45.24,630.8,0,0,1,0,1
2026-10-05 12:47:21,22.98,45.33,625.3,0,0,1,0,1
2026-10-05 12:47:51,22.98,44.68,621.5,0,0,1,0,1
2026-10-05 12:48:21,22.85,45.58,614.9,0,0,1,0,1
2026-10-05 12:48:51,22.94,45.91,608.0,0,0,1,0,1
2026-10-05 12:49:21,22.98,45.17,603.7,0,0,1,0,1
2026-10-05 12:49:51,22.87,45.33,597.2,0,0,1,0,1
2026-10-05 12:50:21,22.86,45.82,591.3,0,0,1,0,1
2026-10-05 12:50:51,23.03,45.09,583.8,0,0,1,0,1
2026-10-05 12:51:21,22.93,44.88,576.7,0,0,1,0,1
2026-10-05 12:51:51,23.11,44.61,570.4,0,0,1,0,1
2026-10-05 12:52:21,22.73,45.63,564.1,0,0,1,0,1
2026-10-05 12:52:51,23.11,45.77,556.1,0,0,1,0,1
2026-10-05 12:53:21,22.88,45.79,549.3,0,0,1,0,1
2026-10-05 12:53:51,23.13,45.68,542.8,0,0,1,0,1
2026-10-05 12:54:21,22.97,45.2,536.6,0,0,1,0,1
2026-10-05 12:54:51,23.08,45.12,530.7,0,0,1,0,1
2026-10-05 12:55:21,22.85,45.38,525.1,0,1,1,0,1
2026-10-05 12:55:51,23.1,44.95,520.8,0,0,1,0,1
2026-10-05 12:56:21,22.95,45.56,513.5,0,0,1,0,1
2026-10-05 12:56:51,23.78,47.36,517.4,1,11,1,0,1
2026-10-05 12:57:21,23.01,45.34,509.7,0,0,1,0,1
2026-10-05 12:57:51,23.07,45.84,501.4,0,0,1,0,1
2026-10-05 12:58:21,23.02,45.49,494.8,0,0,1,0,0
2026-10-05 12:58:51,22.92,45.34,488.1,0,1,1,0,0
2026-10-05 12:59:21,22.91,45.18,482.9,0,0,1,0,0
2026-10-05 12:59:51,23.17,45.62,475.3,0,0,1,0,0
2026-10-05 13:00:21,22.76,45.67,467.8,0,0,1,0,0
2026-10-05 13:00:51,22.78,45.29,463.3,0,0,1,0,0
2026-10-05 13:01:21,23.02,45.26,457.8,0,0,1,0,0
2026-10-05 13:01:51,24.17,45.51,455.3,0,1,0,0,0
2026-10-05 13:02:21,24.16,45.36,454.2,0,0,0,0,0
2026-10-05 13:02:51,24.2,45.27,454.0,0,0,0,0,0
2026-10-05 13:03:21,24.01,46.26,451.3,0,0,0,0,0
2026-10-05 13:03:51,24.2,45.32,448.9,0,0,0,0,0
2026-10-05 13:04:21,24.01,45.49,447.3,0,0,0,0,0
2026-10-05 13:04:51,24.18,45.29,444.3,0,0,0,0,0
2026-10-05 13:05:21,23.92,45.73,441.0,0,0,0,0,0
2026-10-05 13:05:51,24.3,45.21,437.7,0,0,0,0,0
2026-10-05 13:06:21,24.14,45.38,433.8,0,0,0,0,0
2026-10-05 13:06:51,23.89,45.48,431.0,0,0,0,0,0
2026-10-05 13:07:21,24.18,45.46,427.4,0,0,0,0,0
2026-10-05 13:07:51,24.1,45.76,425.4,0,0,0,0,0
2026-10-05 13:08:21,24.26,45.12,424.4,0,0,0,0,0
2026-10-05 13:08:51,24.29,46.05,422.4,0,0,0,0,0
2026-10-05 13:09:21,24.65,44.9,419.8,0,0,0,0,0
2026-10-05 13:09:51,24.02,45.37,416.7,0,0,0,0,0
2026-10-05 13:10:21,24.21,45.22,416.2,0,0,0,0,0
2026-10-05 13:10:51,24.44,46.0,415.1,0,0,0,0,0
2026-10-05 13:11:21,24.23,45.33,413.9,0,0,0,0,0
2026-10-05 13:11:51,24.39,45.34,413.5,0,1,0,0,0
2026-10-05 13:12:21,24.08,45.64,409.4,0,0,0,0,0
2026-10-05 13:12:51,24.25,45.79,405.9,0,0,0,0,0
2026-10-05 13:13:21,24.25,45.13,404.9,0,0,0,0,0
2026-10-05 13:13:51,24.11,45.63,403.8,0,1,0,0,0
2026-10-05 13:14:21,24.21,44.79,404.9,0,0,0,0,0
2026-10-05 13:14:51,24.19,45.58,405.8,0,0,0,0,0
2026-10-05 13:15:21,24.88,46.9,409.6,1,10,0,0,0
2026-10-05 13:15:51,24.45,45.6,408.2,0,0,0,0,0
2026-10-05 13:16:21,24.21,45.71,408.5,0,1,0,0,0
2026-10-05 13:16:51,24.19,45.05,408.1,0,0,0,0,0
2026-10-05 13:17:21,24.15,45.74,411.1,0,0,0,0,0
2026-10-05 13:17:51,24.27,45.36,409.9,0,0,0,0,0
2026-10-05 13:18:21,24.19,45.13,410.3,0,0,0,0,0
2026-10-05 13:18:51,24.12,45.0,408.4,0,0,0,0,0
2026-10-05 13:19:21,24.4,45.15,410.7,0,0,0,0,0
2026-10-05 13:19:51,24.09,45.59,407.0,0,0,0,0,0
2026-10-05 13:20:21,24.14,45.76,407.9,0,0,0,0,0
2026-10-05 13:20:51,24.26,45.35,406.7,0,0,0,0,0
2026-10-05 13:21:21,24.31,44.95,406.2,0,0,0,0,0
2026-10-05 13:21:51,24.22,44.93,406.5,0,0,0,0,0
2026-10-05 13:22:21,24.53,45.17,404.2,0,0,0,0,0
2026-10-05 13:22:51,24.25,45.31,403.6,0,0,0,0,0
2026-10-05 13:23:21,24.29,45.59,404.7,0,0,0,0,0
2026-10-05 13:23:51,24.41,45.07,403.2,0,0,0,0,0
2026-10-05 13:24:21,24.38,45.36,401.1,0,0,0,0,0
2026-10-05 13:24:51,24.15,44.59,401.3,0,0,0,0,0
2026-10-05 13:25:21,24.32,45.21,402.5,0,0,0,0,0
2026-10-05 13:25:51,24.09,45.36,401.9,0,0,0,0,0
2026-10-05 13:26:21,24.17,45.25,402.2,0,0,0,0,0
2026-10-05 13:26:51,24.4,45.19,403.1,0,0,0,0,0
2026-10-05 13:27:21,24.47,45.63,404.1,0,0,0,0,0
2026-10-05 13:27:51,24.35,45.2,403.2,0,0,0,0,0
2026-10-05 13:28:21,24.14,45.43,402.6,0,0,0,0,0
2026-10-05 13:28:51,24.64,44.47,402.6,0,0,0,0,0
2026-10-05 13:29:21,24.19,45.31,403.7,0,0,0,0,0
2026-10-05 13:29:51,24.32,45.01,401.8,0,0,0,0,0
2026-10-05 13:30:21,24.41,44.95,402.6,0,0,0,0,0
2026-10-05 13:30:51,24.23,44.85,400.6,0,0,0,0,0
2026-10-05 13:31:21,24.28,44.57,399.8,0,0,0,0,0
2026-10-05 13:31:51,24.12,44.65,397.9,0,0,0,0,0
2026-10-05 13:32:21,24.51,44.91,396.8,0,0,0,0,0
2026-10-05 13:32:51,24.09,45.3,396.8,0,0,0,0,0
2026-10-05 13:33:21,24.26,44.98,397.2,0,0,0,0,0
2026-10-05 13:33:51,24.17,45.49,397.3,0,0,0,0,0
2026-10-05 13:34:21,24.21,44.66,395.3,0,1,0,0,0
2026-10-05 13:34:51,24.39,44.96,395.6,0,0,0,0,0
2026-10-05 13:35:21,24.11,45.26,394.5,0,0,0,0,0
2026-10-05 13:35:51,25.02,46.03,399.9,1,3,0,0,0
2026-10-05 13:36:21,24.35,45.19,397.3,0,0,0,0,0
2026-10-05 13:36:51,24.14,45.07,397.3,0,0,0,0,0
2026-10-05 13:37:21,24.42,45.3,396.0,0,0,0,0,0
2026-10-05 13:37:51,24.3,44.82,395.8,0,0,0,0,0
2026-10-05 13:38:21,24.18,44.88,395.0,0,0,0,0,0
2026-10-05 13:38:51,24.35,45.06,392.3,0,0,0,0,0
2026-10-05 13:39:21,24.51,45.25,392.7,0,0,0,0,0
2026-10-05 13:39:51,24.45,44.56,391.8,0,0,0,0,0
2026-10-05 13:40:21,24.22,44.87,390.7,0,0,0,0,0
2026-10-05 13:40:51,24.95,46.62,396.1,1,7,0,0,0
2026-10-05 13:41:21,24.14,45.23,395.8,0,0,0,0,0
2026-10-05 13:41:51,24.65,44.95,396.8,0,0,0,0,0
2026-10-05 13:42:21,24.34,44.97,396.9,0,0,0,0,0
2026-10-05 13:42:51,24.45,45.32,395.5,0,0,0,0,0
2026-10-05 13:43:21,24.18,44.53,396.6,0,0,0,0,0
2026-10-05 13:43:51,24.5,45.17,398.7,0,0,0,0,0
2026-10-05 13:44:21,24.47,44.92,398.0,0,0,0,0,0
2026-10-05 13:44:51,24.2,45.3,396.1,0,0,0,0,0
2026-10-05 13:45:21,24.46,45.17,395.4,0,0,0,0,0
2026-10-05 13:45:51,24.38,45.26,395.0,0,0,0,0,0
2026-10-05 13:46:21,24.62,44.51,394.2,0,0,0,0,0
2026-10-05 13:46:51,24.2,44.9,393.4,0,0,0,0,0
2026-10-05 13:47:21,24.79,44.98,391.9,0,0,0,0,0
2026-10-05 13:47:51,24.36,45.2,389.0,0,0,0,0,0
2026-10-05 13:48:21,24.5,45.26,388.7,0,0,0,0,0
2026-10-05 13:48:51,24.49,45.28,389.1,0,0,0,0,0
2026-10-05 13:49:21,24.2,45.21,387.9,0,0,0,0,0
2026-10-05 13:49:51,24.46,45.28,385.5,0,0,0,0,0
2026-10-05 13:50:21,24.43,45.27,385.5,0,0,0,0,0
2026-10-05 13:50:51,24.47,44.93,385.0,0,0,0,0,0
2026-10-05 13:51:21,24.34,45.59,386.2,0,0,0,0,0
2026-10-05 13:51:51,24.32,45.34,385.2,0,0,0,0,0
2026-10-05 13:52:21,24.21,44.97,384.0,0,0,0,0,0
2026-10-05 13:52:51,24.45,45.4,383.8,0,0,0,0,0
2026-10-05 13:53:21,24.44,45.0,385.9,0,0,0,0,0
2026-10-05 13:53:51,24.66,44.97,383.9,0,0,0,0,0
2026-10-05 13:54:21,24.26,45.36,385.4,0,0,0,0,0
2026-10-05 13:54:51,24.41,45.39,383.8,0,0,0,0,0
2026-10-05 13:55:21,24.4,45.42,384.4,0,0,0,0,0
2026-10-05 13:55:51,24.38,45.2,385.3,0,0,0,0,0
2026-10-05 13:56:21,24.43,44.93,386.5,0,0,0,0,0
2026-10-05 13:56:51,24.15,44.59,387.2,0,0,0,0,0
2026-10-05 13:57:21,24.33,44.93,388.5,0,0,0,0,0
2026-10-05 13:57:51,24.37,45.23,389.3,0,1,0,0,0
2026-10-05 13:58:21,24.1,44.91,389.7,0,0,0,0,0
2026-10-05 13:58:51,24.36,45.18,390.3,0,0,0,0,0
2026-10-05 13:59:21,24.73,44.6,391.5,0,0,0,0,0
2026-10-05 13:59:51,24.4,45.13,389.0,0,0,0,0,0
2026-10-05 14:00:21,24.45,45.03,390.6,0,0,0,0,0
2026-10-05 14:00:51,25.43,46.46,396.3,1,10,0,0,0
2026-10-05 14:01:21,25.1,46.87,403.8,1,6,0,0,0
2026-10-05 14:01:51,24.97,47.03,410.6,1,8,0,0,0
2026-10-05 14:02:21,24.74,47.12,413.5,1,3,0,0,0
2026-10-05 14:02:51,25.1,46.46,420.4,1,10,0,0,0
2026-10-05 14:03:21,25.12,46.69,427.5,1,6,0,0,0
2026-10-05 14:03:51,25.45,45.88,435.3,1,12,0,0,0
2026-10-05 14:04:21,24.62,44.73,436.2,0,0,0,0,0
2026-10-05 14:04:51,25.53,46.87,444.0,1,8,0,0,0
2026-10-05 14:05:21,25.51,47.31,449.4,1,5,0,0,0
2026-10-05 14:05:51,25.32,46.09,455.2,1,12,0,0,0
2026-10-05 14:06:21,25.21,46.88,461.0,1,13,0,0,0
2026-10-05 14:06:51,24.5,45.52,460.2,0,0,0,0,0
2026-10-05 14:07:21,25.21,46.6,470.6,1,11,0,0,0
2026-10-05 14:07:51,25.23,47.09,476.1,1,12,0,0,0
2026-10-05 14:08:21,25.23,46.19,483.5,1,12,0,0,0
2026-10-05 14:08:51,25.46,46.74,487.0,1,3,0,0,0
2026-10-05 14:09:21,24.44,44.68,486.1,0,0,0,0,0
2026-10-05 14:09:51,25.15,46.49,492.3,1,13,0,0,0
2026-10-05 14:10:21,25.29,46.82,493.1,1,8,0,0,0
2026-10-05 14:10:51,25.12,46.78,496.8,1,11,0,0,0
2026-10-05 14:11:21,24.54,45.15,494.6,0,0,0,0,0
2026-10-05 14:11:51,25.41,46.51,498.9,1,12,0,0,0
2026-10-05 14:12:21,25.13,46.68,502.5,1,4,0,0,1
2026-10-05 14:12:51,24.4,45.06,499.1,0,0,0,0,0
2026-10-05 14:13:21,25.18,46.4,505.2,1,3,0,0,1
2026-10-05 14:13:51,25.35,46.78,512.8,1,3,0,0,1
2026-10-05 14:14:21,24.5,44.72,512.7,0,0,0,0,1
2026-10-05 14:14:51,25.06,46.72,520.0,1,7,0,0,1
2026-10-05 14:15:21,25.33,46.44,527.6,1,4,0,0,1
2026-10-05 14:15:51,25.32,46.47,533.9,1,13,0,0,1
2026-10-05 14:16:21,25.12,47.31,539.3,1,11,0,0,1
2026-10-05 14:16:51,25.26,46.31,545.8,1,11,0,0,1
2026-10-05 14:17:21,25.46,47.22,548.9,1,9,0,0,1
2026-10-05 14:17:51,25.51,46.46,557.5,1,13,0,0,1
2026-10-05 14:18:21,25.22,46.41,562.9,1,3,0,0,1
2026-10-05 14:18:51,25.27,46.92,564.7,1,6,0,0,1
2026-10-05 14:19:21,25.08,46.43,571.6,1,10,0,0,1
2026-10-05 14:19:51,25.58,46.63,577.8,1,8,0,0,1
2026-10-05 14:20:21,25.09,46.54,585.4,1,6,0,0,1
2026-10-05 14:20:51,25.15,46.71,593.7,1,9,0,0,1
2026-10-05 14:21:21,25.34,46.68,601.3,1,6,0,0,1
2026-10-05 14:21:51,25.15,46.03,606.2,1,9,0,0,1
2026-10-05 14:22:21,25.45,46.78,612.9,1,4,0,0,1
2026-10-05 14:22:51,24.61,45.11,610.8,0,0,0,0,1
2026-10-05 14:23:21,25.24,46.46,616.5,1,6,0,0,1
2026-10-05 14:23:51,25.27,46.51,621.7,1,12,0,0,1
2026-10-05 14:24:21,25.12,46.4,628.9,1,11,0,0,1
2026-10-05 14:24:51,25.47,46.09,639.1,1,13,0,0,1
2026-10-05 14:25:21,25.28,46.47,645.7,1,9,0,0,1
2026-10-05 14:25:51,25.07,47.28,649.9,1,9,0,0,1
2026-10-05 14:26:21,25.29,47.08,655.6,1,8,0,0,1
2026-10-05 14:26:51,25.2,46.57,661.2,1,12,0,0,1
2026-10-05 14:27:21,25.13,46.49,667.9,1,5,0,0,1
2026-10-05 14:27:51,25.3,46.27,672.1,1,3,0,0,1
2026-10-05 14:28:21,25.4,47.04,677.5,1,5,0,0,1
2026-10-05 14:28:51,25.4,46.75,683.2,1,13,0,0,1
2026-10-05 14:29:21,24.67,45.09,680.2,0,0,0,0,1
2026-10-05 14:29:51,24.58,45.64,677.3,0,0,0,0,1
2026-10-05 14:30:21,25.09,46.46,685.2,1,8,0,0,1
2026-10-05 14:30:51,24.7,45.17,682.3,0,0,0,0,1
2026-10-05 14:31:21,25.04,46.96,682.9,1,12,0,0,1
2026-10-05 14:31:51,25.51,46.16,686.5,1,6,0,0,1
2026-10-05 14:32:21,25.21,46.59,695.3,1,7,0,0,1
2026-10-05 14:32:51,24.62,45.06,693.2,0,0,0,0,1
2026-10-05 14:33:21,25.07,46.34,701.1,1,9,0,0,1
2026-10-05 14:33:51,25.23,46.25,706.2,1,6,0,0,1
2026-10-05 14:34:21,25.14,46.19,711.1,1,10,0,0,1
2026-10-05 14:34:51,25.17,46.39,717.5,1,10,0,0,1
2026-10-05 14:35:21,25.38,46.2,724.8,1,10,0,0,1
2026-10-05 14:35:51,25.42,46.04,729.1,1,8,0,0,1
2026-10-05 14:36:21,25.08,46.18,735.8,1,13,0,0,1
2026-10-05 14:36:51,25.11,47.03,737.6,1,8,0,0,1
2026-10-05 14:37:21,25.04,46.5,745.9,1,9,0,0,1
2026-10-05 14:37:51,25.13,46.9,749.8,1,3,0,0,1
2026-10-05 14:38:21,25.37,46.0,754.0,1,8,0,0,1
2026-10-05 14:38:51,25.28,46.67,757.8,1,5,0,0,1
2026-10-05 14:39:21,25.19,46.87,763.7,1,5,0,0,1
2026-10-05 14:39:51,25.39,46.62,769.3,1,10,0,0,1
2026-10-05 14:40:21,24.44,45.08,766.5,0,1,0,0,1
2026-10-05 14:40:51,25.24,46.78,774.5,1,11,0,0,1
2026-10-05 14:41:21,25.3,46.28,783.6,1,11,0,0,1
2026-10-05 14:41:51,24.23,46.0,785.1,1,10,1,0,1
2026-10-05 14:42:21,24.13,46.95,785.6,1,12,1,0,1
2026-10-05 14:42:51,24.13,46.65,788.7,1,10,1,0,1
2026-10-05 14:43:21,24.24,46.34,789.5,1,4,1,0,1
2026-10-05 14:43:51,24.48,47.27,789.7,1,13,1,0,1
2026-10-05 14:44:21,24.27,47.16,791.0,1,12,1,0,1
2026-10-05 14:44:51,24.08,46.57,796.9,1,11,1,0,1
2026-10-05 14:45:21,24.06,47.17,796.1,1,9,1,0,1
2026-10-05 14:45:51,24.27,45.65,799.0,1,12,1,0,1
2026-10-05 14:46:21,24.02,46.54,803.0,1,6,1,0,1
2026-10-05 14:46:51,24.1,45.83,808.1,1,13,1,0,1
2026-10-05 14:47:21,24.39,47.09,810.7,1,9,1,0,1
2026-10-05 14:47:51,24.26,46.94,813.2,1,6,1,0,1
2026-10-05 14:48:21,24.18,46.1,818.3,1,3,1,0,1
2026-10-05 14:48:51,24.38,46.51,816.3,1,3,1,0,1
2026-10-05 14:49:21,23.67,46.53,817.2,1,8,1,0,1
2026-10-05 14:49:51,23.34,45.45,811.0,0,0,1,0,1
2026-10-05 14:50:21,24.37,45.88,815.1,1,9,1,0,1
2026-10-05 14:50:51,24.04,47.07,815.9,1,13,1,0,1
2026-10-05 14:51:21,24.01,46.85,817.0,1,9,1,0,1
2026-10-05 14:51:51,23.96,46.39,818.0,1,6,1,0,1
2026-10-05 14:52:21,24.22,46.0,816.1,1,13,1,0,1
2026-10-05 14:52:51,24.23,46.64,821.6,1,11,1,0,1
2026-10-05 14:53:21,24.08,46.65,825.3,1,5,1,0,1
2026-10-05 14:53:51,24.12,46.74,827.1,1,5,1,0,1
2026-10-05 14:54:21,23.96,46.73,830.3,1,10,1,0,1
2026-10-05 14:54:51,24.22,46.52,832.4,1,6,1,0,1
2026-10-05 14:55:21,24.05,46.04,835.3,1,6,1,0,1
2026-10-05 14:55:51,24.06,46.97,837.8,1,10,1,0,1
2026-10-05 14:56:21,24.09,46.21,839.0,1,6,1,0,1
2026-10-05 14:56:51,24.4,46.66,843.1,1,9,1,0,1
2026-10-05 14:57:21,23.9,46.3,844.4,1,5,1,0,1
2026-10-05 14:57:51,24.03,47.1,842.5,1,11,1,0,1
2026-10-05 14:58:21,24.02,45.89,846.9,1,4,1,0,1
2026-10-05 14:58:51,23.26,44.92,840.2,0,0,1,0,1
2026-10-05 14:59:21,23.89,46.43,842.6,1,13,1,0,1
2026-10-05 14:59:51,24.15,46.86,843.0,1,8,1,0,1
2026-10-05 15:00:21,24.01,47.18,845.4,1,11,1,0,1
2026-10-05 15:00:51,24.06,46.51,845.6,1,7,1,0,1
2026-10-05 15:01:21,24.15,46.26,848.7,1,13,1,0,1
2026-10-05 15:01:51,23.98,47.03,846.9,1,4,1,0,1
2026-10-05 15:02:21,23.93,46.82,848.4,1,9,1,0,1
2026-10-05 15:02:51,24.1,46.05,848.6,1,6,1,0,1
2026-10-05 15:03:21,23.35,44.24,842.0,0,0,1,0,1
2026-10-05 15:03:51,24.03,47.1,844.5,1,8,1,0,1
2026-10-05 15:04:21,24.17,46.02,844.9,1,3,1,0,1
2026-10-05 15:04:51,24.0,45.93,845.9,1,9,1,0,1
2026-10-05 15:05:21,24.26,46.62,846.1,1,13,1,0,1
2026-10-05 15:05:51,23.95,46.55,846.6,1,4,1,0,1
2026-10-05 15:06:21,24.08,46.09,847.0,1,10,1,0,1
2026-10-05 15:06:51,23.11,44.88,840.5,0,0,1,0,1
2026-10-05 15:07:21,24.07,46.38,839.6,1,8,1,0,1
2026-10-05 15:07:51,23.74,46.12,837.9,1,8,1,0,1
2026-10-05 15:08:21,24.12,46.63,842.2,1,12,1,0,1
2026-10-05 15:08:51,24.03,46.27,847.3,1,13,1,0,1
2026-10-05 15:09:21,24.1,46.53,846.7,1,13,1,0,1
2026-10-05 15:09:51,24.15,47.16,849.6,1,13,1,0,1
2026-10-05 15:10:21,23.84,46.21,854.3,1,10,1,0,2
2026-10-05 15:10:51,24.23,46.06,855.2,1,10,1,0,2
2026-10-05 15:11:21,23.15,44.58,849.6,0,0,1,0,1
2026-10-05 15:11:51,23.98,46.01,850.0,1,13,1,0,2
2026-10-05 15:12:21,23.28,44.42,846.4,0,0,1,0,1
2026-10-05 15:12:51,24.1,46.35,849.2,1,9,1,0,1
2026-10-05 15:13:21,23.79,46.55,852.7,1,11,1,0,2
2026-10-05 15:13:51,24.14,46.42,854.8,1,8,1,0,2
2026-10-05 15:14:21,24.0,46.38,858.5,1,12,1,0,2
2026-10-05 15:14:51,24.13,46.41,861.4,1,12,1,0,2
2026-10-05 15:15:21,24.03,46.69,866.7,1,6,1,0,2
2026-10-05 15:15:51,24.0,46.37,866.1,1,10,1,0,2
2026-10-05 15:16:21,23.9,46.14,866.3,1,12,1,0,2
2026-10-05 15:16:51,24.28,46.72,872.2,1,5,1,0,2
2026-10-05 15:17:21,23.93,46.23,870.8,1,10,1,0,2
2026-10-05 15:17:51,23.97,46.67,871.2,1,7,1,0,2
2026-10-05 15:18:21,24.39,46.79,875.8,1,4,1,0,2
2026-10-05 15:18:51,24.14,46.9,875.4,1,12,1,0,2
2026-10-05 15:19:21,24.04,47.36,878.8,1,10,1,0,2
2026-10-05 15:19:51,24.08,46.42,882.8,1,3,1,0,2
2026-10-05 15:20:21,23.65,46.69,883.5,1,4,1,0,2
2026-10-05 15:20:51,23.88,47.05,888.2,1,13,1,0,2
2026-10-05 15:21:21,24.34,46.36,895.0,1,8,1,0,2
2026-10-05 15:21:51,24.21,46.44,894.4,1,13,1,0,2
2026-10-05 15:22:21,24.16,46.69,896.2,1,5,1,0,2
2026-10-05 15:22:51,24.16,46.0,898.7,1,13,1,0,2
2026-10-05 15:23:21,24.13,46.26,894.8,1,4,1,0,2
2026-10-05 15:23:51,24.15,46.45,896.6,1,12,1,0,2
2026-10-05 15:24:21,24.35,47.04,896.9,1,9,1,0,2
2026-10-05 15:24:51,23.9,46.77,898.6,1,10,1,0,2
2026-10-05 15:25:21,24.11,46.87,897.6,1,7,1,0,2
2026-10-05 15:25:51,23.11,45.22,892.5,0,0,1,0,2
2026-10-05 15:26:21,23.14,44.86,884.3,0,0,1,0,2
2026-10-05 15:26:51,23.45,44.75,877.1,0,0,1,0,2
2026-10-05 15:27:21,24.19,46.42,878.8,1,12,1,0,2
2026-10-05 15:27:51,23.89,46.2,880.8,1,10,1,0,2
2026-10-05 15:28:21,23.18,45.2,873.5,0,0,1,0,2
2026-10-05 15:28:51,23.93,45.95,871.0,1,5,1,0,2
2026-10-05 15:29:21,23.2,45.21,864.5,0,0,1,0,2
2026-10-05 15:29:51,24.12,45.94,864.6,1,3,1,0,2
2026-10-05 15:30:21,23.9,46.56,868.5,1,4,1,0,2
2026-10-05 15:30:51,24.23,47.6,869.9,1,10,1,0,2
2026-10-05 15:31:21,23.12,45.03,863.3,0,0,1,0,2
2026-10-05 15:31:51,24.16,46.69,866.0,1,5,1,0,2
2026-10-05 15:32:21,24.13,46.54,866.4,1,5,1,0,2
2026-10-05 15:32:51,24.35,46.28,866.2,1,6,1,0,2
2026-10-05 15:33:21,23.23,44.63,860.2,0,0,1,0,2
2026-10-05 15:33:51,24.27,46.34,860.2,1,5,1,0,2
2026-10-05 15:34:21,24.03,46.82,864.1,1,13,1,0,2
2026-10-05 15:34:51,23.21,45.38,858.9,0,0,1,0,2
2026-10-05 15:35:21,24.31,46.76,859.0,1,8,1,0,2
2026-10-05 15:35:51,23.05,45.19,853.6,0,0,1,0,2
2026-10-05 15:36:21,24.02,46.43,854.0,1,13,1,0,2
2026-10-05 15:36:51,24.13,45.98,854.2,1,9,1,0,2
2026-10-05 15:37:21,24.15,46.8,857.2,1,3,1,0,2
2026-10-05 15:37:51,24.08,46.21,861.3,1,3,1,0,2
2026-10-05 15:38:21,23.87,46.61,864.3,1,6,1,0,2
2026-10-05 15:38:51,24.23,46.16,864.0,1,10,1,0,2
2026-10-05 15:39:21,23.89,46.52,865.7,1,5,1,0,2
2026-10-05 15:39:51,23.96,46.73,861.8,1,7,1,0,2
2026-10-05 15:40:21,24.06,46.42,861.3,1,9,1,0,2
2026-10-05 15:40:51,23.86,46.03,862.3,1,12,1,0,2
2026-10-05 15:41:21,23.97,46.61,861.1,1,9,1,0,2
2026-10-05 15:41:51,23.9,46.6,862.0,1,6,1,0,2
2026-10-05 15:42:21,24.38,47.09,861.0,1,4,1,0,2
2026-10-05 15:42:51,24.05,46.39,861.4,1,7,1,0,2
2026-10-05 15:43:21,23.83,46.53,864.7,1,12,1,0,2
2026-10-05 15:43:51,24.14,46.38,866.2,1,8,1,0,2
2026-10-05 15:44:21,23.55,45.06,861.6,0,1,1,0,2
2026-10-05 15:44:51,24.2,46.86,863.1,1,3,1,0,2
2026-10-05 15:45:21,23.06,44.7,858.5,0,0,1,0,2
2026-10-05 15:45:51,23.09,45.31,854.2,0,0,1,0,2
2026-10-05 15:46:21,24.12,47.27,854.3,1,12,1,0,2
2026-10-05 15:46:51,24.24,45.67,854.8,1,7,1,0,2
2026-10-05 15:47:21,24.25,46.46,855.2,1,4,1,0,2
2026-10-05 15:47:51,23.33,45.25,850.1,0,0,1,0,2
2026-10-05 15:48:21,24.05,46.59,849.3,1,13,1,0,1
2026-10-05 15:48:51,24.16,46.89,850.5,1,9,1,0,2
2026-10-05 15:49:21,23.84,46.64,849.6,1,13,1,0,1
2026-10-05 15:49:51,23.96,46.41,848.8,1,9,1,0,1
2026-10-05 15:50:21,23.26,45.01,841.2,0,0,1,0,1
2026-10-05 15:50:51,23.95,46.29,841.8,1,10,1,0,1
2026-10-05 15:51:21,23.97,46.83,847.3,1,11,1,0,1
2026-10-05 15:51:51,24.25,46.43,851.5,1,12,1,0,2
2026-10-05 15:52:21,24.15,46.35,850.4,1,9,1,0,2
2026-10-05 15:52:51,24.1,46.61,851.7,1,9,1,0,2
2026-10-05 15:53:21,24.21,46.67,856.5,1,4,1,0,2
2026-10-05 15:53:51,23.83,46.79,857.5,1,11,1,0,2
2026-10-05 15:54:21,24.06,46.78,861.4,1,5,1,0,2
2026-10-05 15:54:51,24.02,46.87,866.9,1,11,1,0,2
2026-10-05 15:55:21,24.03,47.03,868.3,1,3,1,0,2
2026-10-05 15:55:51,23.35,44.71,860.4,0,0,1,0,2
2026-10-05 15:56:21,23.36,44.37,853.5,0,0,1,0,2
2026-10-05 15:56:51,24.08,46.47,856.8,1,3,1,0,2
2026-10-05 15:57:21,24.0,46.16,860.1,1,10,1,0,2
2026-10-05 15:57:51,22.92,45.3,853.1,0,1,1,0,2
2026-10-05 15:58:21,24.13,47.04,859.0,1,11,1,0,2
2026-10-05 15:58:51,23.79,46.35,861.7,1,9,1,0,2
2026-10-05 15:59:21,24.34,46.68,859.4,1,10,1,0,2
2026-10-05 15:59:51,24.1,46.16,860.2,1,8,1,0,2
2026-10-05 16:00:21,24.18,46.76,858.8,1,9,1,0,2
2026-10-05 16:00:51,24.13,46.56,858.2,1,11,1,0,2
2026-10-05 16:01:21,24.08,46.34,858.8,1,3,1,0,2
2026-10-05 16:01:51,23.13,45.4,851.5,0,0,1,0,2
2026-10-05 16:02:21,23.13,45.79,846.6,0,0,1,0,1
2026-10-05 16:02:51,23.83,46.85,850.0,1,13,1,0,2
2026-10-05 16:03:21,23.28,44.98,841.1,0,0,1,0,1
2026-10-05 16:03:51,23.95,46.3,842.0,1,6,1,0,1
2026-10-05 16:04:21,24.18,46.9,848.3,1,9,1,0,1
2026-10-05 16:04:51,23.76,46.16,850.0,1,11,1,0,2
2026-10-05 16:05:21,23.16,45.72,846.0,0,0,1,0,1
2026-10-05 16:05:51,23.91,45.98,848.0,1,4,1,0,1
2026-10-05 16:06:21,24.04,46.54,847.9,1,12,1,0,1
2026-10-05 16:06:51,23.91,47.09,850.9,1,6,1,0,2
2026-10-05 16:07:21,24.1,46.82,856.2,1,12,1,0,2
2026-10-05 16:07:51,23.82,46.07,861.3,1,4,1,0,2
2026-10-05 16:08:21,24.1,46.92,862.8,1,10,1,0,2
2026-10-05 16:08:51,23.78,46.63,866.0,1,10,1,0,2
2026-10-05 16:09:21,23.85,46.23,866.4,1,9,1,0,2
2026-10-05 16:09:51,24.01,46.8,869.3,1,8,1,0,2
2026-10-05 16:10:21,24.03,46.54,871.5,1,3,1,0,2
2026-10-05 16:10:51,23.96,46.45,869.6,1,3,1,0,2
2026-10-05 16:11:21,24.0,46.67,872.4,1,11,1,0,2
2026-10-05 16:11:51,23.95,47.15,876.7,1,5,1,0,2
2026-10-05 16:12:21,23.82,46.55,879.5,1,6,1,0,2
2026-10-05 16:12:51,23.97,47.13,884.8,1,11,1,0,2
2026-10-05 16:13:21,24.2,47.01,885.5,1,3,1,0,2
2026-10-05 16:13:51,23.83,46.73,885.8,1,8,1,0,2
2026-10-05 16:14:21,23.19,45.11,879.2,0,0,1,0,2
2026-10-05 16:14:51,23.07,45.15,874.0,0,0,1,0,2
2026-10-05 16:15:21,23.75,46.54,875.1,1,11,1,0,2
2026-10-05 16:15:51,23.87,46.72,872.9,1,3,1,0,2
2026-10-05 16:16:21,23.9,46.83,871.3,1,11,1,0,2
2026-10-05 16:16:51,24.24,46.78,871.2,1,12,1,0,2
2026-10-05 16:17:21,24.03,46.37,874.8,1,13,1,0,2
2026-10-05 16:17:51,23.6,46.23,874.4,1,5,1,0,2
2026-10-05 16:18:21,24.21,47.02,877.2,1,12,1,0,2
2026-10-05 16:18:51,22.98,44.32,869.0,0,0,1,0,2
2026-10-05 16:19:21,23.78,46.29,870.7,1,6,1,0,2
2026-10-05 16:19:51,23.88,46.85,874.6,1,5,1,0,2
2026-10-05 16:20:21,24.02,46.58,877.0,1,7,1,0,2
2026-10-05 16:20:51,24.09,46.88,875.0,1,10,1,0,2
2026-10-05 16:21:21,24.04,47.28,876.0,1,12,1,0,2
2026-10-05 16:21:51,24.06,46.74,874.9,1,9,1,0,2
2026-10-05 16:22:21,23.24,45.29,869.5,0,1,1,0,2
2026-10-05 16:22:51,23.97,46.05,868.2,1,10,1,0,2
2026-10-05 16:23:21,23.94,46.94,869.1,1,9,1,0,2
2026-10-05 16:23:51,23.24,45.17,862.7,0,0,1,0,2
2026-10-05 16:24:21,24.13,46.48,860.4,1,6,1,0,2
2026-10-05 16:24:51,23.87,46.94,863.8,1,11,1,0,2
2026-10-05 16:25:21,23.76,46.53,864.1,1,10,1,0,2
2026-10-05 16:25:51,23.91,46.86,864.1,1,4,1,0,2
2026-10-05 16:26:21,23.98,46.62,865.2,1,10,1,0,2
2026-10-05 16:26:51,23.96,46.74,868.7,1,6,1,0,2
2026-10-05 16:27:21,23.1,44.85,863.6,0,0,1,0,2
2026-10-05 16:27:51,23.99,46.32,864.5,1,6,1,0,2
2026-10-05 16:28:21,23.96,46.46,864.0,1,6,1,0,2
2026-10-05 16:28:51,24.13,46.99,862.8,1,4,1,0,2
2026-10-05 16:29:21,23.72,46.23,861.3,1,11,1,0,2
2026-10-05 16:29:51,23.97,46.98,863.1,1,5,1,0,2
2026-10-05 16:30:21,24.24,46.39,861.3,1,3,1,0,2
2026-10-05 16:30:51,23.05,45.13,854.8,0,0,1,0,2
2026-10-05 16:31:21,24.06,47.0,859.6,1,6,1,0,2
2026-10-05 16:31:51,23.96,47.22,862.9,1,11,1,0,2
2026-10-05 16:32:21,23.99,46.81,863.9,1,8,1,0,2
2026-10-05 16:32:51,24.04,46.79,866.8,1,9,1,0,2
2026-10-05 16:33:21,23.12,44.86,861.4,0,0,1,0,2
2026-10-05 16:33:51,23.87,46.34,862.6,1,13,1,0,2
2026-10-05 16:34:21,23.85,46.63,861.3,1,9,1,0,2
2026-10-05 16:34:51,23.9,46.83,859.5,1,11,1,0,2
2026-10-05 16:35:21,23.89,46.71,862.8,1,8,1,0,2
2026-10-05 16:35:51,23.35,44.98,857.8,0,0,1,0,2
2026-10-05 16:36:21,23.89,46.96,854.1,1,6,1,0,2
2026-10-05 16:36:51,23.81,46.41,852.5,1,13,1,0,2
2026-10-05 16:37:21,24.12,46.79,854.7,1,7,1,0,2
2026-10-05 16:37:51,23.75,46.51,853.3,1,12,1,0,2
2026-10-05 16:38:21,23.75,46.75,854.4,1,3,1,0,2
2026-10-05 16:38:51,23.87,46.62,855.5,1,8,1,0,2
2026-10-05 16:39:21,23.86,46.63,858.8,1,8,1,0,2
2026-10-05 16:39:51,23.86,46.65,863.4,1,6,1,0,2
2026-10-05 16:40:21,24.0,46.4,866.4,1,6,1,0,2
2026-10-05 16:40:51,23.98,46.39,869.6,1,4,1,0,2
2026-10-05 16:41:21,23.76,46.87,868.5,1,9,1,0,2
2026-10-05 16:41:51,23.75,47.09,870.1,1,7,1,0,2
2026-10-05 16:42:21,23.87,46.75,876.0,1,8,1,0,2
2026-10-05 16:42:51,23.91,47.56,879.6,1,3,1,0,2
2026-10-05 16:43:21,23.3,44.76,873.6,0,0,1,0,2
2026-10-05 16:43:51,24.0,47.48,874.6,1,12,1,0,2
2026-10-05 16:44:21,23.62,46.82,872.9,1,6,1,0,2
2026-10-05 16:44:51,23.89,46.81,872.8,1,11,1,0,2
2026-10-05 16:45:21,23.03,45.26,868.8,0,0,1,0,2
2026-10-05 16:45:51,23.77,46.57,869.9,1,8,1,0,2
2026-10-05 16:46:21,23.01,45.54,864.9,0,1,1,0,2
2026-10-05 16:46:51,24.04,46.34,866.3,1,4,1,0,2
2026-10-05 16:47:21,23.79,46.67,869.8,1,6,1,0,2
2026-10-05 16:47:51,23.34,45.65,864.9,0,0,1,0,2
2026-10-05 16:48:21,23.87,47.08,866.3,1,8,1,0,2
2026-10-05 16:48:51,23.59,46.95,862.8,1,7,1,0,2
2026-10-05 16:49:21,23.2,45.45,856.8,0,0,1,0,2
2026-10-05 16:49:51,24.0,46.47,859.5,1,10,1,0,2
2026-10-05 16:50:21,24.11,46.9,862.7,1,6,1,0,2
2026-10-05 16:50:51,23.93,47.15,864.9,1,10,1,0,2
2026-10-05 16:51:21,23.66,47.07,863.8,1,5,1,0,2
2026-10-05 16:51:51,23.96,46.87,864.6,1,6,1,0,2
2026-10-05 16:52:21,23.02,45.31,858.5,0,0,1,0,2
2026-10-05 16:52:51,23.79,47.01,857.7,1,10,1,0,2
2026-10-05 16:53:21,23.62,46.58,857.1,1,10,1,0,2
2026-10-05 16:53:51,24.11,47.12,860.7,1,9,1,0,2
2026-10-05 16:54:21,23.99,46.85,861.5,1,12,1,0,2
2026-10-05 16:54:51,23.89,46.68,861.8,1,7,1,0,2
2026-10-05 16:55:21,23.71,46.69,865.1,1,6,1,0,2
2026-10-05 16:55:51,22.9,45.24,858.8,0,0,1,0,2
2026-10-05 16:56:21,23.03,44.97,852.7,0,0,1,0,2
2026-10-05 16:56:51,23.81,46.52,852.9,1,9,1,0,2
2026-10-05 16:57:21,23.97,45.91,851.8,1,12,1,0,2
2026-10-05 16:57:51,23.88,46.88,850.9,1,6,1,0,2
2026-10-05 16:58:21,23.78,46.77,850.5,1,3,1,0,2
2026-10-05 16:58:51,23.65,46.71,854.1,1,9,1,0,2
2026-10-05 16:59:21,23.87,46.88,859.5,1,7,1,0,2
2026-10-05 16:59:51,22.72,45.91,853.4,0,0,1,0,2
2026-10-05 17:00:21,24.02,46.47,851.6,1,4,1,0,2
2026-10-05 17:00:51,22.8,45.84,845.8,0,0,1,0,1
2026-10-05 17:01:21,23.63,46.93,850.7,1,11,1,0,2
2026-10-05 17:01:51,23.91,47.29,853.5,1,10,1,0,2
2026-10-05 17:02:21,23.77,47.1,857.2,1,8,1,0,2
2026-10-05 17:02:51,23.87,46.49,855.6,1,3,1,0,2
2026-10-05 17:03:21,23.81,47.04,856.0,1,4,1,0,2
2026-10-05 17:03:51,23.75,46.43,858.9,1,9,1,0,2
2026-10-05 17:04:21,23.61,46.92,856.8,1,4,1,0,2
2026-10-05 17:04:51,23.82,46.53,860.8,1,7,1,0,2
2026-10-05 17:05:21,22.97,45.64,854.4,0,0,1,0,2
2026-10-05 17:05:51,23.49,46.64,854.0,1,3,1,0,2
2026-10-05 17:06:21,23.7,46.97,853.4,1,6,1,0,2
2026-10-05 17:06:51,23.66,46.85,856.8,1,6,1,0,2
2026-10-05 17:07:21,22.82,45.4,852.1,0,1,1,0,2
2026-10-05 17:07:51,23.95,47.13,851.5,1,5,1,0,2
2026-10-05 17:08:21,23.75,46.6,852.1,1,12,1,0,2
2026-10-05 17:08:51,23.54,47.41,855.3,1,10,1,0,2
2026-10-05 17:09:21,23.53,45.96,857.0,1,8,1,0,2
2026-10-05 17:09:51,23.52,46.6,856.3,1,12,1,0,2
2026-10-05 17:10:21,23.75,46.68,855.0,1,4,1,0,2
2026-10-05 17:10:51,23.72,47.11,854.6,1,4,1,0,2
2026-10-05 17:11:21,23.68,46.88,855.0,1,8,1,0,2
2026-10-05 17:11:51,23.86,46.63,857.5,1,3,1,0,2
2026-10-05 17:12:21,23.73,46.82,859.2,1,10,1,0,2
2026-10-05 17:12:51,22.71,45.42,852.6,0,0,1,0,2
2026-10-05 17:13:21,23.81,47.27,853.4,1,3,1,0,2
2026-10-05 17:13:51,22.74,45.75,845.7,0,0,1,0,1
2026-10-05 17:14:21,23.9,47.03,848.2,1,5,1,0,1
2026-10-05 17:14:51,23.56,46.36,847.0,1,9,1,0,1
2026-10-05 17:15:21,23.57,47.01,851.4,1,5,1,0,2
2026-10-05 17:15:51,23.44,46.68,849.4,1,10,1,0,1
2026-10-05 17:16:21,23.47,46.84,851.7,1,5,1,0,2
2026-10-05 17:16:51,23.86,46.4,848.9,1,7,1,0,1
2026-10-05 17:17:21,23.72,46.16,848.9,1,9,1,0,1
2026-10-05 17:17:51,23.58,47.14,850.6,1,8,1,0,2
2026-10-05 17:18:21,23.65,47.98,851.3,1,13,1,0,2
2026-10-05 17:18:51,22.9,45.26,846.3,0,0,1,0,1
2026-10-05 17:19:21,22.76,45.06,837.2,0,0,1,0,1
2026-10-05 17:19:51,23.52,47.03,836.4,1,6,1,0,1
2026-10-05 17:20:21,23.71,46.99,2500.0,1,11,1,1,2
2026-10-05 17:20:51,23.47,46.98,1250.0,1,5,1,0,2
2026-10-05 17:21:21,22.76,45.38,1243.1,0,1,1,0,2
2026-10-05 17:21:51,23.72,46.58,1242.2,1,13,1,0,2
2026-10-05 17:22:21,23.57,47.48,1242.1,1,13,1,0,2
2026-10-05 17:22:51,23.7,46.66,1240.3,1,5,1,0,2
2026-10-05 17:23:21,23.52,46.58,1238.3,1,9,1,0,2
2026-10-05 17:23:51,23.62,47.41,1239.0,1,13,1,0,2
2026-10-05 17:24:21,23.54,46.95,1239.6,1,5,1,0,2
2026-10-05 17:24:51,23.62,47.4,1240.4,1,9,1,0,2
2026-10-05 17:25:21,23.35,46.86,1243.3,1,3,1,0,2
2026-10-05 17:25:51,22.75,45.71,1235.5,0,0,1,0,2
2026-10-05 17:26:21,22.74,45.95,1232.0,0,0,1,0,2
2026-10-05 17:26:51,23.6,46.99,1231.0,1,3,1,0,2
2026-10-05 17:27:21,22.81,45.39,1224.6,0,0,1,0,2
2026-10-05 17:27:51,23.39,47.66,1226.6,1,13,1,0,2
2026-10-05 17:28:21,23.88,46.56,1225.4,1,13,1,0,2
2026-10-05 17:28:51,23.57,46.84,1228.4,1,3,1,0,2
2026-10-05 17:29:21,22.6,45.26,1223.9,0,0,1,0,2
2026-10-05 17:29:51,23.56,47.81,1226.4,1,13,1,0,2
2026-10-05 17:30:21,23.42,47.02,1225.5,1,11,1,0,2
2026-10-05 17:30:51,23.04,45.57,1219.4,0,0,1,0,2
2026-10-05 17:31:21,23.69,46.92,1219.7,1,6,1,0,2
2026-10-05 17:31:51,22.87,45.17,1211.5,0,0,1,0,2
2026-10-05 17:32:21,23.73,47.47,1213.2,1,8,1,0,2
2026-10-05 17:32:51,23.76,48.15,1216.9,1,12,1,0,2
2026-10-05 17:33:21,23.58,47.21,1218.1,1,8,1,0,2
2026-10-05 17:33:51,23.55,47.73,1218.5,1,13,1,0,2
2026-10-05 17:34:21,24.07,47.19,1223.4,1,4,1,0,2
2026-10-05 17:34:51,23.28,47.54,1224.2,1,4,1,0,2
2026-10-05 17:35:21,23.69,47.41,1224.3,1,11,1,0,2
2026-10-05 17:35:51,23.42,47.36,1225.2,1,13,1,0,2
2026-10-05 17:36:21,23.58,47.2,1226.9,1,8,1,0,2
2026-10-05 17:36:51,22.61,45.52,1221.3,0,0,1,0,2
2026-10-05 17:37:21,23.59,47.34,1227.2,1,4,1,0,2
2026-10-05 17:37:51,22.77,45.51,1221.5,0,0,1,0,2
2026-10-05 17:38:21,22.73,45.52,1215.0,0,0,1,0,2
2026-10-05 17:38:51,23.63,47.55,1213.8,1,8,1,0,2
2026-10-05 17:39:21,23.6,47.27,1212.7,1,10,1,0,2
2026-10-05 17:39:51,23.49,47.22,1215.0,1,5,1,0,2
2026-10-05 17:40:21,22.82,46.21,1209.4,0,0,1,0,2
2026-10-05 17:40:51,23.54,47.23,1211.3,1,3,1,0,2
2026-10-05 17:41:21,22.45,45.32,1204.5,0,0,1,0,2
2026-10-05 17:41:51,23.4,47.25,1204.8,1,3,1,0,2
2026-10-05 17:42:21,23.34,47.38,1206.1,1,13,1,0,2
2026-10-05 17:42:51,23.36,46.87,1209.2,1,13,1,0,2
2026-10-05 17:43:21,22.6,45.85,1204.2,0,0,1,0,2
2026-10-05 17:43:51,23.58,47.16,1204.4,1,10,1,0,2
2026-10-05 17:44:21,23.23,47.33,1206.0,1,10,1,0,2
2026-10-05 17:44:51,22.59,45.74,1201.2,0,1,1,0,2
2026-10-05 17:45:21,22.5,45.83,1195.5,0,0,1,0,2
2026-10-05 17:45:51,22.58,45.57,1189.4,0,0,1,0,2
2026-10-05 17:46:21,23.43,47.45,1186.9,1,11,1,0,2
2026-10-05 17:46:51,23.56,47.72,1187.5,1,6,1,0,2
2026-10-05 17:47:21,23.51,47.33,1190.1,1,7,1,0,2
2026-10-05 17:47:51,22.56,45.83,1186.0,0,0,1,0,2
2026-10-05 17:48:21,23.3,46.92,1186.2,1,9,1,0,2
2026-10-05 17:48:51,23.55,47.61,1187.2,1,5,1,0,2
2026-10-05 17:49:21,23.44,47.57,1187.9,1,13,1,0,2
2026-10-05 17:49:51,23.29,46.94,1190.8,1,4,1,0,2
2026-10-05 17:50:21,22.42,45.71,1187.5,0,1,1,0,2
2026-10-05 17:50:51,23.49,46.79,1187.0,1,9,1,0,2
2026-10-05 17:51:21,23.28,47.35,1185.7,1,3,1,0,2
2026-10-05 17:51:51,23.78,47.37,1190.2,1,3,1,0,2
2026-10-05 17:52:21,23.58,47.21,1191.7,1,6,1,0,2
2026-10-05 17:52:51,23.5,47.74,1191.4,1,10,1,0,2
2026-10-05 17:53:21,23.36,47.76,1193.6,1,9,1,0,2
2026-10-05 17:53:51,23.23,47.85,1197.1,1,13,1,0,2
2026-10-05 17:54:21,23.69,47.34,1198.1,1,8,1,0,2
2026-10-05 17:54:51,23.69,46.69,1200.5,1,11,1,0,2
2026-10-05 17:55:21,22.54,45.69,1194.3,0,0,1,0,2
2026-10-05 17:55:51,23.29,100.0,1198.3,1,13,1,1,2
2026-10-05 17:56:21,23.51,47.72,1202.1,1,3,1,0,2
2026-10-05 17:56:51,23.28,47.44,1202.7,1,3,1,0,2
2026-10-05 17:57:21,23.41,46.76,1202.8,1,11,1,0,2
2026-10-05 17:57:51,23.28,46.95,1204.9,1,10,1,0,2
2026-10-05 17:58:21,22.78,45.9,1196.9,0,0,1,0,2
2026-10-05 17:58:51,22.66,46.11,1190.3,0,0,1,0,2
2026-10-05 17:59:21,23.35,47.5,1191.7,1,13,1,0,2
2026-10-05 17:59:51,23.45,47.18,1193.7,1,8,1,0,2
2026-10-05 18:00:21,23.47,47.57,1195.3,1,13,1,0,2
2026-10-05 18:00:51,22.83,46.08,1187.4,0,0,1,0,2
2026-10-05 18:01:21,23.21,47.03,1190.9,1,13,1,0,2
2026-10-05 18:01:51,23.22,46.86,1191.4,1,8,1,0,2
2026-10-05 18:02:21,23.44,47.35,1189.5,1,8,1,0,2
2026-10-05 18:02:51,22.51,45.79,1182.4,0,0,1,0,2
2026-10-05 18:03:21,23.28,46.79,1180.6,1,7,1,0,2
2026-10-05 18:03:51,22.46,46.65,1173.5,0,0,1,0,2
2026-10-05 18:04:21,23.21,47.31,1173.0,1,5,1,0,2
2026-10-05 18:04:51,23.29,47.04,1171.7,1,6,1,0,2
2026-10-05 18:05:21,23.37,47.49,1175.0,1,4,1,0,2
2026-10-05 18:05:51,22.67,46.03,1167.2,0,0,1,0,2
2026-10-05 18:06:21,23.25,47.1,1169.6,1,3,1,0,2
2026-10-05 18:06:51,23.44,47.46,1167.9,1,9,1,0,2
2026-10-05 18:07:21,22.56,45.63,1163.2,0,0,1,0,2
2026-10-05 18:07:51,23.38,48.04,1165.8,1,13,1,0,2
2026-10-05 18:08:21,23.21,47.75,1167.3,1,11,1,0,2
2026-10-05 18:08:51,22.37,45.92,1159.7,0,0,1,0,2
2026-10-05 18:09:21,23.11,47.34,1160.1,1,13,1,0,2
2026-10-05 18:09:51,23.36,46.84,1158.0,1,12,1,0,2
2026-10-05 18:10:21,23.35,47.29,1158.7,1,10,1,0,2
2026-10-05 18:10:51,23.06,47.02,1156.7,1,11,1,0,2
2026-10-05 18:11:21,23.37,47.62,1156.5,1,6,1,0,2
2026-10-05 18:11:51,23.32,47.0,1159.8,1,4,1,0,2
2026-10-05 18:12:21,23.51,47.24,1161.3,1,12,1,0,2
2026-10-05 18:12:51,75.0,45.81,1155.1,0,1,1,1,2
2026-10-05 18:13:21,23.5,48.13,1157.0,1,7,1,0,2
2026-10-05 18:13:51,23.13,47.6,1159.6,1,5,1,0,2
2026-10-05 18:14:21,22.77,45.96,1153.0,0,0,1,0,2
2026-10-05 18:14:51,23.39,47.89,1154.1,1,7,1,0,2
2026-10-05 18:15:21,23.17,47.22,1158.6,1,7,1,0,2
2026-10-05 18:15:51,22.97,46.69,1160.0,1,7,1,0,2
2026-10-05 18:16:21,23.29,47.12,1160.4,1,13,1,0,2
2026-10-05 18:16:51,23.31,47.9,1160.3,1,12,1,0,2
2026-10-05 18:17:21,23.13,47.59,1160.2,1,8,1,0,2
2026-10-05 18:17:51,23.46,47.5,1161.6,1,5,1,0,2
2026-10-05 18:18:21,23.43,47.54,1164.6,1,4,1,0,2
2026-10-05 18:18:51,23.22,47.69,1166.7,1,8,1,0,2
2026-10-05 18:19:21,22.93,47.54,1169.0,1,12,1,0,2
2026-10-05 18:19:51,23.05,47.62,1168.5,1,12,1,0,2
2026-10-05 18:20:21,23.24,47.38,1170.9,1,10,1,0,2
2026-10-05 18:20:51,23.27,47.32,1171.3,1,9,1,0,2
2026-10-05 18:21:21,23.21,47.57,1175.0,1,9,1,0,2
2026-10-05 18:21:51,23.48,47.7,1177.9,1,5,1,0,2
2026-10-05 18:22:21,23.35,46.82,1179.0,1,10,1,0,2
2026-10-05 18:22:51,23.15,47.36,1179.0,1,6,1,0,2
2026-10-05 18:23:21,22.29,45.96,1172.5,0,0,1,0,2
2026-10-05 18:23:51,23.24,47.56,1174.5,1,6,1,0,2
2026-10-05 18:24:21,22.28,46.13,1167.8,0,0,1,0,2
2026-10-05 18:24:51,23.05,47.77,1172.6,1,4,1,0,2
2026-10-05 18:25:21,22.09,46.54,1165.8,0,0,1,0,2
2026-10-05 18:25:51,22.38,45.51,1159.6,0,1,1,0,2
2026-10-05 18:26:21,23.17,47.75,1161.3,1,13,1,0,2
2026-10-05 18:26:51,23.02,47.82,1163.1,1,12,1,0,2
2026-10-05 18:27:21,23.0,47.14,1164.2,1,10,1,0,2
2026-10-05 18:27:51,23.46,48.1,1167.5,1,11,1,0,2
2026-10-05 18:28:21,22.4,46.93,1163.2,0,0,1,0,2
2026-10-05 18:28:51,23.11,46.75,1165.6,1,3,1,0,2
2026-10-05 18:29:21,22.11,46.24,1160.0,0,0,1,0,2
2026-10-05 18:29:51,23.3,47.66,1161.8,1,6,1,0,2
2026-10-05 18:30:21,22.8,48.27,1162.3,1,4,1,0,2
2026-10-05 18:30:51,22.15,46.22,1159.0,0,0,1,0,2
2026-10-05 18:31:21,23.14,47.65,1162.0,1,5,1,0,2
2026-10-05 18:31:51,23.12,47.84,1163.5,1,12,1,0,2
2026-10-05 18:32:21,22.52,46.17,1158.1,0,0,1,0,2
2026-10-05 18:32:51,22.4,46.05,1151.9,0,0,1,0,2
2026-10-05 18:33:21,23.08,47.87,1154.3,1,3,1,0,2
2026-10-05 18:33:51,22.99,47.98,1154.4,1,3,1,0,2
2026-10-05 18:34:21,23.02,47.48,1155.3,1,13,1,0,2
2026-10-05 18:34:51,23.17,47.25,1156.7,1,8,1,0,2
2026-10-05 18:35:21,23.12,48.48,1160.7,1,8,1,0,2
2026-10-05 18:35:51,23.42,47.43,1159.6,1,7,1,0,2
2026-10-05 18:36:21,23.13,47.34,1160.2,1,4,1,0,2
2026-10-05 18:36:51,23.1,47.6,1163.9,1,4,1,0,2
2026-10-05 18:37:21,22.03,46.1,1158.1,0,0,1,0,2
2026-10-05 18:37:51,23.02,47.85,1159.5,1,8,1,0,2
2026-10-05 18:38:21,23.14,47.54,1164.3,1,3,1,0,2
2026-10-05 18:38:51,22.84,48.05,1163.7,1,13,1,0,2
2026-10-05 18:39:21,23.08,47.3,1164.3,1,7,1,0,2
2026-10-05 18:39:51,22.96,47.71,1168.1,1,12,1,0,2
2026-10-05 18:40:21,23.02,47.35,1168.9,1,13,1,0,2
2026-10-05 18:40:51,22.27,45.88,1162.7,0,0,1,0,2
2026-10-05 18:41:21,23.09,47.15,1162.8,1,4,1,0,2
2026-10-05 18:41:51,22.96,47.7,1166.7,1,11,1,0,2
2026-10-05 18:42:21,23.03,47.72,1170.3,1,4,1,0,2
2026-10-05 18:42:51,23.03,47.75,1170.9,1,3,1,0,2
2026-10-05 18:43:21,23.05,48.24,1175.1,1,8,1,0,2
2026-10-05 18:43:51,22.92,47.68,1176.3,1,13,1,0,2
2026-10-05 18:44:21,22.97,48.25,1176.9,1,7,1,0,2
2026-10-05 18:44:51,22.92,48.2,1178.0,1,6,1,0,2
2026-10-05 18:45:21,23.04,47.78,1179.1,1,5,1,0,2
2026-10-05 18:45:51,23.18,47.56,1180.6,1,3,1,0,2
2026-10-05 18:46:21,23.02,48.09,1186.4,1,12,1,0,2
2026-10-05 18:46:51,22.92,47.71,1186.5,1,9,1,0,2
2026-10-05 18:47:21,22.2,46.04,1178.7,0,0,1,0,2
2026-10-05 18:47:51,22.82,48.2,1178.8,1,12,1,0,2
2026-10-05 18:48:21,22.13,46.03,1172.3,0,0,1,0,2
2026-10-05 18:48:51,22.98,47.26,1175.8,1,6,1,0,2
2026-10-05 18:49:21,23.06,47.71,1173.9,1,9,1,0,2
2026-10-05 18:49:51,22.75,47.76,1173.7,1,13,1,0,2
2026-10-05 18:50:21,22.86,48.2,1174.6,1,4,1,0,2
2026-10-05 18:50:51,22.81,47.86,1177.0,1,12,1,0,2
2026-10-05 18:51:21,22.94,47.72,1178.7,1,11,1,0,2
2026-10-05 18:51:51,23.22,48.26,1181.3,1,6,1,0,2
2026-10-05 18:52:21,23.17,47.63,1185.9,1,9,1,0,2
2026-10-05 18:52:51,23.02,47.82,1187.8,1,10,1,0,2
2026-10-05 18:53:21,22.94,47.57,1188.7,1,11,1,0,2
2026-10-05 18:53:51,22.95,48.24,1191.3,1,4,1,0,2
2026-10-05 18:54:21,22.9,47.47,1190.8,1,10,1,0,2
2026-10-05 18:54:51,22.75,47.65,1192.4,1,7,1,0,2
2026-10-05 18:55:21,23.02,47.98,1192.3,1,10,1,0,2
2026-10-05 18:55:51,22.88,47.75,1192.6,1,3,1,0,2
2026-10-05 18:56:21,22.89,48.01,1192.7,1,12,1,0,2
2026-10-05 18:56:51,22.75,48.15,1191.3,1,7,1,0,2
2026-10-05 18:57:21,22.6,47.4,1193.3,1,5,1,0,2
2026-10-05 18:57:51,23.14,48.18,1195.0,1,4,1,0,2
2026-10-05 18:58:21,21.96,46.47,1187.6,0,0,1,0,2
2026-10-05 18:58:51,22.7,47.9,1187.6,1,11,1,0,2
2026-10-05 18:59:21,22.54,48.15,1189.3,1,8,1,0,2
2026-10-05 18:59:51,22.93,47.74,1189.3,1,10,1,0,2
2026-10-05 19:00:21,22.73,47.41,1188.6,1,8,1,0,2
2026-10-05 19:00:51,22.97,48.32,1192.2,1,7,1,0,2
2026-10-05 19:01:21,21.68,46.74,1185.0,0,0,1,0,2
2026-10-05 19:01:51,22.82,47.13,1184.8,1,8,1,0,2
2026-10-05 19:02:21,21.98,46.32,1179.2,0,0,1,0,2
2026-10-05 19:02:51,22.81,48.37,1181.3,1,7,1,0,2
2026-10-05 19:03:21,22.04,46.17,1177.8,0,0,1,0,2
2026-10-05 19:03:51,22.18,46.85,1172.5,0,0,1,0,2
2026-10-05 19:04:21,22.0,46.71,1165.4,0,0,1,0,2
2026-10-05 19:04:51,22.86,47.91,1170.4,1,6,1,0,2
2026-10-05 19:05:21,22.05,45.91,1165.0,0,0,1,0,2
2026-10-05 19:05:51,22.95,48.37,1162.7,1,3,1,0,2
2026-10-05 19:06:21,23.01,48.12,1164.5,1,6,1,0,2
2026-10-05 19:06:51,21.67,46.23,1157.7,0,0,1,0,2
2026-10-05 19:07:21,22.81,48.31,1160.5,1,7,1,0,2
2026-10-05 19:07:51,22.77,47.38,1158.3,1,7,1,0,2
2026-10-05 19:08:21,21.67,46.33,1152.1,0,0,1,0,2
2026-10-05 19:08:51,22.18,46.53,1146.5,0,0,1,0,2
2026-10-05 19:09:21,21.85,46.58,1140.4,0,0,1,0,2
2026-10-05 19:09:51,22.97,48.25,1143.9,1,6,1,0,2
2026-10-05 19:10:21,22.65,48.95,1142.9,1,7,1,0,2
2026-10-05 19:10:51,22.09,46.57,1136.5,0,0,1,0,2
2026-10-05 19:11:21,22.64,48.54,1138.8,1,7,1,0,2
2026-10-05 19:11:51,21.99,46.61,1133.6,0,0,1,0,2
2026-10-05 19:12:21,22.63,48.36,1132.7,1,10,1,0,2
2026-10-05 19:12:51,21.89,46.7,1128.6,0,0,1,0,2
2026-10-05 19:13:21,21.92,46.77,1122.4,0,1,1,0,2
2026-10-05 19:13:51,21.91,46.27,1119.1,0,0,1,0,2
2026-10-05 19:14:21,21.84,46.28,1115.5,0,0,1,0,2
2026-10-05 19:14:51,22.53,48.64,1116.4,1,6,1,0,2
2026-10-05 19:15:21,21.73,46.71,1109.5,0,0,1,0,2
2026-10-05 19:15:51,21.77,46.53,1101.4,0,0,1,0,2
2026-10-05 19:16:21,22.54,47.84,1103.0,1,7,1,0,2
2026-10-05 19:16:51,22.67,48.15,1106.7,1,8,1,0,2
2026-10-05 19:17:21,21.91,46.89,1100.4,0,0,1,0,2
2026-10-05 19:17:51,21.81,46.63,1093.3,0,0,1,0,2
2026-10-05 19:18:21,22.8,48.49,1095.3,1,6,1,0,2
2026-10-05 19:18:51,22.43,47.94,1096.1,1,13,1,0,2
2026-10-05 19:19:21,22.04,46.41,1090.5,0,0,1,0,2
2026-10-05 19:19:51,22.77,48.59,1092.7,1,8,1,0,2
2026-10-05 19:20:21,22.49,48.17,1092.6,1,5,1,0,2
2026-10-05 19:20:51,21.87,46.54,1085.3,0,0,1,0,2
2026-10-05 19:21:21,22.67,48.5,1088.1,1,10,1,0,2
2026-10-05 19:21:51,22.66,47.95,1089.6,1,8,1,0,2
2026-10-05 19:22:21,21.56,46.5,1082.7,0,0,1,0,2
2026-10-05 19:22:51,22.02,47.01,1076.0,0,0,1,0,2
2026-10-05 19:23:21,21.72,46.99,1068.7,0,0,1,0,2
2026-10-05 19:23:51,22.79,48.51,1066.8,1,4,1,0,2
2026-10-05 19:24:21,22.55,48.6,1068.1,1,10,1,0,2
2026-10-05 19:24:51,21.91,47.15,1062.5,0,0,1,0,2
2026-10-05 19:25:21,22.66,47.86,1064.2,1,5,1,0,2
2026-10-05 19:25:51,22.64,48.56,1065.6,1,7,1,0,2
2026-10-05 19:26:21,22.53,48.77,1067.1,1,13,1,0,2
2026-10-05 19:26:51,22.06,47.14,1061.9,0,0,1,0,2
2026-10-05 19:27:21,22.87,48.06,1061.9,1,11,1,0,2
2026-10-05 19:27:51,22.55,47.79,1067.0,1,3,1,0,2
2026-10-05 19:28:21,21.71,46.92,1061.9,0,0,1,0,2
2026-10-05 19:28:51,22.43,47.82,1064.2,1,6,1,0,2
2026-10-05 19:29:21,21.72,46.67,1059.8,0,0,1,0,2
2026-10-05 19:29:51,21.72,47.01,1052.8,0,0,1,0,2
2026-10-05 19:30:21,21.69,47.24,1046.8,0,0,1,0,2
2026-10-05 19:30:51,21.72,46.58,1039.8,0,0,1,0,2
2026-10-05 19:31:21,21.83,47.07,1089.9,0,0,1,0,2
2026-10-05 19:31:51,21.85,46.76,1083.9,0,0,1,0,2
2026-10-05 19:32:21,22.44,48.24,1085.5,1,6,1,0,2
2026-10-05 19:32:51,22.49,48.04,1090.0,1,6,1,0,2
2026-10-05 19:33:21,21.63,47.32,1082.1,0,0,1,0,2
2026-10-05 19:33:51,22.52,48.47,1081.6,1,4,1,0,2
2026-10-05 19:34:21,21.81,46.65,1076.6,0,0,1,0,2
2026-10-05 19:34:51,21.53,47.2,1069.9,0,0,1,0,2
2026-10-05 19:35:21,21.56,46.89,1065.6,0,1,1,0,2
2026-10-05 19:35:51,21.65,47.07,1059.8,0,0,1,0,2
2026-10-05 19:36:21,21.81,47.42,1052.1,0,0,1,0,2
2026-10-05 19:36:51,21.65,46.55,1045.8,0,0,1,0,2
2026-10-05 19:37:21,21.73,47.12,1040.9,0,0,1,0,2
2026-10-05 19:37:51,21.64,46.56,1035.9,0,1,1,0,2
2026-10-05 19:38:21,22.57,48.75,1034.9,1,8,1,0,2
2026-10-05 19:38:51,21.86,46.55,1029.5,0,0,1,0,2
2026-10-05 19:39:21,22.36,48.31,1028.0,1,10,1,0,2
2026-10-05 19:39:51,21.72,46.88,1022.0,0,0,1,0,2
2026-10-05 19:40:21,21.66,46.82,1017.3,0,0,1,0,2
2026-10-05 19:40:51,21.7,47.31,1012.3,0,0,1,0,2
2026-10-05 19:41:21,22.57,48.82,1086.8,1,7,1,0,2
2026-10-05 19:41:51,21.38,46.93,1081.0,0,1,1,0,2
2026-10-05 19:42:21,22.34,48.92,1080.0,1,13,1,0,2
2026-10-05 19:42:51,21.5,46.57,1073.1,0,1,1,0,2
2026-10-05 19:43:21,22.41,49.05,1070.1,1,6,1,0,2
2026-10-05 19:43:51,21.59,46.43,1066.1,0,0,1,0,2
2026-10-05 19:44:21,22.21,48.17,1067.4,1,9,1,0,2
2026-10-05 19:44:51,21.58,46.92,1063.5,0,0,1,0,2
2026-10-05 19:45:21,21.47,46.69,1058.5,0,0,1,0,2
2026-10-05 19:45:51,21.66,47.16,1053.4,0,0,1,0,2
2026-10-05 19:46:21,21.53,46.47,1048.5,0,0,1,0,2
2026-10-05 19:46:51,22.49,48.22,1051.8,1,3,1,0,2
2026-10-05 19:47:21,22.48,48.73,1054.4,1,7,1,0,2
2026-10-05 19:47:51,21.42,47.09,1048.3,0,0,1,0,2
2026-10-05 19:48:21,21.55,47.08,1043.4,0,0,1,0,2
2026-10-05 19:48:51,21.49,47.24,1035.3,0,0,1,0,2
2026-10-05 19:49:21,21.63,46.33,1028.1,0,0,1,0,2
2026-10-05 19:49:51,21.12,47.53,1021.2,0,0,1,0,2
2026-10-05 19:50:21,21.42,47.45,1016.0,0,0,1,0,2
2026-10-05 19:50:51,21.32,46.7,1009.2,0,1,1,0,2
2026-10-05 19:51:21,21.81,47.07,1085.4,0,0,1,0,2
2026-10-05 19:51:51,21.64,47.17,1078.9,0,0,1,0,2
2026-10-05 19:52:21,21.5,47.15,1073.1,0,0,1,0,2
2026-10-05 19:52:51,21.61,46.89,1063.8,0,0,1,0,2
2026-10-05 19:53:21,21.45,46.9,1058.0,0,0,1,0,2
2026-10-05 19:53:51,21.24,46.87,1050.8,0,0,1,0,2
2026-10-05 19:54:21,21.36,47.26,1046.1,0,0,1,0,2
2026-10-05 19:54:51,21.68,46.85,1041.1,0,0,1,0,2
2026-10-05 19:55:21,21.7,47.34,1034.7,0,0,1,0,2
2026-10-05 19:55:51,22.25,48.29,1034.9,1,3,1,0,2
2026-10-05 19:56:21,22.15,48.91,1039.2,1,6,1,0,2
2026-10-05 19:56:51,21.45,47.6,1033.3,0,0,1,0,2
2026-10-05 19:57:21,22.49,49.64,1034.5,1,12,1,0,2
2026-10-05 19:57:51,21.3,47.09,1027.7,0,0,1,0,2
2026-10-05 19:58:21,21.54,46.75,1021.4,0,0,1,0,2
2026-10-05 19:58:51,21.44,47.16,1014.9,0,0,1,0,2
2026-10-05 19:59:21,22.08,49.02,1019.0,1,5,1,0,2
2026-10-05 19:59:51,22.55,49.01,1021.8,1,10,1,0,2
2026-10-05 20:00:21,21.28,47.68,1015.3,0,0,1,0,2
2026-10-05 20:00:51,21.2,47.04,1008.4,0,0,1,0,2
2026-10-05 20:01:21,22.45,47.98,1071.9,1,8,1,0,2
2026-10-05 20:01:51,21.3,47.06,1066.9,0,0,1,0,2
2026-10-05 20:02:21,21.22,47.16,1061.2,0,0,1,0,2
2026-10-05 20:02:51,21.36,47.16,1055.8,0,0,1,0,2
2026-10-05 20:03:21,22.19,49.13,1060.7,1,12,1,0,2
2026-10-05 20:03:51,21.09,47.14,1052.9,0,0,1,0,2
2026-10-05 20:04:21,21.36,47.46,1046.6,0,0,1,0,2
2026-10-05 20:04:51,22.28,48.53,1049.6,1,12,1,0,2
2026-10-05 20:05:21,21.25,47.2,1043.1,0,0,1,0,2
2026-10-05 20:05:51,21.2,47.4,1036.1,0,0,1,0,2
2026-10-05 20:06:21,21.58,47.3,1030.1,0,0,1,0,2
2026-10-05 20:06:51,22.26,48.9,1032.8,1,3,1,0,2
2026-10-05 20:07:21,22.15,48.91,1032.6,1,8,1,0,2
2026-10-05 20:07:51,21.45,47.31,1026.2,0,0,1,0,2
2026-10-05 20:08:21,21.32,47.78,1020.4,0,0,1,0,2
2026-10-05 20:08:51,21.42,47.0,1013.8,0,0,1,0,2
2026-10-05 20:09:21,21.93,48.94,1012.6,1,7,1,0,2
2026-10-05 20:09:51,21.48,47.23,1002.0,0,0,1,0,2
2026-10-05 20:10:21,21.36,47.87,995.5,0,0,1,0,2
2026-10-05 20:10:51,21.21,47.3,987.8,0,0,1,0,2
2026-10-05 20:11:21,21.91,48.7,1071.8,1,7,1,0,2
2026-10-05 20:11:51,21.96,48.44,1076.7,1,3,1,0,2
2026-10-05 20:12:21,21.52,47.43,1072.2,0,0,1,0,2
2026-10-05 20:12:51,22.15,49.19,1070.5,1,13,1,0,2
2026-10-05 20:13:21,22.15,49.16,1069.0,1,5,1,0,2
2026-10-05 20:13:51,22.0,49.36,1067.9,1,9,1,0,2
2026-10-05 20:14:21,21.47,47.73,1062.1,0,0,1,0,2
2026-10-05 20:14:51,22.13,49.15,1063.2,1,3,1,0,2
2026-10-05 20:15:21,21.25,47.34,1055.7,0,0,1,0,2
2026-10-05 20:15:51,21.37,47.48,1047.9,0,0,1,0,2
2026-10-05 20:16:21,22.11,49.19,1047.4,1,5,1,0,2
2026-10-05 20:16:51,21.18,47.25,1040.8,0,0,1,0,2
2026-10-05 20:17:21,21.12,47.81,1033.2,0,0,1,0,2
2026-10-05 20:17:51,22.18,48.9,1034.7,1,6,1,0,2
2026-10-05 20:18:21,21.98,49.37,1034.9,1,4,1,0,2
2026-10-05 20:18:51,22.09,48.5,1034.5,1,12,1,0,2
2026-10-05 20:19:21,22.16,48.71,1037.5,1,4,1,0,2
2026-10-05 20:19:51,21.34,47.42,1028.5,0,0,1,0,2
2026-10-05 20:20:21,21.02,47.72,1021.3,0,0,1,0,2
2026-10-05 20:20:51,22.14,48.98,1025.6,1,4,1,0,2
2026-10-05 20:21:21,21.06,48.2,1020.7,0,0,1,0,2
2026-10-05 20:21:51,21.97,48.82,1020.7,1,13,1,0,2
2026-10-05 20:22:21,21.17,47.28,1014.7,0,0,1,0,2
2026-10-05 20:22:51,21.17,46.96,1008.1,0,0,1,0,2
2026-10-05 20:23:21,21.9,49.35,1008.3,1,13,1,0,2
2026-10-05 20:23:51,22.1,49.21,1012.0,1,6,1,0,2
2026-10-05 20:24:21,22.06,49.19,1015.5,1,10,1,0,2
2026-10-05 20:24:51,21.8,49.09,1017.1,1,13,1,0,2
2026-10-05 20:25:21,22.08,49.05,1021.2,1,6,1,0,2
2026-10-05 20:25:51,21.24,47.29,1014.4,0,0,1,0,2
2026-10-05 20:26:21,20.99,47.52,1006.7,0,0,1,0,2
2026-10-05 20:26:51,21.86,49.3,1011.2,1,12,1,0,2
2026-10-05 20:27:21,22.11,48.96,1014.1,1,4,1,0,2
2026-10-05 20:27:51,21.25,47.15,1008.9,0,0,1,0,2
2026-10-05 20:28:21,21.46,47.26,1002.8,0,0,1,0,2
2026-10-05 20:28:51,21.21,47.33,998.0,0,0,1,0,2
2026-10-05 20:29:21,21.08,47.79,991.8,0,0,1,0,2
2026-10-05 20:29:51,21.12,47.44,987.8,0,0,1,0,2
2026-10-05 20:30:21,21.93,48.74,991.0,1,7,1,0,2
2026-10-05 20:30:51,20.89,47.0,982.1,0,1,1,0,2
2026-10-05 20:31:21,21.23,47.17,976.9,0,0,1,0,2
2026-10-05 20:31:51,21.11,47.2,971.4,0,0,1,0,2
2026-10-05 20:32:21,21.64,49.42,972.1,1,3,1,0,2
2026-10-05 20:32:51,21.1,47.53,964.1,0,0,1,0,2
2026-10-05 20:33:21,21.1,47.5,957.3,0,0,1,0,2
2026-10-05 20:33:51,21.05,47.31,951.5,0,0,1,0,2
2026-10-05 20:34:21,21.22,47.4,944.8,0,0,1,0,2
2026-10-05 20:34:51,21.09,47.09,938.5,0,0,1,0,2
2026-10-05 20:35:21,21.86,49.57,941.7,1,12,1,0,2
2026-10-05 20:35:51,22.13,49.46,942.0,1,10,1,0,2
2026-10-05 20:36:21,21.76,48.92,946.0,1,6,1,0,2
2026-10-05 20:36:51,21.04,47.57,938.5,0,0,1,0,2
2026-10-05 20:37:21,20.96,47.5,930.3,0,0,1,0,2
2026-10-05 20:37:51,21.9,49.84,933.7,1,3,1,0,2
2026-10-05 20:38:21,21.27,48.09,928.1,0,0,1,0,2
2026-10-05 20:38:51,21.96,49.07,928.6,1,7,1,0,2
2026-10-05 20:39:21,21.22,47.33,922.7,0,0,1,0,2
2026-10-05 20:39:51,21.97,49.48,926.5,1,12,1,0,2
2026-10-05 20:40:21,21.91,49.23,927.5,1,5,1,0,2
2026-10-05 20:40:51,21.88,49.41,931.2,1,7,1,0,2
2026-10-05 20:41:21,21.52,49.78,932.8,1,6,1,0,2
2026-10-05 20:41:51,21.9,49.18,932.3,1,12,1,0,2
2026-10-05 20:42:21,20.9,47.81,925.3,0,0,1,0,2
2026-10-05 20:42:51,21.49,48.86,927.5,1,8,1,0,2
2026-10-05 20:43:21,21.97,49.62,930.5,1,3,1,0,2
2026-10-05 20:43:51,20.94,47.98,926.1,0,0,1,0,2
2026-10-05 20:44:21,20.96,48.41,919.4,0,0,1,0,2
2026-10-05 20:44:51,20.87,48.14,910.5,0,0,1,0,2
2026-10-05 20:45:21,20.91,47.91,903.8,0,0,1,0,2
2026-10-05 20:45:51,21.23,47.12,896.2,0,0,1,0,2
2026-10-05 20:46:21,20.64,47.94,890.3,0,0,1,0,2
2026-10-05 20:46:51,21.03,47.75,882.7,0,0,1,0,2
2026-10-05 20:47:21,21.11,47.7,875.2,0,0,1,0,2
2026-10-05 20:47:51,21.87,49.49,876.8,1,4,1,0,2
2026-10-05 20:48:21,21.99,49.81,879.5,1,12,1,0,2
2026-10-05 20:48:51,20.95,48.12,872.2,0,0,1,0,2
2026-10-05 20:49:21,21.62,49.93,875.8,1,4,1,0,2
2026-10-05 20:49:51,21.68,49.05,876.7,1,6,1,0,2
2026-10-05 20:50:21,21.93,49.63,881.0,1,4,1,0,2
2026-10-05 20:50:51,20.79,48.29,874.6,0,1,1,0,2
2026-10-05 20:51:21,21.68,49.37,875.8,1,12,1,0,2
2026-10-05 20:51:51,21.0,47.57,868.1,0,0,1,0,2
2026-10-05 20:52:21,20.77,47.83,860.7,0,0,1,0,2
2026-10-05 20:52:51,21.52,48.96,863.0,1,10,1,0,2
2026-10-05 20:53:21,21.6,49.45,862.2,1,5,1,0,2
2026-10-05 20:53:51,21.15,48.06,855.9,0,0,1,0,2
2026-10-05 20:54:21,21.91,49.41,857.6,1,13,1,0,2
2026-10-05 20:54:51,21.45,49.28,861.2,1,4,1,0,2
2026-10-05 20:55:21,20.57,47.57,855.0,0,0,1,0,2
2026-10-05 20:55:51,20.98,48.41,851.4,0,0,1,0,2
2026-10-05 20:56:21,20.64,47.81,843.4,0,0,1,0,1
2026-10-05 20:56:51,21.68,49.49,845.7,1,4,1,0,1
2026-10-05 20:57:21,20.72,48.64,838.8,0,0,1,0,1
2026-10-05 20:57:51,21.0,47.91,832.3,0,0,1,0,1
2026-10-05 20:58:21,20.58,47.83,827.7,0,0,1,0,1
2026-10-05 20:58:51,21.8,49.91,833.9,1,4,1,0,1
2026-10-05 20:59:21,21.57,49.35,832.3,1,11,1,0,1
2026-10-05 20:59:51,20.95,47.97,825.7,0,0,1,0,1
2026-10-05 21:00:21,21.57,50.06,828.2,1,5,1,0,1
2026-10-05 21:00:51,20.89,47.48,821.1,0,0,1,0,1
2026-10-05 21:01:21,20.8,47.34,815.1,0,0,1,0,1
2026-10-05 21:01:51,21.58,49.15,814.0,1,7,1,0,1
2026-10-05 21:02:21,21.36,49.51,812.8,1,6,1,0,1
2026-10-05 21:02:51,21.5,49.29,814.7,1,6,1,0,1
2026-10-05 21:03:21,20.67,47.44,807.8,0,0,1,0,1
2026-10-05 21:03:51,20.67,47.86,802.2,0,0,1,0,1
2026-10-05 21:04:21,21.38,49.61,803.9,1,7,1,0,1
2026-10-05 21:04:51,20.54,47.68,796.6,0,0,1,0,1
2026-10-05 21:05:21,21.36,49.1,799.1,1,11,1,0,1
2026-10-05 21:05:51,20.77,48.71,790.8,0,0,1,0,1
2026-10-05 21:06:21,20.77,47.57,783.6,0,0,1,0,1
2026-10-05 21:06:51,20.62,48.03,778.2,0,0,1,0,1
2026-10-05 21:07:21,21.29,48.14,770.8,0,0,1,0,1
2026-10-05 21:07:51,20.67,48.4,763.7,0,0,1,0,1
2026-10-05 21:08:21,21.4,49.57,766.6,1,3,1,0,1
2026-10-05 21:08:51,20.77,47.47,760.4,0,0,1,0,1
2026-10-05 21:09:21,20.62,47.24,755.4,0,0,1,0,1
2026-10-05 21:09:51,20.52,48.42,749.1,0,0,1,0,1
2026-10-05 21:10:21,20.81,48.29,742.1,0,0,1,0,1
2026-10-05 21:10:51,21.74,49.16,742.4,1,13,1,0,1
2026-10-05 21:11:21,21.38,49.14,744.5,1,3,1,0,1
2026-10-05 21:11:51,21.42,49.52,748.8,1,4,1,0,1
2026-10-05 21:12:21,20.7,47.62,741.3,0,0,1,0,1
2026-10-05 21:12:51,20.57,48.28,737.1,0,0,1,0,1
2026-10-05 21:13:21,20.63,47.77,732.2,0,0,1,0,1
2026-10-05 21:13:51,21.35,49.67,733.3,1,6,1,0,1
2026-10-05 21:14:21,20.47,48.31,727.5,0,0,1,0,1
2026-10-05 21:14:51,20.55,48.29,721.2,0,0,1,0,1
2026-10-05 21:15:21,20.67,47.83,715.7,0,0,1,0,1
2026-10-05 21:15:51,21.42,49.85,718.0,1,11,1,0,1
2026-10-05 21:16:21,21.39,49.55,718.0,1,10,1,0,1
2026-10-05 21:16:51,21.24,49.23,721.3,1,4,1,0,1
2026-10-05 21:17:21,20.63,48.36,715.7,0,1,1,0,1
2026-10-05 21:17:51,21.54,49.95,715.3,1,9,1,0,1
2026-10-05 21:18:21,20.54,48.29,707.7,0,0,1,0,1
2026-10-05 21:18:51,20.34,48.34,700.4,0,0,1,0,1
2026-10-05 21:19:21,20.6,48.8,694.9,0,0,1,0,1
2026-10-05 21:19:51,20.56,48.59,690.4,0,0,1,0,1
2026-10-05 21:20:21,20.63,47.95,684.9,0,0,1,0,1
2026-10-05 21:20:51,20.61,48.72,679.7,0,0,1,0,1
2026-10-05 21:21:21,20.44,48.25,673.2,0,0,1,0,1
2026-10-05 21:21:51,21.36,49.99,677.1,1,11,1,0,1
2026-10-05 21:22:21,20.51,48.07,671.3,0,0,1,0,1
2026-10-05 21:22:51,20.52,48.22,665.0,0,0,1,0,1
2026-10-05 21:23:21,20.65,48.54,660.3,0,0,1,0,1
2026-10-05 21:23:51,21.3,50.0,662.0,1,10,1,0,1
2026-10-05 21:24:21,21.16,49.94,661.0,1,11,1,0,1
2026-10-05 21:24:51,21.45,49.41,662.8,1,10,1,0,1
2026-10-05 21:25:21,21.48,50.0,663.0,1,11,1,0,1
2026-10-05 21:25:51,21.17,50.18,664.2,1,3,1,0,1
2026-10-05 21:26:21,20.31,48.48,658.0,0,0,1,0,1
2026-10-05 21:26:51,20.44,48.2,653.5,0,0,1,0,1
2026-10-05 21:27:21,20.58,47.75,649.1,0,0,1,0,1
2026-10-05 21:27:51,21.29,49.43,649.2,1,13,1,0,1
2026-10-05 21:28:21,20.32,48.22,642.6,0,0,1,0,1
2026-10-05 21:28:51,20.28,48.41,637.9,0,0,1,0,1
2026-10-05 21:29:21,20.61,48.16,632.8,0,0,1,0,1
2026-10-05 21:29:51,20.57,48.42,628.4,0,0,1,0,1
2026-10-05 21:30:21,20.32,48.06,620.8,0,1,1,0,1
2026-10-05 21:30:51,20.59,48.37,614.9,0,0,1,0,1
2026-10-05 21:31:21,20.69,48.25,610.9,0,0,1,0,1
2026-10-05 21:31:51,21.23,50.21,609.4,1,6,1,0,1
2026-10-05 21:32:21,20.52,48.36,602.6,0,0,1,0,1
2026-10-05 21:32:51,20.46,48.49,593.8,0,0,1,0,1
2026-10-05 21:33:21,20.51,48.51,588.6,0,0,1,0,1
2026-10-05 21:33:51,21.34,49.48,591.4,1,5,1,0,1
2026-10-05 21:34:21,21.38,50.25,593.3,1,13,1,0,1
2026-10-05 21:34:51,20.31,47.63,585.4,0,0,1,0,1
2026-10-05 21:35:21,20.41,48.5,579.5,0,0,1,0,1
2026-10-05 21:35:51,21.31,50.05,579.1,1,10,1,0,1
2026-10-05 21:36:21,20.31,48.52,572.1,0,0,1,0,1
2026-10-05 21:36:51,20.43,48.95,565.1,0,0,1,0,1
2026-10-05 21:37:21,20.31,48.07,558.6,0,0,1,0,1
2026-10-05 21:37:51,21.21,50.35,558.4,1,3,1,0,1
2026-10-05 21:38:21,21.12,50.46,559.5,1,4,1,0,1
2026-10-05 21:38:51,20.47,48.36,552.4,0,0,1,0,1
2026-10-05 21:39:21,20.32,48.53,544.4,0,0,1,0,1
2026-10-05 21:39:51,20.45,48.73,537.1,0,0,1,0,1
2026-10-05 21:40:21,21.19,49.65,541.5,1,13,1,0,1
2026-10-05 21:40:51,20.29,48.24,534.8,0,0,1,0,1
2026-10-05 21:41:21,21.32,49.85,535.0,1,7,1,0,1
2026-10-05 21:41:51,20.37,48.75,529.9,0,1,1,0,1
2026-10-05 21:42:21,20.35,47.95,524.6,0,0,1,0,1
2026-10-05 21:42:51,21.0,50.21,528.8,1,6,1,0,1
2026-10-05 21:43:21,21.38,49.44,529.3,1,7,1,0,1
2026-10-05 21:43:51,20.47,48.85,522.7,0,0,1,0,1
2026-10-05 21:44:21,21.21,50.38,526.8,1,6,1,0,1
2026-10-05 21:44:51,21.05,50.35,528.5,1,13,1,0,1
2026-10-05 21:45:21,21.03,50.52,529.6,1,5,1,0,1
2026-10-05 21:45:51,21.06,49.76,530.5,1,9,1,0,1
2026-10-05 21:46:21,20.07,48.63,525.8,0,0,1,0,1
2026-10-05 21:46:51,19.97,48.71,516.3,0,0,1,0,1
2026-10-05 21:47:21,21.28,49.91,517.7,1,13,1,0,1
2026-10-05 21:47:51,21.04,50.18,520.8,1,9,1,0,1
2026-10-05 21:48:21,20.97,49.85,519.6,1,4,1,0,1
2026-10-05 21:48:51,20.92,49.71,519.4,1,6,1,0,1
2026-10-05 21:49:21,20.89,50.01,522.2,1,9,1,0,1
2026-10-05 21:49:51,21.32,49.43,522.2,1,12,1,0,1
2026-10-05 21:50:21,20.45,48.27,516.2,0,0,1,0,1
2026-10-05 21:50:51,20.28,48.92,508.7,0,0,1,0,1
2026-10-05 21:51:21,20.99,50.14,508.1,1,5,1,0,1
2026-10-05 21:51:51,21.29,50.13,510.4,1,6,1,0,1
2026-10-05 21:52:21,20.03,48.57,504.5,0,0,1,0,1
2026-10-05 21:52:51,21.04,51.04,506.1,1,11,1,0,1
2026-10-05 21:53:21,21.13,50.63,509.7,1,10,1,0,1
2026-10-05 21:53:51,20.41,49.72,502.9,0,0,1,0,1
2026-10-05 21:54:21,21.2,50.63,500.4,1,11,1,0,1
2026-10-05 21:54:51,20.71,50.22,500.1,1,4,1,0,1
2026-10-05 21:55:21,20.08,48.87,493.0,0,0,1,0,0
2026-10-05 21:55:51,21.21,50.61,496.7,1,4,1,0,0
2026-10-05 21:56:21,20.32,49.11,487.7,0,0,1,0,0
2026-10-05 21:56:51,21.18,50.53,488.2,1,7,1,0,0
2026-10-05 21:57:21,20.32,49.14,482.4,0,0,1,0,0
2026-10-05 21:57:51,20.15,49.25,476.5,0,0,1,0,0
2026-10-05 21:58:21,20.86,50.01,478.2,1,8,1,0,0
2026-10-05 21:58:51,21.07,50.48,478.0,1,9,1,0,0
2026-10-05 21:59:21,20.26,48.7,472.1,0,0,1,0,0
2026-10-05 21:59:51,20.17,48.59,464.9,0,0,1,0,0
2026-10-05 22:00:21,20.95,50.11,462.9,1,11,1,0,0
2026-10-05 22:00:51,20.15,49.03,457.1,0,0,1,0,0
2026-10-05 22:01:21,21.14,48.6,454.9,0,0,0,0,0
2026-10-05 22:01:51,22.15,50.17,461.8,1,7,0,0,0
2026-10-05 22:02:21,21.74,48.83,459.0,0,1,0,0,0
2026-10-05 22:02:51,21.23,48.91,456.5,0,0,0,0,0
2026-10-05 22:03:21,22.23,50.27,458.4,1,12,0,0,0
2026-10-05 22:03:51,21.22,48.85,457.7,0,0,0,0,0
2026-10-05 22:04:21,21.33,48.03,455.6,0,0,0,0,0
2026-10-05 22:04:51,21.18,49.4,451.8,0,0,0,0,0
2026-10-05 22:05:21,21.28,49.05,452.1,0,0,0,0,0
2026-10-05 22:05:51,21.38,48.93,449.5,0,0,0,0,0
2026-10-05 22:06:21,22.12,49.99,454.2,1,10,0,0,0
2026-10-05 22:06:51,21.89,50.84,462.7,1,8,0,0,0
2026-10-05 22:07:21,21.24,48.46,459.7,0,0,0,0,0
2026-10-05 22:07:51,21.15,49.41,454.8,0,0,0,0,0
2026-10-05 22:08:21,21.41,48.99,453.7,0,0,0,0,0
2026-10-05 22:08:51,21.89,49.91,460.1,1,11,0,0,0
2026-10-05 22:09:21,21.93,49.49,468.9,1,12,0,0,0
2026-10-05 22:09:51,21.2,48.88,467.9,0,0,0,0,0
2026-10-05 22:10:21,21.05,48.93,466.3,0,0,0,0,0
2026-10-05 22:10:51,21.32,49.28,464.9,0,1,0,0,0
2026-10-05 22:11:21,21.21,48.42,463.0,0,0,0,0,0
2026-10-05 22:11:51,21.29,48.96,460.4,0,0,0,0,0
2026-10-05 22:12:21,21.29,49.32,457.4,0,0,0,0,0
2026-10-05 22:12:51,21.35,48.97,454.5,0,0,0,0,0
2026-10-05 22:13:21,21.99,50.34,460.4,1,9,0,0,0
2026-10-05 22:13:51,21.15,48.38,460.4,0,0,0,0,0
2026-10-05 22:14:21,21.61,50.07,468.0,1,10,0,0,0
2026-10-05 22:14:51,21.25,49.48,468.7,0,0,0,0,0
2026-10-05 22:15:21,21.41,48.32,466.0,0,1,0,0,0
2026-10-05 22:15:51,21.85,50.26,472.7,1,7,0,0,0
2026-10-05 22:16:21,21.26,48.99,468.8,0,0,0,0,0
2026-10-05 22:16:51,21.23,49.38,469.0,0,0,0,0,0
2026-10-05 22:17:21,21.93,49.95,473.5,1,6,0,0,0
2026-10-05 22:17:51,22.24,50.35,483.2,1,12,0,0,0
2026-10-05 22:18:21,21.06,48.73,482.1,0,1,0,0,0
2026-10-05 22:18:51,21.25,49.46,480.7,0,0,0,0,0
2026-10-05 22:19:21,21.24,49.33,478.7,0,0,0,0,0
2026-10-05 22:19:51,21.2,48.39,478.9,0,1,0,0,0
2026-10-05 22:20:21,21.13,49.76,2500.0,0,0,0,1,2
2026-10-05 22:20:51,20.46,50.46,1250.0,1,4,1,0,2
2026-10-05 22:21:21,20.66,50.49,1248.2,1,12,1,0,2
2026-10-05 22:21:51,19.95,48.89,1243.5,0,0,1,0,2
2026-10-05 22:22:21,20.53,50.72,1242.9,1,3,1,0,2
2026-10-05 22:22:51,19.95,48.52,1238.4,0,0,1,0,2
2026-10-05 22:23:21,20.82,50.52,1237.9,1,3,1,0,2
2026-10-05 22:23:51,20.92,50.95,1242.8,1,10,1,0,2
2026-10-05 22:24:21,19.8,48.69,1237.4,0,0,1,0,2
2026-10-05 22:24:51,20.78,50.51,1236.8,1,10,1,0,2
2026-10-05 22:25:21,19.67,49.09,1231.7,0,0,1,0,2
2026-10-05 22:25:51,20.65,50.88,1232.2,1,7,1,0,2
2026-10-05 22:26:21,20.67,50.92,1230.4,1,6,1,0,2
2026-10-05 22:26:51,20.03,48.86,1224.8,0,0,1,0,2
2026-10-05 22:27:21,19.95,49.31,1217.3,0,0,1,0,2
2026-10-05 22:27:51,20.84,50.95,1215.6,1,3,1,0,2
2026-10-05 22:28:21,20.59,50.35,1217.3,1,8,1,0,2
2026-10-05 22:28:51,19.9,49.34,1208.2,0,0,1,0,2
2026-10-05 22:29:21,19.9,49.16,1201.5,0,0,1,0,2
2026-10-05 22:29:51,20.07,48.54,1195.8,0,0,1,0,2
2026-10-05 22:30:21,19.91,48.72,1190.0,0,0,1,0,2
2026-10-05 22:30:51,20.57,50.56,1190.1,1,3,1,0,2
2026-10-05 22:31:21,20.49,51.47,1195.4,1,3,1,0,2
2026-10-05 22:31:51,19.89,49.09,1188.7,0,0,1,0,2
2026-10-05 22:32:21,20.49,50.81,1191.2,1,10,1,0,2
2026-10-05 22:32:51,20.42,50.89,1193.3,1,8,1,0,2
2026-10-05 22:33:21,19.87,49.08,1184.2,0,0,1,0,2
2026-10-05 22:33:51,20.03,48.88,1176.8,0,0,1,0,2
2026-10-05 22:34:21,20.61,50.84,1177.2,1,7,1,0,2
2026-10-05 22:34:51,19.71,48.87,1169.7,0,1,1,0,2
2026-10-05 22:35:21,19.86,49.28,1163.2,0,0,1,0,2
2026-10-05 22:35:51,20.01,48.6,1159.1,0,0,1,0,2
2026-10-05 22:36:21,19.86,49.23,1152.3,0,0,1,0,2
2026-10-05 22:36:51,19.88,49.81,1144.3,0,0,1,0,2
2026-10-05 22:37:21,19.98,49.24,1137.3,0,0,1,0,2
2026-10-05 22:37:51,19.99,49.99,1130.5,0,0,1,0,2
2026-10-05 22:38:21,19.48,48.62,1123.4,0,0,1,0,2
2026-10-05 22:38:51,19.55,49.7,1116.8,0,0,1,0,2
2026-10-05 22:39:21,19.74,49.08,1110.5,0,0,1,0,2
2026-10-05 22:39:51,19.82,49.18,1104.4,0,0,1,0,2
2026-10-05 22:40:21,20.67,50.81,1103.2,1,10,1,0,2
2026-10-05 22:40:51,20.54,50.52,1106.1,1,13,1,0,2
2026-10-05 22:41:21,19.48,49.38,1101.8,0,1,1,0,2
2026-10-05 22:41:51,19.7,48.88,1098.0,0,0,1,0,2
2026-10-05 22:42:21,20.29,50.97,1099.0,1,9,1,0,2
2026-10-05 22:42:51,20.46,50.39,1099.6,1,8,1,0,2
2026-10-05 22:43:21,20.6,50.83,1100.8,1,5,1,0,2
2026-10-05 22:43:51,20.52,50.32,1100.8,1,5,1,0,2
2026-10-05 22:44:21,19.7,49.16,1091.9,0,1,1,0,2
2026-10-05 22:44:51,20.77,51.01,1093.7,1,13,1,0,2
2026-10-05 22:45:21,20.3,50.19,1094.9,1,12,1,0,2
2026-10-05 22:45:51,19.75,49.49,1090.2,0,0,1,0,2
2026-10-05 22:46:21,20.49,51.21,1094.9,1,6,1,0,2
2026-10-05 22:46:51,19.72,49.6,1089.8,0,0,1,0,2
2026-10-05 22:47:21,19.81,49.6,1082.6,0,0,1,0,2
2026-10-05 22:47:51,20.63,50.94,1085.5,1,13,1,0,2
2026-10-05 22:48:21,20.39,50.26,1086.0,1,11,1,0,2
2026-10-05 22:48:51,19.48,49.17,1079.9,0,0,1,0,2
2026-10-05 22:49:21,19.61,49.66,1071.6,0,0,1,0,2
2026-10-05 22:49:51,20.32,50.83,1075.9,1,11,1,0,2
2026-10-05 22:50:21,19.5,49.79,1070.3,0,0,1,0,2
2026-10-05 22:50:51,20.41,51.07,1073.4,1,9,1,0,2
2026-10-05 22:51:21,19.75,50.05,1066.7,0,0,1,0,2
2026-10-05 22:51:51,20.45,50.27,1069.0,1,11,1,0,2
2026-10-05 22:52:21,20.57,50.72,1072.6,1,13,1,0,2
2026-10-05 22:52:51,19.42,49.41,1066.6,0,0,1,0,2
2026-10-05 22:53:21,19.55,48.96,1060.3,0,0,1,0,2
2026-10-05 22:53:51,20.35,51.2,1062.8,1,12,1,0,2
2026-10-05 22:54:21,19.55,49.4,1056.3,0,0,1,0,2
2026-10-05 22:54:51,20.27,50.32,1056.6,1,5,1,0,2
2026-10-05 22:55:21,20.32,50.98,1057.2,1,4,1,0,2
2026-10-05 22:55:51,19.81,49.42,1050.5,0,0,1,0,2
2026-10-05 22:56:21,19.37,49.42,1044.2,0,0,1,0,2
2026-10-05 22:56:51,19.75,49.64,1038.2,0,0,1,0,2
2026-10-05 22:57:21,20.3,51.21,1040.3,1,9,1,0,2
2026-10-05 22:57:51,19.37,49.52,1032.6,0,0,1,0,2
2026-10-05 22:58:21,19.36,49.55,1027.4,0,0,1,0,2
2026-10-05 22:58:51,19.47,49.19,1022.6,0,0,1,0,2
2026-10-05 22:59:21,19.66,49.04,1014.0,0,0,1,0,2
2026-10-05 22:59:51,20.3,50.76,1017.1,1,8,1,0,2
2026-10-05 23:00:21,19.68,49.04,1010.7,0,0,1,0,2
2026-10-05 23:00:51,19.61,50.0,1005.4,0,0,1,0,2
2026-10-05 23:01:21,19.55,49.21,998.8,0,0,1,0,2
2026-10-05 23:01:51,19.67,49.53,992.4,0,0,1,0,2
2026-10-05 23:02:21,19.5,49.57,987.3,0,0,1,0,2
2026-10-05 23:02:51,19.37,49.24,981.4,0,0,1,0,2
2026-10-05 23:03:21,19.74,49.41,974.2,0,0,1,0,2
2026-10-05 23:03:51,19.41,49.49,967.3,0,0,1,0,2
2026-10-05 23:04:21,19.47,49.93,961.5,0,0,1,0,2
2026-10-05 23:04:51,19.76,49.78,955.5,0,0,1,0,2
2026-10-05 23:05:21,19.32,49.6,949.6,0,0,1,0,2
2026-10-05 23:05:51,19.27,49.57,943.5,0,0,1,0,2
2026-10-05 23:06:21,19.44,49.25,936.5,0,0,1,0,2
2026-10-05 23:06:51,19.46,49.72,931.9,0,1,1,0,2
2026-10-05 23:07:21,19.4,49.44,924.7,0,0,1,0,2
2026-10-05 23:07:51,19.28,49.08,919.0,0,0,1,0,2
2026-10-05 23:08:21,19.52,50.26,911.2,0,1,1,0,2
2026-10-05 23:08:51,19.56,49.62,905.7,0,0,1,0,2
2026-10-05 23:09:21,19.33,49.46,900.8,0,0,1,0,2
2026-10-05 23:09:51,20.15,50.96,902.7,1,7,1,0,2
2026-10-05 23:10:21,20.36,50.71,903.2,1,10,1,0,2
2026-10-05 23:10:51,19.65,49.03,898.6,0,0,1,0,2
2026-10-05 23:11:21,19.43,49.35,892.1,0,0,1,0,2
2026-10-05 23:11:51,19.38,50.07,885.9,0,1,1,0,2
2026-10-05 23:12:21,19.45,50.1,879.0,0,0,1,0,2
2026-10-05 23:12:51,19.51,49.91,872.5,0,0,1,0,2
2026-10-05 23:13:21,19.55,49.09,863.8,0,0,1,0,2
2026-10-05 23:13:51,19.56,49.49,858.0,0,0,1,0,2
2026-10-05 23:14:21,19.39,49.77,850.6,0,0,1,0,2
2026-10-05 23:14:51,19.39,49.74,843.1,0,0,1,0,1
2026-10-05 23:15:21,19.45,48.78,836.9,0,1,1,0,1
2026-10-05 23:15:51,19.24,49.83,829.3,0,0,1,0,1
2026-10-05 23:16:21,19.59,49.24,824.7,0,1,1,0,1
2026-10-05 23:16:51,19.7,49.92,818.8,0,0,1,0,1
2026-10-05 23:17:21,19.42,50.16,812.1,0,0,1,0,1
2026-10-05 23:17:51,19.44,49.83,805.7,0,0,1,0,1
2026-10-05 23:18:21,19.33,49.78,799.4,0,1,1,0,1
2026-10-05 23:18:51,19.39,50.08,794.5,0,0,1,0,1
2026-10-05 23:19:21,19.42,49.62,787.6,0,0,1,0,1
2026-10-05 23:19:51,19.16,49.89,781.1,0,0,1,0,1
2026-10-05 23:20:21,19.38,49.81,774.9,0,0,1,0,1
2026-10-05 23:20:51,19.36,49.41,767.9,0,0,1,0,1
2026-10-05 23:21:21,19.21,49.9,761.0,0,0,1,0,1
2026-10-05 23:21:51,19.2,49.96,754.0,0,0,1,0,1
2026-10-05 23:22:21,19.64,50.02,748.5,0,0,1,0,1
2026-10-05 23:22:51,19.37,49.63,741.8,0,0,1,0,1
2026-10-05 23:23:21,19.18,49.29,734.9,0,1,1,0,1
2026-10-05 23:23:51,19.16,49.58,729.8,0,0,1,0,1
2026-10-05 23:24:21,19.27,49.68,724.6,0,0,1,0,1
2026-10-05 23:24:51,19.28,49.1,719.1,0,0,1,0,1
2026-10-05 23:25:21,19.42,49.75,712.0,0,0,1,0,1
2026-10-05 23:25:51,19.17,49.59,703.5,0,0,1,0,1
2026-10-05 23:26:21,19.35,49.77,698.1,0,0,1,0,1
2026-10-05 23:26:51,19.32,49.95,691.8,0,0,1,0,1
2026-10-05 23:27:21,19.27,50.17,685.1,0,0,1,0,1
2026-10-05 23:27:51,19.16,49.75,676.2,0,0,1,0,1
2026-10-05 23:28:21,19.87,51.13,679.5,1,8,1,0,1
2026-10-05 23:28:51,19.43,49.84,672.6,0,0,1,0,1
2026-10-05 23:29:21,20.05,50.86,676.3,1,9,1,0,1
2026-10-05 23:29:51,19.28,49.77,671.7,0,0,1,0,1
2026-10-05 23:30:21,19.65,49.32,667.5,0,0,1,0,1
2026-10-05 23:30:51,19.44,49.86,660.7,0,0,1,0,1
2026-10-05 23:31:21,19.47,49.39,653.7,0,0,1,0,1
2026-10-05 23:31:51,19.06,50.08,647.3,0,0,1,0,1
2026-10-05 23:32:21,19.05,50.31,642.4,0,0,1,0,1
2026-10-05 23:32:51,19.31,48.96,635.1,0,0,1,0,1
2026-10-05 23:33:21,19.33,49.75,629.3,0,1,1,0,1
2026-10-05 23:33:51,19.51,49.58,620.6,0,0,1,0,1
2026-10-05 23:34:21,19.42,49.94,616.7,0,0,1,0,1
2026-10-05 23:34:51,19.33,49.66,609.7,0,0,1,0,1
2026-10-05 23:35:21,19.15,49.93,603.1,0,0,1,0,1
2026-10-05 23:35:51,19.2,50.17,596.7,0,0,1,0,1
2026-10-05 23:36:21,19.26,49.58,591.4,0,0,1,0,1
2026-10-05 23:36:51,19.38,50.17,582.8,0,0,1,0,1
2026-10-05 23:37:21,19.24,49.94,577.0,0,0,1,0,1
2026-10-05 23:37:51,19.72,49.79,570.7,0,1,1,0,1
2026-10-05 23:38:21,19.16,49.72,562.8,0,0,1,0,1
2026-10-05 23:38:51,19.13,50.04,556.5,0,0,1,0,1
2026-10-05 23:39:21,19.39,49.37,550.3,0,1,1,0,1
2026-10-05 23:39:51,19.12,49.68,543.7,0,0,1,0,1
2026-10-05 23:40:21,18.96,49.75,537.0,0,0,1,0,1
2026-10-05 23:40:51,19.37,49.99,530.5,0,0,1,0,1
2026-10-05 23:41:21,19.2,49.75,524.0,0,0,1,0,1
2026-10-05 23:41:51,19.15,50.15,517.1,0,0,1,0,1
2026-10-05 23:42:21,19.01,49.7,508.9,0,0,1,0,1
2026-10-05 23:42:51,19.13,49.61,501.5,0,1,1,0,1
2026-10-05 23:43:21,19.04,49.41,497.4,0,1,1,0,0
2026-10-05 23:43:51,19.19,49.53,491.9,0,0,1,0,0
2026-10-05 23:44:21,19.21,50.07,485.0,0,0,1,0,0
2026-10-05 23:44:51,19.06,50.09,479.7,0,1,1,0,0
2026-10-05 23:45:21,19.43,49.83,472.0,0,0,1,0,0
2026-10-05 23:45:51,18.91,50.13,463.8,0,0,1,0,0
2026-10-05 23:46:21,18.89,49.72,458.3,0,0,1,0,0
2026-10-05 23:46:51,20.17,50.71,457.6,0,0,0,0,0
2026-10-05 23:47:21,19.87,49.98,455.8,0,0,0,0,0
2026-10-05 23:47:51,20.62,49.71,454.7,0,1,0,0,0
2026-10-05 23:48:21,21.13,51.84,461.2,1,12,0,0,0
2026-10-05 23:48:51,20.38,49.4,458.4,0,0,0,0,0
2026-10-05 23:49:21,20.31,50.94,458.1,0,0,0,0,0
2026-10-05 23:49:51,20.28,50.36,454.8,0,0,0,0,0
2026-10-05 23:50:21,20.4,50.53,453.8,0,0,0,0,0
2026-10-05 23:50:51,20.19,49.59,450.6,0,0,0,0,0
2026-10-05 23:51:21,20.13,49.27,451.3,0,0,0,0,0
2026-10-05 23:51:51,20.57,49.92,448.8,0,0,0,0,0
2026-10-05 23:52:21,20.04,50.09,447.9,0,0,0,0,0
2026-10-05 23:52:51,20.34,50.39,446.3,0,0,0,0,0
2026-10-05 23:53:21,20.97,51.24,451.0,1,5,0,0,0
2026-10-05 23:53:51,20.49,49.92,451.7,0,0,0,0,0
2026-10-05 23:54:21,20.53,50.59,451.8,0,0,0,0,0
2026-10-05 23:54:51,21.01,51.26,458.4,1,13,0,0,0
2026-10-05 23:55:21,20.27,50.14,458.8,0,0,0,0,0
2026-10-05 23:55:51,20.27,50.38,457.0,0,0,0,0,0
2026-10-05 23:56:21,20.49,49.66,455.0,0,0,0,0,0
2026-10-05 23:56:51,20.17,49.94,453.4,0,0,0,0,0
2026-10-05 23:57:21,20.19,49.75,452.5,0,0,0,0,0
2026-10-05 23:57:51,20.1,50.02,450.5,0,0,0,0,0
2026-10-05 23:58:21,20.13,50.37,448.8,0,0,0,0,0
2026-10-05 23:58:51,19.99,50.2,445.2,0,0,0,0,0
2026-10-05 23:59:21,21.1,51.1,448.7,1,9,0,0,0
2026-10-05 23:59:51,20.36,51.04,445.8,0,0,0,0,0
2026-10-06 00:00:21,21.22,51.49,449.8,1,12,0,0,0
2026-10-06 00:00:51,19.92,50.02,447.8,0,0,0,0,0
2026-10-06 00:01:21,19.93,50.21,444.3,0,0,0,0,0
2026-10-06 00:01:51,20.09,49.86,443.1,0,0,0,0,0
2026-10-06 00:02:21,20.35,49.96,439.6,0,0,0,0,0
2026-10-06 00:02:51,19.9,51.05,438.0,0,0,0,0,0
2026-10-06 00:03:21,20.08,50.2,437.2,0,0,0,0,0
2026-10-06 00:03:51,20.27,49.37,434.8,0,0,0,0,0
2026-10-06 00:04:21,20.05,49.97,433.5,0,0,0,0,0
2026-10-06 00:04:51,20.34,50.4,432.3,0,0,0,0,0
2026-10-06 00:05:21,20.33,49.98,432.3,0,0,0,0,0
2026-10-06 00:05:51,20.02,50.27,432.0,0,0,0,0,0
2026-10-06 00:06:21,20.27,49.82,431.6,0,0,0,0,0
2026-10-06 00:06:51,19.93,50.39,429.5,0,0,0,0,0
2026-10-06 00:07:21,20.4,50.17,425.3,0,0,0,0,0
2026-10-06 00:07:51,20.29,50.34,424.7,0,0,0,0,0
2026-10-06 00:08:21,20.17,50.49,421.6,0,0,0,0,0
2026-10-06 00:08:51,20.16,50.71,421.0,0,0,0,0,0
2026-10-06 00:09:21,20.19,50.89,419.2,0,0,0,0,0
2026-10-06 00:09:51,20.28,49.88,416.2,0,0,0,0,0
2026-10-06 00:10:21,20.15,50.39,414.9,0,0,0,0,0
2026-10-06 00:10:51,20.1,50.21,411.7,0,0,0,0,0
2026-10-06 00:11:21,20.08,49.74,411.6,0,0,0,0,0
2026-10-06 00:11:51,19.89,50.06,407.8,0,0,0,0,0
2026-10-06 00:12:21,20.19,49.86,407.1,0,0,0,0,0
2026-10-06 00:12:51,20.26,50.63,406.6,0,0,0,0,0
2026-10-06 00:13:21,20.29,50.62,406.6,0,0,0,0,0
2026-10-06 00:13:51,20.21,50.12,406.3,0,1,0,0,0
2026-10-06 00:14:21,20.04,49.83,405.4,0,0,0,0,0
2026-10-06 00:14:51,20.74,51.73,412.2,1,3,0,0,0
2026-10-06 00:15:21,20.18,50.27,409.2,0,0,0,0,0
2026-10-06 00:15:51,20.23,50.96,408.2,0,0,0,0,0
2026-10-06 00:16:21,20.13,50.58,408.7,0,0,0,0,0
2026-10-06 00:16:51,20.92,51.82,416.5,1,4,0,0,0
2026-10-06 00:17:21,20.17,49.58,414.9,0,0,0,0,0
2026-10-06 00:17:51,20.22,50.86,412.8,0,0,0,0,0
2026-10-06 00:18:21,20.18,49.74,413.1,0,0,0,0,0
2026-10-06 00:18:51,20.21,49.77,412.5,0,0,0,0,0
2026-10-06 00:19:21,19.86,50.1,409.1,0,0,0,0,0
2026-10-06 00:19:51,20.02,50.04,409.2,0,0,0,0,0
2026-10-06 00:20:21,20.68,52.33,413.8,1,7,0,0,0
2026-10-06 00:20:51,19.93,50.04,412.5,0,0,0,0,0
2026-10-06 00:21:21,20.32,50.72,409.5,0,0,0,0,0
2026-10-06 00:21:51,20.12,50.53,410.9,0,0,0,0,0
2026-10-06 00:22:21,19.98,50.27,411.1,0,0,0,0,0
2026-10-06 00:22:51,20.02,50.61,409.7,0,0,0,0,0
2026-10-06 00:23:21,19.93,49.6,408.9,0,0,0,0,0
2026-10-06 00:23:51,20.01,50.61,407.7,0,0,0,0,0
2026-10-06 00:24:21,20.04,50.1,406.3,0,0,0,0,0
2026-10-06 00:24:51,20.2,50.79,404.3,0,0,0,0,0
2026-10-06 00:25:21,20.14,50.85,404.3,0,0,0,0,0
2026-10-06 00:25:51,20.02,49.82,404.9,0,0,0,0,0
2026-10-06 00:26:21,20.15,49.95,404.6,0,0,0,0,0
2026-10-06 00:26:51,20.25,50.35,406.3,0,0,0,0,0
2026-10-06 00:27:21,20.83,51.84,411.7,1,6,0,0,0
2026-10-06 00:27:51,20.28,50.65,411.4,0,0,0,0,0
2026-10-06 00:28:21,20.14,50.1,408.2,0,0,0,0,0
2026-10-06 00:28:51,19.92,50.48,409.3,0,0,0,0,0
2026-10-06 00:29:21,20.05,50.91,407.6,0,0,0,0,0
2026-10-06 00:29:51,19.92,50.13,406.9,0,0,0,0,0
2026-10-06 00:30:21,19.94,50.33,406.4,0,0,0,0,0
2026-10-06 00:30:51,20.25,50.49,403.3,0,0,0,0,0
2026-10-06 00:31:21,20.17,50.71,403.0,0,0,0,0,0
2026-10-06 00:31:51,20.03,50.17,401.0,0,1,0,0,0
2026-10-06 00:32:21,20.33,50.66,400.8,0,0,0,0,0
2026-10-06 00:32:51,20.21,50.09,399.4,0,0,0,0,0
2026-10-06 00:33:21,20.08,49.98,398.8,0,0,0,0,0
2026-10-06 00:33:51,19.91,50.17,397.7,0,0,0,0,0
2026-10-06 00:34:21,20.03,50.21,399.1,0,1,0,0,0
2026-10-06 00:34:51,20.12,50.72,399.4,0,1,0,0,0
2026-10-06 00:35:21,20.65,52.3,403.6,1,10,0,0,0
2026-10-06 00:35:51,19.91,49.87,404.2,0,0,0,0,0
2026-10-06 00:36:21,19.79,50.56,403.9,0,0,0,0,0
2026-10-06 00:36:51,19.95,50.67,404.0,0,1,0,0,0
2026-10-06 00:37:21,20.17,49.72,403.1,0,0,0,0,0
2026-10-06 00:37:51,20.1,50.47,404.0,0,0,0,0,0
2026-10-06 00:38:21,19.84,50.36,402.8,0,1,0,0,0
2026-10-06 00:38:51,20.15,50.1,401.7,0,0,0,0,0
2026-10-06 00:39:21,19.9,50.03,400.6,0,0,0,0,0
2026-10-06 00:39:51,19.97,50.29,400.2,0,0,0,0,0
2026-10-06 00:40:21,20.62,51.91,406.8,1,12,0,0,0
2026-10-06 00:40:51,19.96,50.05,405.8,0,0,0,0,0
2026-10-06 00:41:21,19.64,51.05,406.0,0,0,0,0,0
2026-10-06 00:41:51,20.07,49.96,404.9,0,0,0,0,0
2026-10-06 00:42:21,19.87,50.22,404.7,0,0,0,0,0
2026-10-06 00:42:51,19.98,50.42,405.8,0,0,0,0,0
2026-10-06 00:43:21,19.81,49.83,407.7,0,0,0,0,0
2026-10-06 00:43:51,20.05,50.62,406.7,0,0,0,0,0
2026-10-06 00:44:21,20.24,50.4,405.4,0,0,0,0,0
2026-10-06 00:44:51,19.82,50.51,407.0,0,0,0,0,0
2026-10-06 00:45:21,20.02,50.45,407.0,0,0,0,0,0
2026-10-06 00:45:51,20.79,51.69,416.3,1,13,0,0,0
2026-10-06 00:46:21,20.0,50.34,414.7,0,0,0,0,0
2026-10-06 00:46:51,20.15,50.1,413.7,0,0,0,0,0
2026-10-06 00:47:21,19.75,50.62,412.5,0,1,0,0,0
2026-10-06 00:47:51,19.86,50.65,411.9,0,0,0,0,0
2026-10-06 00:48:21,20.09,50.75,408.1,0,0,0,0,0
2026-10-06 00:48:51,19.72,50.45,409.4,0,0,0,0,0
2026-10-06 00:49:21,19.94,50.95,411.0,0,0,0,0,0
2026-10-06 00:49:51,20.08,50.9,409.6,0,0,0,0,0
2026-10-06 00:50:21,20.03,50.58,410.7,0,0,0,0,0
2026-10-06 00:50:51,19.78,50.6,411.3,0,0,0,0,0
2026-10-06 00:51:21,19.76,50.89,409.9,0,0,0,0,0
2026-10-06 00:51:51,19.93,50.26,408.7,0,0,0,0,0
2026-10-06 00:52:21,20.05,50.59,407.9,0,0,0,0,0
2026-10-06 00:52:51,19.82,51.02,407.9,0,0,0,0,0
2026-10-06 00:53:21,19.98,50.83,407.6,0,0,0,0,0
2026-10-06 00:53:51,19.77,49.91,408.0,0,0,0,0,0
2026-10-06 00:54:21,19.86,50.61,410.3,0,0,0,0,0
2026-10-06 00:54:51,19.83,50.22,409.3,0,0,0,0,0
2026-10-06 00:55:21,20.07,50.69,407.4,0,0,0,0,0
2026-10-06 00:55:51,19.97,49.76,408.4,0,0,0,0,0
2026-10-06 00:56:21,19.84,50.47,406.4,0,0,0,0,0
2026-10-06 00:56:51,20.06,50.72,406.0,0,0,0,0,0
2026-10-06 00:57:21,19.92,50.91,404.4,0,0,0,0,0
2026-10-06 00:57:51,19.76,50.87,401.4,0,0,0,0,0
2026-10-06 00:58:21,19.96,50.54,400.4,0,0,0,0,0
2026-10-06 00:58:51,19.75,50.5,399.5,0,0,0,0,0
2026-10-06 00:59:21,19.6,50.39,399.5,0,0,0,0,0
2026-10-06 00:59:51,19.9,50.52,398.2,0,0,0,0,0
2026-10-06 01:00:21,19.87,50.42,395.8,0,0,0,0,0
2026-10-06 01:00:51,19.92,50.2,396.2,0,0,0,0,0
2026-10-06 01:01:21,19.63,50.88,395.3,0,0,0,0,0
2026-10-06 01:01:51,20.78,52.37,402.7,1,6,0,0,0
2026-10-06 01:02:21,19.61,51.01,401.1,0,0,0,0,0
2026-10-06 01:02:51,20.65,52.54,407.4,1,3,0,0,0
2026-10-06 01:03:21,19.79,50.32,408.0,0,0,0,0,0
2026-10-06 01:03:51,19.93,50.53,408.8,0,0,0,0,0
2026-10-06 01:04:21,19.98,51.03,412.0,0,0,0,0,0
2026-10-06 01:04:51,19.88,50.32,408.4,0,0,0,0,0
2026-10-06 01:05:21,19.81,51.54,410.4,0,0,0,0,0
2026-10-06 01:05:51,19.98,49.97,408.7,0,0,0,0,0
2026-10-06 01:06:21,19.99,50.96,408.6,0,0,0,0,0
2026-10-06 01:06:51,20.28,52.13,414.6,1,7,0,0,0
2026-10-06 01:07:21,19.84,51.25,410.8,0,0,0,0,0
2026-10-06 01:07:51,20.01,51.02,408.8,0,0,0,0,0
2026-10-06 01:08:21,20.07,50.3,411.3,0,0,0,0,0
2026-10-06 01:08:51,19.77,50.68,408.5,0,0,0,0,0
2026-10-06 01:09:21,19.73,50.79,408.5,0,0,0,0,0
2026-10-06 01:09:51,19.84,50.71,408.5,0,0,0,0,0
2026-10-06 01:10:21,19.77,51.05,407.1,0,1,0,0,0
2026-10-06 01:10:51,19.94,50.44,408.9,0,0,0,0,0
2026-10-06 01:11:21,19.77,51.21,409.5,0,0,0,0,0
2026-10-06 01:11:51,19.61,50.69,408.3,0,0,0,0,0
2026-10-06 01:12:21,19.61,50.43,407.7,0,1,0,0,0
2026-10-06 01:12:51,20.03,50.49,406.3,0,0,0,0,0
2026-10-06 01:13:21,19.76,51.16,406.5,0,0,0,0,0
2026-10-06 01:13:51,19.65,50.57,406.3,0,0,0,0,0
2026-10-06 01:14:21,19.82,50.52,403.6,0,0,0,0,0
2026-10-06 01:14:51,19.8,50.29,403.2,0,1,0,0,0
2026-10-06 01:15:21,19.82,50.54,402.3,0,0,0,0,0
2026-10-06 01:15:51,19.8,50.23,401.7,0,0,0,0,0
2026-10-06 01:16:21,19.83,51.1,400.5,0,0,0,0,0
2026-10-06 01:16:51,19.48,51.28,402.3,0,0,0,0,0
2026-10-06 01:17:21,19.68,50.72,401.7,0,0,0,0,0
2026-10-06 01:17:51,19.63,50.53,404.5,0,0,0,0,0
2026-10-06 01:18:21,19.48,50.59,401.3,0,0,0,0,0
2026-10-06 01:18:51,19.76,50.89,401.9,0,0,0,0,0
2026-10-06 01:19:21,19.74,50.57,402.0,0,0,0,0,0
2026-10-06 01:19:51,19.65,50.53,401.4,0,0,0,0,0
2026-10-06 01:20:21,19.96,50.79,401.9,0,0,0,0,0
2026-10-06 01:20:51,20.41,51.88,407.4,1,6,0,0,0
2026-10-06 01:21:21,19.75,50.8,407.2,0,0,0,0,0
2026-10-06 01:21:51,19.74,50.66,407.0,0,0,0,0,0
2026-10-06 01:22:21,19.8,50.98,407.0,0,0,0,0,0
2026-10-06 01:22:51,19.79,50.44,409.2,0,0,0,0,0
2026-10-06 01:23:21,19.94,50.1,410.4,0,0,0,0,0
2026-10-06 01:23:51,19.91,50.62,406.9,0,0,0,0,0
2026-10-06 01:24:21,19.74,50.98,407.8,0,1,0,0,0
2026-10-06 01:24:51,19.83,50.13,408.4,0,0,0,0,0
2026-10-06 01:25:21,19.67,50.22,407.5,0,0,0,0,0
2026-10-06 01:25:51,20.15,52.13,411.5,1,8,0,0,0
2026-10-06 01:26:21,19.67,50.56,409.6,0,0,0,0,0
2026-10-06 01:26:51,19.8,50.71,410.6,0,0,0,0,0
2026-10-06 01:27:21,19.87,50.81,409.5,0,0,0,0,0
2026-10-06 01:27:51,19.7,50.33,407.7,0,0,0,0,0
2026-10-06 01:28:21,19.91,50.73,408.4,0,1,0,0,0
2026-10-06 01:28:51,19.62,51.12,409.2,0,0,0,0,0
2026-10-06 01:29:21,19.66,50.75,411.0,0,0,0,0,0
2026-10-06 01:29:51,19.58,50.38,408.5,0,0,0,0,0
2026-10-06 01:30:21,19.56,51.2,406.1,0,0,0,0,0
2026-10-06 01:30:51,19.45,50.26,406.4,0,1,0,0,0
2026-10-06 01:31:21,19.73,50.67,405.2,0,0,0,0,0
2026-10-06 01:31:51,19.88,50.32,403.0,0,0,0,0,0
2026-10-06 01:32:21,19.52,50.56,403.0,0,0,0,0,0
2026-10-06 01:32:51,19.4,50.0,402.3,0,1,0,0,0
2026-10-06 01:33:21,19.86,50.64,405.7,0,0,0,0,0
2026-10-06 01:33:51,19.72,50.97,406.4,0,0,0,0,0
2026-10-06 01:34:21,19.92,50.86,405.6,0,0,0,0,0
2026-10-06 01:34:51,20.03,51.47,404.6,0,0,0,0,0
2026-10-06 01:35:21,19.9,50.77,403.9,0,0,0,0,0
2026-10-06 01:35:51,19.76,50.71,405.9,0,0,0,0,0
2026-10-06 01:36:21,19.47,51.11,407.5,0,0,0,0,0
2026-10-06 01:36:51,19.73,50.87,410.4,0,0,0,0,0
2026-10-06 01:37:21,19.58,50.95,408.3,0,0,0,0,0
2026-10-06 01:37:51,19.66,50.92,410.8,0,0,0,0,0
2026-10-06 01:38:21,19.58,50.68,411.3,0,0,0,0,0
2026-10-06 01:38:51,19.68,50.68,408.0,0,0,0,0,0
2026-10-06 01:39:21,19.51,50.72,407.1,0,0,0,0,0
2026-10-06 01:39:51,19.7,51.3,405.9,0,0,0,0,0
2026-10-06 01:40:21,19.67,50.7,406.5,0,0,0,0,0
2026-10-06 01:40:51,19.74,50.7,404.1,0,0,0,0,0
2026-10-06 01:41:21,19.54,51.51,402.3,0,0,0,0,0
2026-10-06 01:41:51,19.48,50.73,403.3,0,0,0,0,0
2026-10-06 01:42:21,19.7,50.3,400.9,0,0,0,0,0
2026-10-06 01:42:51,19.66,50.78,400.6,0,0,0,0,0
2026-10-06 01:43:21,19.56,50.82,399.7,0,0,0,0,0
2026-10-06 01:43:51,19.55,50.59,399.4,0,0,0,0,0
2026-10-06 01:44:21,19.62,50.41,400.1,0,0,0,0,0
2026-10-06 01:44:51,19.55,50.8,399.5,0,0,0,0,0
2026-10-06 01:45:21,19.64,51.22,398.9,0,0,0,0,0
2026-10-06 01:45:51,19.68,50.53,399.0,0,0,0,0,0
2026-10-06 01:46:21,19.55,51.0,399.9,0,0,0,0,0
2026-10-06 01:46:51,19.57,51.31,400.0,0,1,0,0,0
2026-10-06 01:47:21,19.61,50.61,400.7,0,0,0,0,0
2026-10-06 01:47:51,19.71,50.81,401.0,0,0,0,0,0
2026-10-06 01:48:21,19.39,51.15,400.9,0,0,0,0,0
2026-10-06 01:48:51,19.81,50.93,402.3,0,0,0,0,0
2026-10-06 01:49:21,19.89,50.31,402.1,0,0,0,0,0
2026-10-06 01:49:51,19.78,51.0,400.1,0,0,0,0,0
2026-10-06 01:50:21,19.7,50.46,403.3,0,0,0,0,0
2026-10-06 01:50:51,19.37,50.71,403.0,0,0,0,0,0
2026-10-06 01:51:21,19.58,50.65,401.4,0,0,0,0,0
2026-10-06 01:51:51,19.49,50.75,400.0,0,0,0,0,0
2026-10-06 01:52:21,19.96,50.12,398.4,0,0,0,0,0
2026-10-06 01:52:51,19.63,51.0,399.2,0,0,0,0,0
2026-10-06 01:53:21,19.78,50.79,398.5,0,0,0,0,0
2026-10-06 01:53:51,19.45,51.29,399.0,0,0,0,0,0
2026-10-06 01:54:21,19.62,50.27,402.1,0,0,0,0,0
2026-10-06 01:54:51,19.53,51.31,398.5,0,1,0,0,0
2026-10-06 01:55:21,19.56,51.13,398.2,0,0,0,0,0
2026-10-06 01:55:51,19.29,51.38,397.0,0,0,0,0,0
2026-10-06 01:56:21,19.63,51.33,398.3,0,0,0,0,0
2026-10-06 01:56:51,19.73,51.13,397.3,0,0,0,0,0
2026-10-06 01:57:21,19.5,50.83,395.9,0,0,0,0,0
2026-10-06 01:57:51,19.76,50.03,393.0,0,0,0,0,0
2026-10-06 01:58:21,19.56,51.75,392.0,0,0,0,0,0
2026-10-06 01:58:51,19.72,51.17,392.5,0,0,0,0,0
2026-10-06 01:59:21,19.79,50.81,391.6,0,1,0,0,0
2026-10-06 01:59:51,19.44,51.01,391.1,0,0,0,0,0
2026-10-06 02:00:21,19.74,50.58,391.2,0,0,0,0,0
2026-10-06 02:00:51,19.42,50.3,391.9,0,0,0,0,0
2026-10-06 02:01:21,19.68,51.51,390.8,0,0,0,0,0
2026-10-06 02:01:51,19.51,50.73,392.5,0,0,0,0,0
2026-10-06 02:02:21,19.65,51.26,390.5,0,1,0,0,0
2026-10-06 02:02:51,19.75,51.03,391.0,0,0,0,0,0
2026-10-06 02:03:21,19.48,50.76,390.6,0,0,0,0,0
2026-10-06 02:03:51,19.71,50.52,388.8,0,0,0,0,0
2026-10-06 02:04:21,19.43,50.76,392.0,0,0,0,0,0
2026-10-06 02:04:51,19.62,51.06,392.4,0,0,0,0,0
2026-10-06 02:05:21,19.55,50.7,392.1,0,0,0,0,0
2026-10-06 02:05:51,19.38,50.92,390.7,0,0,0,0,0
2026-10-06 02:06:21,19.55,50.92,390.4,0,0,0,0,0
2026-10-06 02:06:51,19.55,51.36,389.7,0,0,0,0,0
2026-10-06 02:07:21,19.64,51.28,390.3,0,0,0,0,0
2026-10-06 02:07:51,19.31,50.88,389.7,0,0,0,0,0
2026-10-06 02:08:21,19.68,50.79,389.8,0,0,0,0,0
2026-10-06 02:08:51,20.35,52.61,399.6,1,3,0,0,0
2026-10-06 02:09:21,19.67,51.14,401.1,0,0,0,0,0
2026-10-06 02:09:51,19.33,50.19,402.3,0,0,0,0,0
2026-10-06 02:10:21,19.48,51.88,403.1,0,0,0,0,0
2026-10-06 02:10:51,19.55,50.68,404.3,0,0,0,0,0
2026-10-06 02:11:21,19.7,50.74,404.0,0,0,0,0,0
2026-10-06 02:11:51,19.48,50.52,403.7,0,0,0,0,0
2026-10-06 02:12:21,19.55,51.13,403.5,0,1,0,0,0
2026-10-06 02:12:51,19.68,50.99,403.8,0,0,0,0,0
2026-10-06 02:13:21,19.47,51.42,405.6,0,0,0,0,0
2026-10-06 02:13:51,19.65,50.72,405.9,0,0,0,0,0
2026-10-06 02:14:21,19.43,51.28,403.6,0,0,0,0,0
2026-10-06 02:14:51,19.4,51.51,404.7,0,0,0,0,0
2026-10-06 02:15:21,19.47,50.69,403.7,0,0,0,0,0
2026-10-06 02:15:51,19.48,50.86,402.7,0,0,0,0,0
2026-10-06 02:16:21,19.75,51.29,402.1,0,0,0,0,0
2026-10-06 02:16:51,19.67,50.78,402.6,0,0,0,0,0
2026-10-06 02:17:21,19.48,50.86,402.5,0,0,0,0,0
2026-10-06 02:17:51,19.51,50.95,403.5,0,0,0,0,0
2026-10-06 02:18:21,19.72,51.26,404.0,0,0,0,0,0
2026-10-06 02:18:51,19.57,50.75,404.0,0,0,0,0,0
2026-10-06 02:19:21,19.33,51.03,401.1,0,0,0,0,0
2026-10-06 02:19:51,19.57,51.19,401.3,0,0,0,0,0
2026-10-06 02:20:21,19.7,51.47,399.1,0,0,0,0,0
2026-10-06 02:20:51,19.51,50.52,397.7,0,0,0,0,0
2026-10-06 02:21:21,19.63,50.68,395.6,0,0,0,0,0
2026-10-06 02:21:51,19.57,51.48,393.9,0,0,0,0,0
2026-10-06 02:22:21,19.53,51.05,395.0,0,1,0,0,0
2026-10-06 02:22:51,19.67,51.3,392.7,0,0,0,0,0
2026-10-06 02:23:21,19.51,51.07,393.7,0,0,0,0,0
2026-10-06 02:23:51,19.45,50.8,391.0,0,0,0,0,0
2026-10-06 02:24:21,19.24,50.75,391.9,0,0,0,0,0
2026-10-06 02:24:51,19.43,51.16,392.5,0,1,0,0,0
2026-10-06 02:25:21,19.42,50.94,391.3,0,0,0,0,0
2026-10-06 02:25:51,19.6,50.79,390.6,0,0,0,0,0
2026-10-06 02:26:21,19.57,50.84,390.8,0,0,0,0,0
2026-10-06 02:26:51,19.59,50.62,389.9,0,0,0,0,0
2026-10-06 02:27:21,19.67,51.01,390.2,0,0,0,0,0
2026-10-06 02:27:51,19.48,50.76,390.6,0,0,0,0,0
2026-10-06 02:28:21,19.33,51.16,390.8,0,0,0,0,0
2026-10-06 02:28:51,19.67,51.02,389.9,0,0,0,0,0
2026-10-06 02:29:21,19.44,50.69,390.4,0,0,0,0,0
2026-10-06 02:29:51,19.71,51.93,391.0,0,0,0,0,0
2026-10-06 02:30:21,19.42,50.55,388.9,0,0,0,0,0
2026-10-06 02:30:51,19.49,51.31,387.1,0,0,0,0,0
2026-10-06 02:31:21,19.56,50.89,387.7,0,0,0,0,0
2026-10-06 02:31:51,19.47,50.95,390.1,0,0,0,0,0
2026-10-06 02:32:21,19.47,50.89,391.2,0,0,0,0,0
2026-10-06 02:32:51,19.72,51.1,389.4,0,0,0,0,0
2026-10-06 02:33:21,19.34,50.76,389.0,0,0,0,0,0
2026-10-06 02:33:51,19.73,50.28,388.8,0,0,0,0,0
2026-10-06 02:34:21,19.43,51.26,388.8,0,0,0,0,0
2026-10-06 02:34:51,19.37,51.03,386.5,0,0,0,0,0
2026-10-06 02:35:21,19.6,50.84,384.4,0,0,0,0,0
2026-10-06 02:35:51,19.43,51.25,385.0,0,0,0,0,0
2026-10-06 02:36:21,19.62,51.14,384.9,0,0,0,0,0
2026-10-06 02:36:51,19.63,50.39,386.5,0,1,0,0,0
2026-10-06 02:37:21,19.73,51.24,387.0,0,0,0,0,0
2026-10-06 02:37:51,19.38,50.73,386.6,0,0,0,0,0
2026-10-06 02:38:21,19.72,51.38,386.1,0,0,0,0,0
2026-10-06 02:38:51,19.25,51.35,385.0,0,1,0,0,0
2026-10-06 02:39:21,19.59,51.43,384.4,0,0,0,0,0
2026-10-06 02:39:51,19.48,51.18,384.5,0,0,0,0,0
2026-10-06 02:40:21,19.46,50.73,382.3,0,0,0,0,0
2026-10-06 02:40:51,20.2,52.59,389.9,1,11,0,0,0
2026-10-06 02:41:21,20.31,52.36,397.3,1,11,0,0,0
2026-10-06 02:41:51,19.55,50.86,396.0,0,0,0,0,0
2026-10-06 02:42:21,19.6,50.97,394.7,0,0,0,0,0
2026-10-06 02:42:51,19.69,50.74,394.6,0,0,0,0,0
2026-10-06 02:43:21,19.49,50.95,393.5,0,0,0,0,0
2026-10-06 02:43:51,19.43,51.26,394.3,0,0,0,0,0
2026-10-06 02:44:21,19.42,51.43,395.5,0,0,0,0,0
2026-10-06 02:44:51,19.63,51.03,395.1,0,0,0,0,0
2026-10-06 02:45:21,19.53,51.28,395.3,0,0,0,0,0
2026-10-06 02:45:51,19.58,50.41,393.9,0,0,0,0,0
2026-10-06 02:46:21,19.67,51.2,393.4,0,0,0,0,0
2026-10-06 02:46:51,19.51,51.7,395.7,0,0,0,0,0
2026-10-06 02:47:21,19.54,50.77,394.0,0,0,0,0,0
2026-10-06 02:47:51,19.53,50.84,394.0,0,0,0,0,0
2026-10-06 02:48:21,19.47,51.1,396.9,0,0,0,0,0
2026-10-06 02:48:51,19.52,51.14,396.3,0,0,0,0,0
2026-10-06 02:49:21,19.51,51.17,395.8,0,0,0,0,0
2026-10-06 02:49:51,19.66,51.37,395.7,0,0,0,0,0
2026-10-06 02:50:21,19.38,50.59,397.3,0,0,0,0,0
2026-10-06 02:50:51,19.49,50.56,398.1,0,0,0,0,0
2026-10-06 02:51:21,19.71,51.11,397.6,0,0,0,0,0
2026-10-06 02:51:51,19.4,50.83,397.4,0,0,0,0,0
2026-10-06 02:52:21,19.52,51.05,397.5,0,0,0,0,0
2026-10-06 02:52:51,19.26,50.41,398.1,0,0,0,0,0
2026-10-06 02:53:21,19.37,51.2,398.4,0,0,0,0,0
2026-10-06 02:53:51,19.57,50.96,399.6,0,0,0,0,0
2026-10-06 02:54:21,19.17,51.06,398.8,0,0,0,0,0
2026-10-06 02:54:51,20.42,52.58,402.5,1,9,0,0,0
2026-10-06 02:55:21,19.5,50.62,404.3,0,0,0,0,0
2026-10-06 02:55:51,19.2,50.27,404.1,0,0,0,0,0
2026-10-06 02:56:21,19.63,51.79,402.3,0,0,0,0,0
2026-10-06 02:56:51,19.49,50.93,402.8,0,0,0,0,0
2026-10-06 02:57:21,19.46,50.52,403.4,0,0,0,0,0
2026-10-06 02:57:51,20.14,52.11,406.2,1,7,0,0,0
2026-10-06 02:58:21,19.65,51.16,403.6,0,0,0,0,0
2026-10-06 02:58:51,19.45,51.1,403.5,0,0,0,0,0
2026-10-06 02:59:21,19.38,51.29,404.0,0,0,0,0,0
2026-10-06 02:59:51,19.46,51.33,403.1,0,0,0,0,0
2026-10-06 03:00:21,19.74,51.1,402.4,0,0,0,0,0
2026-10-06 03:00:51,19.54,51.09,403.9,0,0,0,0,0
2026-10-06 03:01:21,19.55,50.91,403.7,0,0,0,0,0
2026-10-06 03:01:51,19.46,51.49,401.9,0,0,0,0,0
2026-10-06 03:02:21,19.52,50.64,402.5,0,0,0,0,0
2026-10-06 03:02:51,19.49,51.21,404.6,0,0,0,0,0
2026-10-06 03:03:21,19.36,51.06,407.3,0,0,0,0,0
2026-10-06 03:03:51,19.29,51.06,408.6,0,0,0,0,0
2026-10-06 03:04:21,19.43,51.03,408.4,0,0,0,0,0
2026-10-06 03:04:51,19.45,50.48,408.6,0,0,0,0,0
2026-10-06 03:05:21,19.51,50.21,410.5,0,1,0,0,0
2026-10-06 03:05:51,19.64,50.75,410.8,0,0,0,0,0
2026-10-06 03:06:21,19.45,51.04,406.8,0,0,0,0,0
2026-10-06 03:06:51,19.38,50.77,406.5,0,0,0,0,0
2026-10-06 03:07:21,19.62,50.86,408.9,0,0,0,0,0
2026-10-06 03:07:51,19.63,50.65,410.2,0,0,0,0,0
2026-10-06 03:08:21,19.67,51.18,409.2,0,0,0,0,0
2026-10-06 03:08:51,19.79,51.33,408.5,0,0,0,0,0
2026-10-06 03:09:21,20.27,52.33,409.9,1,6,0,0,0
2026-10-06 03:09:51,19.58,50.9,410.4,0,0,0,0,0
2026-10-06 03:10:21,19.63,50.85,409.7,0,0,0,0,0
2026-10-06 03:10:51,19.52,50.76,412.7,0,0,0,0,0
2026-10-06 03:11:21,19.65,51.26,411.1,0,0,0,0,0
2026-10-06 03:11:51,19.26,50.18,411.9,0,0,0,0,0
2026-10-06 03:12:21,19.31,51.24,408.6,0,0,0,0,0
2026-10-06 03:12:51,19.47,50.53,407.1,0,0,0,0,0
2026-10-06 03:13:21,19.29,51.09,405.5,0,0,0,0,0
2026-10-06 03:13:51,19.58,51.1,407.1,0,0,0,0,0
2026-10-06 03:14:21,20.27,52.51,411.3,1,12,0,0,0
2026-10-06 03:14:51,19.59,50.39,408.4,0,0,0,0,0
2026-10-06 03:15:21,19.59,50.9,409.2,0,0,0,0,0
2026-10-06 03:15:51,19.53,50.67,408.3,0,0,0,0,0
2026-10-06 03:16:21,19.38,50.87,407.7,0,0,0,0,0
2026-10-06 03:16:51,20.33,52.23,410.8,1,12,0,0,0
2026-10-06 03:17:21,19.59,50.35,407.3,0,0,0,0,0
2026-10-06 03:17:51,19.49,50.5,405.8,0,1,0,0,0
2026-10-06 03:18:21,19.73,51.2,404.4,0,0,0,0,0
2026-10-06 03:18:51,19.44,51.4,404.3,0,0,0,0,0
2026-10-06 03:19:21,19.36,50.86,402.8,0,1,0,0,0
2026-10-06 03:19:51,19.64,51.15,402.6,0,0,0,0,0
2026-10-06 03:20:21,19.8,51.22,401.7,0,0,0,0,0
2026-10-06 03:20:51,19.43,50.56,401.0,0,0,0,0,0
2026-10-06 03:21:21,19.68,51.5,400.3,0,0,0,0,0
2026-10-06 03:21:51,19.72,51.13,399.4,0,0,0,0,0
2026-10-06 03:22:21,20.18,52.53,400.3,1,5,0,0,0
2026-10-06 03:22:51,19.52,51.73,403.6,0,0,0,0,0
2026-10-06 03:23:21,19.46,51.01,404.7,0,0,0,0,0
2026-10-06 03:23:51,19.49,50.86,405.5,0,0,0,0,0
2026-10-06 03:24:21,19.42,50.98,405.4,0,0,0,0,0
2026-10-06 03:24:51,19.46,50.94,405.9,0,0,0,0,0
2026-10-06 03:25:21,19.55,51.35,406.8,0,0,0,0,0
2026-10-06 03:25:51,19.41,51.67,406.7,0,0,0,0,0
2026-10-06 03:26:21,19.25,51.31,406.9,0,0,0,0,0
2026-10-06 03:26:51,19.48,50.47,408.4,0,0,0,0,0
2026-10-06 03:27:21,19.88,50.39,408.9,0,0,0,0,0
2026-10-06 03:27:51,19.25,50.9,407.5,0,0,0,0,0
2026-10-06 03:28:21,19.22,51.53,407.5,0,0,0,0,0
2026-10-06 03:28:51,19.64,50.9,406.7,0,0,0,0,0
2026-10-06 03:29:21,19.44,50.47,407.2,0,0,0,0,0
2026-10-06 03:29:51,19.67,51.26,405.5,0,0,0,0,0
2026-10-06 03:30:21,19.48,51.81,408.1,0,0,0,0,0
2026-10-06 03:30:51,19.31,50.9,409.6,0,0,0,0,0
2026-10-06 03:31:21,19.56,51.05,409.1,0,0,0,0,0
2026-10-06 03:31:51,19.55,50.7,410.0,0,0,0,0,0
2026-10-06 03:32:21,20.44,52.39,412.3,1,12,0,0,0
2026-10-06 03:32:51,19.81,50.35,410.1,0,0,0,0,0
2026-10-06 03:33:21,19.63,50.65,407.8,0,0,0,0,0
2026-10-06 03:33:51,20.55,52.18,411.2,1,13,0,0,0
2026-10-06 03:34:21,19.54,51.44,410.8,0,0,0,0,0
2026-10-06 03:34:51,19.81,50.72,407.6,0,1,0,0,0
2026-10-06 03:35:21,19.45,50.86,409.7,0,0,0,0,0
2026-10-06 03:35:51,19.57,51.12,409.3,0,0,0,0,0
2026-10-06 03:36:21,19.5,50.82,408.9,0,0,0,0,0
2026-10-06 03:36:51,19.52,51.59,407.8,0,0,0,0,0
2026-10-06 03:37:21,19.48,50.59,406.6,0,0,0,0,0
2026-10-06 03:37:51,19.52,51.01,406.4,0,0,0,0,0
2026-10-06 03:38:21,19.56,51.25,407.7,0,0,0,0,0
2026-10-06 03:38:51,20.02,52.35,410.1,1,3,0,0,0
2026-10-06 03:39:21,19.57,51.06,407.5,0,0,0,0,0
2026-10-06 03:39:51,19.68,50.75,406.4,0,0,0,0,0
2026-10-06 03:40:21,19.65,51.46,407.0,0,0,0,0,0
2026-10-06 03:40:51,19.54,51.2,406.8,0,0,0,0,0
2026-10-06 03:41:21,19.42,50.66,408.5,0,0,0,0,0
2026-10-06 03:41:51,19.43,50.7,408.0,0,0,0,0,0
2026-10-06 03:42:21,19.67,51.02,406.5,0,0,0,0,0
2026-10-06 03:42:51,20.18,52.32,409.0,1,9,0,0,0
2026-10-06 03:43:21,19.59,50.71,409.6,0,0,0,0,0
2026-10-06 03:43:51,19.39,50.7,408.2,0,0,0,0,0
2026-10-06 03:44:21,19.4,51.04,407.0,0,0,0,0,0
2026-10-06 03:44:51,19.49,51.35,406.1,0,0,0,0,0
2026-10-06 03:45:21,19.67,51.02,407.2,0,0,0,0,0
2026-10-06 03:45:51,20.49,52.55,407.4,1,5,0,0,0
2026-10-06 03:46:21,19.44,50.99,407.7,0,0,0,0,0
2026-10-06 03:46:51,19.56,50.6,408.4,0,0,0,0,0
2026-10-06 03:47:21,19.4,50.89,411.3,0,0,0,0,0
2026-10-06 03:47:51,19.12,50.68,409.6,0,0,0,0,0
2026-10-06 03:48:21,19.66,50.77,409.2,0,0,0,0,0
2026-10-06 03:48:51,19.39,51.17,410.5,0,0,0,0,0
2026-10-06 03:49:21,19.67,50.99,409.1,0,0,0,0,0
2026-10-06 03:49:51,19.39,50.69,410.4,0,0,0,0,0
2026-10-06 03:50:21,19.68,51.26,409.4,0,0,0,0,0
2026-10-06 03:50:51,19.82,50.36,407.5,0,0,0,0,0
2026-10-06 03:51:21,19.67,50.83,407.8,0,0,0,0,0
2026-10-06 03:51:51,19.53,51.68,408.8,0,0,0,0,0
2026-10-06 03:52:21,19.28,50.88,407.8,0,0,0,0,0
2026-10-06 03:52:51,19.9,50.99,408.0,0,0,0,0,0
2026-10-06 03:53:21,19.47,50.87,406.4,0,0,0,0,0
2026-10-06 03:53:51,20.59,51.86,410.6,1,4,0,0,0
2026-10-06 03:54:21,19.59,51.34,409.9,0,0,0,0,0
2026-10-06 03:54:51,20.25,52.75,410.4,1,11,0,0,0
2026-10-06 03:55:21,19.93,50.51,407.7,0,0,0,0,0
2026-10-06 03:55:51,19.66,51.22,405.7,0,0,0,0,0
2026-10-06 03:56:21,19.83,50.35,404.5,0,0,0,0,0
2026-10-06 03:56:51,19.64,50.73,404.7,0,0,0,0,0
2026-10-06 03:57:21,19.51,51.44,406.3,0,0,0,0,0
2026-10-06 03:57:51,19.51,51.2,406.6,0,0,0,0,0
2026-10-06 03:58:21,19.7,50.55,405.9,0,0,0,0,0
2026-10-06 03:58:51,19.85,50.69,406.5,0,0,0,0,0
2026-10-06 03:59:21,19.56,51.65,405.4,0,0,0,0,0
2026-10-06 03:59:51,19.44,51.54,405.7,0,0,0,0,0
2026-10-06 04:00:21,19.46,50.8,406.8,0,0,0,0,0
2026-10-06 04:00:51,19.5,50.72,408.2,0,0,0,0,0
2026-10-06 04:01:21,19.8,50.63,408.1,0,0,0,0,0
2026-10-06 04:01:51,19.63,50.82,407.1,0,1,0,0,0
2026-10-06 04:02:21,19.81,50.96,405.0,0,0,0,0,0
2026-10-06 04:02:51,20.13,50.91,403.7,0,0,0,0,0
2026-10-06 04:03:21,19.64,50.65,402.2,0,0,0,0,0
2026-10-06 04:03:51,19.52,50.78,401.0,0,0,0,0,0
2026-10-06 04:04:21,19.81,51.29,400.5,0,0,0,0,0
2026-10-06 04:04:51,19.42,50.48,399.3,0,1,0,0,0
2026-10-06 04:05:21,19.47,51.11,396.6,0,0,0,0,0
2026-10-06 04:05:51,19.57,50.84,398.2,0,0,0,0,0
2026-10-06 04:06:21,19.61,51.28,397.9,0,0,0,0,0
2026-10-06 04:06:51,19.58,50.59,399.3,0,0,0,0,0
2026-10-06 04:07:21,19.62,50.47,400.4,0,0,0,0,0
2026-10-06 04:07:51,19.65,50.54,400.0,0,1,0,0,0
2026-10-06 04:08:21,19.67,50.58,401.4,0,0,0,0,0
2026-10-06 04:08:51,19.57,50.21,402.3,0,1,0,0,0
2026-10-06 04:09:21,19.69,50.36,403.0,0,0,0,0,0
2026-10-06 04:09:51,19.59,51.37,405.9,0,0,0,0,0
2026-10-06 04:10:21,19.7,51.31,402.3,0,0,0,0,0
2026-10-06 04:10:51,19.58,50.73,399.3,0,0,0,0,0
2026-10-06 04:11:21,19.59,49.87,399.4,0,0,0,0,0
2026-10-06 04:11:51,19.74,50.98,397.8,0,0,0,0,0
2026-10-06 04:12:21,19.48,50.55,397.0,0,0,0,0,0
2026-10-06 04:12:51,19.55,50.87,397.5,0,0,0,0,0
2026-10-06 04:13:21,19.72,50.88,396.6,0,0,0,0,0
2026-10-06 04:13:51,19.55,50.57,396.2,0,0,0,0,0
2026-10-06 04:14:21,19.58,51.03,397.2,0,0,0,0,0
2026-10-06 04:14:51,19.68,51.51,397.0,0,0,0,0,0
2026-10-06 04:15:21,19.74,51.64,394.0,0,0,0,0,0
2026-10-06 04:15:51,19.53,50.75,394.7,0,0,0,0,0
2026-10-06 04:16:21,19.67,50.23,394.3,0,0,0,0,0
2026-10-06 04:16:51,19.47,50.91,393.2,0,0,0,0,0
2026-10-06 04:17:21,19.86,50.32,393.0,0,0,0,0,0
2026-10-06 04:17:51,19.5,50.98,394.1,0,0,0,0,0
2026-10-06 04:18:21,19.4,50.52,395.4,0,0,0,0,0
2026-10-06 04:18:51,19.66,51.16,395.3,0,0,0,0,0
2026-10-06 04:19:21,19.87,51.0,393.8,0,0,0,0,0
2026-10-06 04:19:51,19.57,51.18,393.0,0,0,0,0,0
2026-10-06 04:20:21,19.56,50.75,391.4,0,0,0,0,0
2026-10-06 04:20:51,19.6,51.24,391.6,0,1,0,0,0
2026-10-06 04:21:21,19.71,51.23,390.9,0,0,0,0,0
2026-10-06 04:21:51,19.87,50.4,390.2,0,0,0,0,0
2026-10-06 04:22:21,19.56,51.0,388.8,0,0,0,0,0
2026-10-06 04:22:51,19.26,50.91,389.3,0,0,0,0,0
2026-10-06 04:23:21,19.77,50.69,389.5,0,0,0,0,0
2026-10-06 04:23:51,19.55,50.96,390.2,0,0,0,0,0
2026-10-06 04:24:21,19.66,50.28,392.3,0,0,0,0,0
2026-10-06 04:24:51,19.97,50.69,392.4,0,0,0,0,0
2026-10-06 04:25:21,19.6,51.11,394.4,0,0,0,0,0
2026-10-06 04:25:51,19.91,50.83,393.6,0,1,0,0,0
2026-10-06 04:26:21,20.42,52.23,396.1,1,11,0,0,0
2026-10-06 04:26:51,19.23,50.15,394.9,0,0,0,0,0
2026-10-06 04:27:21,19.62,50.23,396.1,0,0,0,0,0
2026-10-06 04:27:51,19.65,50.79,395.3,0,0,0,0,0
2026-10-06 04:28:21,19.62,50.75,395.6,0,1,0,0,0
2026-10-06 04:28:51,19.42,50.99,397.5,0,0,0,0,0
2026-10-06 04:29:21,19.58,50.61,395.1,0,0,0,0,0
2026-10-06 04:29:51,19.44,51.03,394.8,0,0,0,0,0
2026-10-06 04:30:21,19.81,50.74,394.1,0,1,0,0,0
2026-10-06 04:30:51,19.81,50.95,395.3,0,0,0,0,0
2026-10-06 04:31:21,19.75,50.49,393.1,0,1,0,0,0
2026-10-06 04:31:51,19.68,50.78,392.9,0,0,0,0,0
2026-10-06 04:32:21,19.64,50.57,393.1,0,0,0,0,0
2026-10-06 04:32:51,19.83,50.58,392.8,0,0,0,0,0
2026-10-06 04:33:21,19.85,50.96,392.3,0,0,0,0,0
2026-10-06 04:33:51,19.67,50.39,393.1,0,0,0,0,0
2026-10-06 04:34:21,19.51,50.68,393.8,0,0,0,0,0
2026-10-06 04:34:51,19.62,50.79,394.6,0,1,0,0,0
2026-10-06 04:35:21,19.69,50.76,395.3,0,0,0,0,0
2026-10-06 04:35:51,19.59,50.66,394.8,0,0,0,0,0
2026-10-06 04:36:21,19.86,50.58,394.8,0,1,0,0,0
2026-10-06 04:36:51,19.82,50.89,394.8,0,0,0,0,0
2026-10-06 04:37:21,19.68,50.53,394.1,0,0,0,0,0
2026-10-06 04:37:51,19.72,50.97,397.1,0,0,0,0,0
2026-10-06 04:38:21,19.98,50.63,397.7,0,0,0,0,0
2026-10-06 04:38:51,19.67,50.22,397.6,0,0,0,0,0
2026-10-06 04:39:21,19.86,51.07,397.5,0,0,0,0,0
2026-10-06 04:39:51,19.83,50.46,399.1,0,0,0,0,0
2026-10-06 04:40:21,19.68,50.92,400.3,0,0,0,0,0
2026-10-06 04:40:51,19.8,50.72,401.6,0,0,0,0,0
2026-10-06 04:41:21,19.67,50.53,402.4,0,0,0,0,0
2026-10-06 04:41:51,19.46,50.53,401.0,0,0,0,0,0
2026-10-06 04:42:21,19.64,50.36,400.9,0,1,0,0,0
2026-10-06 04:42:51,19.44,51.16,400.2,0,0,0,0,0
2026-10-06 04:43:21,19.54,50.99,397.9,0,0,0,0,0
2026-10-06 04:43:51,19.39,51.05,397.1,0,0,0,0,0
2026-10-06 04:44:21,19.81,51.71,396.2,0,0,0,0,0
2026-10-06 04:44:51,19.61,50.27,396.7,0,0,0,0,0
2026-10-06 04:45:21,19.62,51.26,396.9,0,0,0,0,0
2026-10-06 04:45:51,19.92,50.97,395.5,0,0,0,0,0
2026-10-06 04:46:21,19.79,50.55,396.5,0,0,0,0,0
2026-10-06 04:46:51,19.93,50.86,396.2,0,0,0,0,0
2026-10-06 04:47:21,19.54,50.73,396.5,0,0,0,0,0
2026-10-06 04:47:51,19.74,50.54,397.3,0,0,0,0,0
2026-10-06 04:48:21,19.78,50.88,395.3,0,0,0,0,0
2026-10-06 04:48:51,19.7,50.58,396.9,0,0,0,0,0
2026-10-06 04:49:21,19.62,50.17,397.3,0,0,0,0,0
2026-10-06 04:49:51,19.84,50.56,397.9,0,0,0,0,0
2026-10-06 04:50:21,19.84,50.64,399.4,0,0,0,0,0
2026-10-06 04:50:51,19.79,50.69,398.8,0,0,0,0,0
2026-10-06 04:51:21,19.77,50.96,399.6,0,1,0,0,0
2026-10-06 04:51:51,19.89,50.79,399.4,0,0,0,0,0
2026-10-06 04:52:21,20.01,50.05,398.2,0,0,0,0,0
2026-10-06 04:52:51,19.72,50.71,397.2,0,0,0,0,0
2026-10-06 04:53:21,19.87,50.94,396.2,0,0,0,0,0
2026-10-06 04:53:51,19.64,50.97,393.7,0,0,0,0,0
2026-10-06 04:54:21,19.89,50.79,392.6,0,1,0,0,0
2026-10-06 04:54:51,20.07,50.91,392.8,0,0,0,0,0
2026-10-06 04:55:21,19.54,50.77,393.5,0,0,0,0,0
2026-10-06 04:55:51,19.73,50.65,395.1,0,0,0,0,0
2026-10-06 04:56:21,19.51,50.27,394.8,0,0,0,0,0
2026-10-06 04:56:51,20.44,52.36,395.5,1,4,0,0,0
2026-10-06 04:57:21,20.01,50.79,392.8,0,0,0,0,0
2026-10-06 04:57:51,19.67,50.29,393.1,0,0,0,0,0
2026-10-06 04:58:21,19.77,49.76,391.9,0,0,0,0,0
2026-10-06 04:58:51,19.74,49.78,391.0,0,0,0,0,0
2026-10-06 04:59:21,19.56,50.86,391.8,0,0,0,0,0
2026-10-06 04:59:51,19.91,51.22,390.8,0,0,0,0,0
2026-10-06 05:00:21,20.14,50.98,390.2,0,0,0,0,0
2026-10-06 05:00:51,19.72,50.72,389.8,0,0,0,0,0
2026-10-06 05:01:21,19.96,50.91,387.5,0,0,0,0,0
2026-10-06 05:01:51,19.95,50.44,387.9,0,0,0,0,0
2026-10-06 05:02:21,19.74,49.7,386.9,0,0,0,0,0
2026-10-06 05:02:51,19.9,50.7,387.3,0,0,0,0,0
2026-10-06 05:03:21,19.83,50.55,388.0,0,0,0,0,0
2026-10-06 05:03:51,19.87,50.37,387.9,0,0,0,0,0
2026-10-06 05:04:21,19.68,50.62,386.0,0,0,0,0,0
2026-10-06 05:04:51,19.9,50.67,382.4,0,0,0,0,0
2026-10-06 05:05:21,19.78,50.1,381.9,0,0,0,0,0
2026-10-06 05:05:51,19.9,51.12,381.5,0,0,0,0,0
2026-10-06 05:06:21,19.83,51.11,379.8,0,0,0,0,0
2026-10-06 05:06:51,20.21,50.63,379.0,0,0,0,0,0
2026-10-06 05:07:21,19.86,50.9,375.3,0,0,0,0,0
2026-10-06 05:07:51,20.03,51.2,375.3,0,0,0,0,0
2026-10-06 05:08:21,19.85,50.57,374.0,0,1,0,0,0
2026-10-06 05:08:51,19.75,50.25,373.7,0,0,0,0,0
2026-10-06 05:09:21,19.87,50.52,373.9,0,0,0,0,0
2026-10-06 05:09:51,20.07,50.68,372.4,0,0,0,0,0
2026-10-06 05:10:21,19.74,50.13,373.7,0,0,0,0,0
2026-10-06 05:10:51,19.94,50.35,374.1,0,0,0,0,0
2026-10-06 05:11:21,19.74,50.46,374.3,0,0,0,0,0
2026-10-06 05:11:51,19.81,50.36,374.1,0,0,0,0,0
2026-10-06 05:12:21,20.04,50.79,374.3,0,0,0,0,0
2026-10-06 05:12:51,19.9,50.8,373.8,0,0,0,0,0
2026-10-06 05:13:21,19.85,49.96,373.3,0,0,0,0,0
2026-10-06 05:13:51,19.94,51.17,373.9,0,0,0,0,0
2026-10-06 05:14:21,20.03,50.17,374.2,0,0,0,0,0
2026-10-06 05:14:51,19.82,51.05,373.6,0,0,0,0,0
2026-10-06 05:15:21,19.94,50.92,371.6,0,0,0,0,0
2026-10-06 05:15:51,19.79,50.64,370.0,0,0,0,0,0
2026-10-06 05:16:21,20.0,50.5,370.0,0,0,0,0,0
2026-10-06 05:16:51,20.67,51.62,372.5,1,11,0,0,0
2026-10-06 05:17:21,20.15,50.4,372.3,0,0,0,0,0
2026-10-06 05:17:51,20.06,50.8,371.2,0,0,0,0,0
2026-10-06 05:18:21,19.93,50.69,371.9,0,0,0,0,0
2026-10-06 05:18:51,19.78,50.99,372.3,0,0,0,0,0
2026-10-06 05:19:21,20.04,51.12,370.9,0,1,0,0,0
2026-10-06 05:19:51,19.88,50.95,370.0,0,0,0,0,0
2026-10-06 05:20:21,20.01,50.85,370.1,0,1,0,0,0
2026-10-06 05:20:51,19.88,50.36,370.0,0,0,0,0,0
2026-10-06 05:21:21,19.84,50.43,370.6,0,0,0,0,0
2026-10-06 05:21:51,19.95,50.7,370.0,0,0,0,0,0
2026-10-06 05:22:21,19.83,50.29,370.0,0,0,0,0,0
2026-10-06 05:22:51,20.34,50.86,370.0,0,1,0,0,0
2026-10-06 05:23:21,20.01,50.63,371.2,0,0,0,0,0
2026-10-06 05:23:51,20.03,50.68,370.5,0,0,0,0,0
2026-10-06 05:24:21,20.95,52.0,373.8,1,5,0,0,0
2026-10-06 05:24:51,20.09,50.24,370.9,0,0,0,0,0
2026-10-06 05:25:21,20.29,50.5,370.4,0,0,0,0,0
2026-10-06 05:25:51,20.06,50.53,370.0,0,0,0,0,0
2026-10-06 05:26:21,20.15,50.14,371.8,0,0,0,0,0
2026-10-06 05:26:51,20.0,50.37,370.0,0,0,0,0,0
2026-10-06 05:27:21,19.87,50.72,370.0,0,0,0,0,0
2026-10-06 05:27:51,19.89,49.6,370.0,0,0,0,0,0
2026-10-06 05:28:21,19.91,50.2,370.0,0,1,0,0,0
2026-10-06 05:28:51,19.74,50.14,370.0,0,1,0,0,0
2026-10-06 05:29:21,20.03,49.42,370.5,0,0,0,0,0
2026-10-06 05:29:51,19.61,50.28,372.5,0,0,0,0,0
2026-10-06 05:30:21,19.91,50.41,371.7,0,0,0,0,0
2026-10-06 05:30:51,20.03,50.53,373.1,0,0,0,0,0
2026-10-06 05:31:21,20.21,50.4,374.8,0,0,0,0,0
2026-10-06 05:31:51,20.02,50.26,375.0,0,0,0,0,0
2026-10-06 05:32:21,20.02,50.18,375.2,0,0,0,0,0
2026-10-06 05:32:51,20.15,49.96,374.7,0,0,0,0,0
2026-10-06 05:33:21,20.24,49.8,373.7,0,0,0,0,0
2026-10-06 05:33:51,20.18,49.66,376.1,0,0,0,0,0
2026-10-06 05:34:21,20.12,50.44,376.1,0,0,0,0,0
2026-10-06 05:34:51,20.32,49.84,374.5,0,0,0,0,0
2026-10-06 05:35:21,20.08,50.73,373.1,0,1,0,0,0
2026-10-06 05:35:51,19.95,50.43,371.4,0,0,0,0,0
2026-10-06 05:36:21,20.04,50.53,370.0,0,0,0,0,0
2026-10-06 05:36:51,19.95,50.32,370.4,0,0,0,0,0
2026-10-06 05:37:21,20.1,50.62,370.0,0,0,0,0,0
2026-10-06 05:37:51,20.25,50.53,370.0,0,0,0,0,0
2026-10-06 05:38:21,20.17,50.09,370.7,0,0,0,0,0
2026-10-06 05:38:51,20.81,51.74,371.4,1,13,0,0,0
2026-10-06 05:39:21,20.17,50.73,370.0,0,0,0,0,0
2026-10-06 05:39:51,20.15,50.81,370.0,0,0,0,0,0
2026-10-06 05:40:21,20.92,52.23,372.7,1,6,0,0,0
2026-10-06 05:40:51,20.34,50.7,372.9,0,0,0,0,0
2026-10-06 05:41:21,20.02,50.23,372.2,0,0,0,0,0
2026-10-06 05:41:51,20.22,51.12,372.1,0,0,0,0,0
2026-10-06 05:42:21,19.94,49.86,374.2,0,0,0,0,0
2026-10-06 05:42:51,19.82,50.01,373.2,0,0,0,0,0
2026-10-06 05:43:21,20.13,50.94,373.2,0,0,0,0,0
2026-10-06 05:43:51,20.12,50.23,374.1,0,0,0,0,0
2026-10-06 05:44:21,19.96,49.87,372.8,0,0,0,0,0
2026-10-06 05:44:51,20.23,50.42,372.6,0,0,0,0,0
2026-10-06 05:45:21,20.05,50.53,372.7,0,1,0,0,0
2026-10-06 05:45:51,20.03,50.12,373.3,0,0,0,0,0
2026-10-06 05:46:21,20.16,49.75,372.2,0,0,0,0,0
2026-10-06 05:46:51,20.06,50.89,372.4,0,0,0,0,0
2026-10-06 05:47:21,19.98,49.85,371.9,0,0,0,0,0
2026-10-06 05:47:51,20.32,49.99,370.9,0,0,0,0,0
2026-10-06 05:48:21,20.29,50.52,372.3,0,0,0,0,0
2026-10-06 05:48:51,20.03,50.33,371.7,0,1,0,0,0
2026-10-06 05:49:21,20.21,50.16,372.3,0,1,0,0,0
2026-10-06 05:49:51,20.11,49.5,372.2,0,0,0,0,0
2026-10-06 05:50:21,20.24,49.82,371.7,0,0,0,0,0
2026-10-06 05:50:51,20.01,50.41,371.5,0,0,0,0,0
2026-10-06 05:51:21,20.27,50.76,371.1,0,0,0,0,0
2026-10-06 05:51:51,20.32,50.31,370.2,0,1,0,0,0
2026-10-06 05:52:21,20.03,49.69,370.0,0,0,0,0,0
2026-10-06 05:52:51,20.2,49.68,370.0,0,0,0,0,0
2026-10-06 05:53:21,20.11,50.27,370.0,0,0,0,0,0
2026-10-06 05:53:51,20.2,50.11,370.0,0,0,0,0,0
2026-10-06 05:54:21,20.05,50.81,370.0,0,0,0,0,0
2026-10-06 05:54:51,20.37,49.63,370.0,0,0,0,0,0
2026-10-06 05:55:21,20.4,50.89,370.0,0,0,0,0,0
2026-10-06 05:55:51,20.19,50.01,370.0,0,0,0,0,0
2026-10-06 05:56:21,19.93,50.01,370.0,0,0,0,0,0
2026-10-06 05:56:51,20.27,50.28,370.2,0,0,0,0,0
2026-10-06 05:57:21,20.13,50.1,370.0,0,0,0,0,0
2026-10-06 05:57:51,20.26,50.43,371.3,0,0,0,0,0
2026-10-06 05:58:21,20.45,50.09,371.5,0,0,0,0,0
2026-10-06 05:58:51,20.17,50.55,372.1,0,0,0,0,0
2026-10-06 05:59:21,19.99,50.83,371.8,0,0,0,0,0
2026-10-06 05:59:51,20.4,50.23,373.1,0,0,0,0,0
2026-10-06 06:00:21,20.41,49.33,374.2,0,0,0,0,0
2026-10-06 06:00:51,20.52,49.34,373.3,0,0,0,0,0
2026-10-06 06:01:21,20.39,49.89,373.2,0,0,0,0,0
2026-10-06 06:01:51,20.27,50.6,373.3,0,0,0,0,0
2026-10-06 06:02:21,20.09,49.72,375.0,0,0,0,0,0
2026-10-06 06:02:51,19.85,50.49,373.7,0,0,0,0,0
2026-10-06 06:03:21,20.42,50.08,374.5,0,0,0,0,0
2026-10-06 06:03:51,20.16,50.13,374.4,0,0,0,0,0
2026-10-06 06:04:21,20.23,50.41,374.7,0,0,0,0,0
2026-10-06 06:04:51,20.32,49.61,374.4,0,0,0,0,0
2026-10-06 06:05:21,20.19,49.85,376.3,0,0,0,0,0
2026-10-06 06:05:51,20.38,50.14,376.0,0,1,0,0,0
2026-10-06 06:06:21,20.25,50.17,377.5,0,0,0,0,0
2026-10-06 06:06:51,20.63,50.06,376.9,0,0,0,0,0
2026-10-06 06:07:21,21.09,51.9,380.3,1,10,0,0,0
2026-10-06 06:07:51,20.4,50.18,382.1,0,0,0,0,0
2026-10-06 06:08:21,20.48,50.07,381.9,0,0,0,0,0
2026-10-06 06:08:51,20.61,50.01,381.5,0,0,0,0,0
2026-10-06 06:09:21,20.34,49.91,380.9,0,0,0,0,0
2026-10-06 06:09:51,20.18,49.85,382.1,0,0,0,0,0
2026-10-06 06:10:21,20.25,50.22,381.2,0,0,0,0,0
2026-10-06 06:10:51,20.59,49.17,381.3,0,0,0,0,0
2026-10-06 06:11:21,20.54,50.41,380.8,0,0,0,0,0
2026-10-06 06:11:51,20.27,49.35,380.6,0,1,0,0,0
2026-10-06 06:12:21,20.24,50.0,381.4,0,0,0,0,0
2026-10-06 06:12:51,20.24,50.56,381.6,0,0,0,0,0
2026-10-06 06:13:21,20.29,49.81,379.3,0,0,0,0,0
2026-10-06 06:13:51,20.43,49.59,380.0,0,0,0,0,0
2026-10-06 06:14:21,20.21,50.41,379.6,0,0,0,0,0
2026-10-06 06:14:51,20.24,49.74,381.4,0,0,0,0,0
2026-10-06 06:15:21,20.42,49.64,382.7,0,0,0,0,0
2026-10-06 06:15:51,20.34,50.19,381.5,0,0,0,0,0
2026-10-06 06:16:21,20.4,50.29,382.6,0,0,0,0,0
2026-10-06 06:16:51,20.59,49.55,382.8,0,0,0,0,0
2026-10-06 06:17:21,20.49,50.06,383.5,0,0,0,0,0
2026-10-06 06:17:51,20.39,50.08,383.9,0,0,0,0,0
2026-10-06 06:18:21,20.28,49.84,383.9,0,0,0,0,0
2026-10-06 06:18:51,20.59,50.36,383.1,0,0,0,0,0
2026-10-06 06:19:21,20.35,49.62,384.1,0,0,0,0,0
2026-10-06 06:19:51,20.46,50.18,384.4,0,0,0,0,0
2026-10-06 06:20:21,20.22,50.21,385.3,0,0,0,0,0
2026-10-06 06:20:51,20.5,50.1,385.6,0,0,0,0,0
2026-10-06 06:21:21,20.36,50.24,387.8,0,0,0,0,0
2026-10-06 06:21:51,21.26,51.13,390.1,1,13,0,0,0
2026-10-06 06:22:21,20.59,50.05,390.7,0,0,0,0,0
2026-10-06 06:22:51,20.18,50.5,391.3,0,0,0,0,0
2026-10-06 06:23:21,20.4,50.23,390.9,0,1,0,0,0
2026-10-06 06:23:51,20.96,50.32,390.1,0,0,0,0,0
2026-10-06 06:24:21,20.34,50.22,389.5,0,0,0,0,0
2026-10-06 06:24:51,20.26,50.39,390.9,0,0,0,0,0
2026-10-06 06:25:21,20.68,50.09,389.9,0,0,0,0,0
2026-10-06 06:25:51,20.6,49.36,388.8,0,1,0,0,0
2026-10-06 06:26:21,20.66,49.99,388.8,0,0,0,0,0
2026-10-06 06:26:51,20.47,49.79,391.5,0,0,0,0,0
2026-10-06 06:27:21,20.08,49.89,391.5,0,0,0,0,0
2026-10-06 06:27:51,20.54,49.78,390.1,0,0,0,0,0
2026-10-06 06:28:21,20.22,49.77,387.9,0,0,0,0,0
2026-10-06 06:28:51,20.72,50.29,388.1,0,0,0,0,0
2026-10-06 06:29:21,20.49,50.13,388.5,0,0,0,0,0
2026-10-06 06:29:51,20.37,49.05,387.9,0,0,0,0,0
2026-10-06 06:30:21,20.48,49.46,387.1,0,0,0,0,0
2026-10-06 06:30:51,20.34,50.1,385.4,0,0,0,0,0
2026-10-06 06:31:21,21.23,52.11,388.5,1,11,0,0,0
2026-10-06 06:31:51,20.41,50.08,388.3,0,0,0,0,0
2026-10-06 06:32:21,20.5,50.03,387.6,0,0,0,0,0
2026-10-06 06:32:51,20.39,49.85,387.7,0,0,0,0,0
2026-10-06 06:33:21,20.14,49.94,387.7,0,0,0,0,0
2026-10-06 06:33:51,20.16,50.23,390.2,0,0,0,0,0
2026-10-06 06:34:21,20.1,49.72,391.2,0,0,0,0,0
2026-10-06 06:34:51,20.56,49.92,388.6,0,0,0,0,0
2026-10-06 06:35:21,20.6,49.53,389.1,0,0,0,0,0
2026-10-06 06:35:51,20.4,50.46,386.8,0,0,0,0,0
2026-10-06 06:36:21,20.43,49.45,387.8,0,0,0,0,0
2026-10-06 06:36:51,20.44,49.11,387.7,0,0,0,0,0
2026-10-06 06:37:21,20.64,49.54,386.1,0,0,0,0,0
2026-10-06 06:37:51,20.55,50.2,385.3,0,1,0,0,0
2026-10-06 06:38:21,20.29,49.57,385.1,0,1,0,0,0
2026-10-06 06:38:51,20.39,49.32,386.0,0,0,0,0,0
2026-10-06 06:39:21,20.48,50.34,384.1,0,0,0,0,0
2026-10-06 06:39:51,20.76,50.22,384.6,0,0,0,0,0
2026-10-06 06:40:21,20.42,50.12,382.9,0,0,0,0,0
2026-10-06 06:40:51,20.53,49.7,382.0,0,0,0,0,0
2026-10-06 06:41:21,20.73,49.58,380.8,0,0,0,0,0
2026-10-06 06:41:51,20.64,49.29,380.7,0,0,0,0,0
2026-10-06 06:42:21,20.44,49.59,379.5,0,0,0,0,0
2026-10-06 06:42:51,20.71,49.87,379.7,0,0,0,0,0
2026-10-06 06:43:21,20.62,49.56,379.5,0,0,0,0,0
2026-10-06 06:43:51,20.54,49.78,380.8,0,0,0,0,0
2026-10-06 06:44:21,20.46,49.87,379.3,0,0,0,0,0
2026-10-06 06:44:51,20.63,50.19,378.5,0,1,0,0,0
2026-10-06 06:45:21,20.89,49.8,377.6,0,1,0,0,0
2026-10-06 06:45:51,20.56,49.2,378.1,0,0,0,0,0
2026-10-06 06:46:21,21.42,51.14,379.3,1,8,0,0,0
2026-10-06 06:46:51,20.73,49.4,380.7,0,0,0,0,0
2026-10-06 06:47:21,20.98,50.08,380.8,0,0,0,0,0
2026-10-06 06:47:51,20.67,50.08,380.3,0,0,0,0,0
2026-10-06 06:48:21,20.74,49.67,381.9,0,0,0,0,0
2026-10-06 06:48:51,20.68,49.42,381.0,0,0,0,0,0
2026-10-06 06:49:21,20.78,49.68,381.4,0,0,0,0,0
2026-10-06 06:49:51,20.48,49.21,380.9,0,0,0,0,0
2026-10-06 06:50:21,20.63,49.7,382.5,0,1,0,0,0
2026-10-06 06:50:51,20.68,49.47,382.7,0,0,0,0,0
2026-10-06 06:51:21,20.64,50.01,382.7,0,0,0,0,0
2026-10-06 06:51:51,20.63,49.04,383.1,0,1,0,0,0
2026-10-06 06:52:21,20.73,50.06,381.9,0,0,0,0,0
2026-10-06 06:52:51,20.75,49.32,380.6,0,1,0,0,0
2026-10-06 06:53:21,20.79,49.81,381.7,0,0,0,0,0
2026-10-06 06:53:51,20.76,49.76,382.7,0,0,0,0,0
2026-10-06 06:54:21,20.43,49.84,381.5,0,1,0,0,0
2026-10-06 06:54:51,20.5,49.59,381.3,0,0,0,0,0
2026-10-06 06:55:21,20.55,49.49,379.9,0,0,0,0,0
2026-10-06 06:55:51,20.51,49.22,379.3,0,0,0,0,0
2026-10-06 06:56:21,20.76,50.12,380.2,0,0,0,0,0
2026-10-06 06:56:51,20.71,49.53,379.6,0,0,0,0,0
2026-10-06 06:57:21,20.91,50.2,378.8,0,0,0,0,0
2026-10-06 06:57:51,20.9,49.82,380.0,0,0,0,0,0
2026-10-06 06:58:21,20.9,48.88,379.4,0,0,0,0,0
2026-10-06 06:58:51,20.75,49.05,377.7,0,0,0,0,0
2026-10-06 06:59:21,20.87,49.64,376.6,0,0,0,0,0
2026-10-06 06:59:51,20.78,49.66,374.9,0,1,0,0,0
2026-10-06 07:00:21,20.43,48.99,375.1,0,1,0,0,0
2026-10-06 07:00:51,20.67,48.93,375.0,0,0,0,0,0
2026-10-06 07:01:21,20.74,48.88,373.2,0,0,0,0,0
2026-10-06 07:01:51,20.86,49.76,374.9,0,0,0,0,0
2026-10-06 07:02:21,20.89,49.57,374.5,0,0,0,0,0
2026-10-06 07:02:51,20.63,49.29,374.1,0,0,0,0,0
2026-10-06 07:03:21,20.75,49.71,375.5,0,0,0,0,0
2026-10-06 07:03:51,20.87,49.27,373.2,0,0,0,0,0
2026-10-06 07:04:21,21.66,50.85,374.8,1,6,0,0,0
2026-10-06 07:04:51,20.76,49.71,374.3,0,0,0,0,0
2026-10-06 07:05:21,20.93,49.02,373.8,0,0,0,0,0
2026-10-06 07:05:51,20.8,49.55,374.1,0,0,0,0,0
2026-10-06 07:06:21,20.93,49.0,375.3,0,0,0,0,0
2026-10-06 07:06:51,20.68,49.74,375.0,0,0,0,0,0
2026-10-06 07:07:21,20.79,49.43,375.0,0,0,0,0,0
2026-10-06 07:07:51,20.89,49.32,375.5,0,0,0,0,0
2026-10-06 07:08:21,21.05,49.62,375.2,0,1,0,0,0
2026-10-06 07:08:51,20.77,49.41,374.1,0,0,0,0,0
2026-10-06 07:09:21,20.98,49.57,371.9,0,0,0,0,0
2026-10-06 07:09:51,20.99,49.41,371.1,0,0,0,0,0
2026-10-06 07:10:21,21.04,49.74,372.0,0,0,0,0,0
2026-10-06 07:10:51,20.87,49.05,374.9,0,0,0,0,0
2026-10-06 07:11:21,20.99,49.09,374.5,0,0,0,0,0
2026-10-06 07:11:51,20.36,49.0,374.8,0,0,0,0,0
2026-10-06 07:12:21,21.59,51.28,375.5,1,5,0,0,0
2026-10-06 07:12:51,20.9,49.32,373.9,0,0,0,0,0
2026-10-06 07:13:21,20.99,49.6,374.3,0,0,0,0,0
2026-10-06 07:13:51,21.76,50.57,374.5,1,13,0,0,0
2026-10-06 07:14:21,21.01,48.98,372.2,0,0,0,0,0
2026-10-06 07:14:51,20.76,49.64,370.1,0,0,0,0,0
2026-10-06 07:15:21,20.77,49.52,370.3,0,0,0,0,0
2026-10-06 07:15:51,20.73,49.84,370.6,0,0,0,0,0
2026-10-06 07:16:21,20.79,48.94,370.0,0,0,0,0,0
2026-10-06 07:16:51,20.98,49.39,370.0,0,0,0,0,0
2026-10-06 07:17:21,20.79,49.67,370.1,0,0,0,0,0
2026-10-06 07:17:51,20.8,48.83,370.0,0,0,0,0,0
2026-10-06 07:18:21,20.93,49.18,370.0,0,0,0,0,0
2026-10-06 07:18:51,20.96,49.38,370.0,0,0,0,0,0
2026-10-06 07:19:21,20.84,49.82,370.0,0,0,0,0,0
2026-10-06 07:19:51,20.93,49.57,371.3,0,0,0,0,0
2026-10-06 07:20:21,20.88,49.22,371.6,0,0,0,0,0
2026-10-06 07:20:51,20.99,48.47,373.0,0,1,0,0,0
2026-10-06 07:21:21,21.06,49.22,372.2,0,0,0,0,0
2026-10-06 07:21:51,20.91,49.44,372.7,0,0,0,0,0
2026-10-06 07:22:21,21.0,49.54,370.1,0,0,0,0,0
2026-10-06 07:22:51,21.17,49.38,370.0,0,0,0,0,0
2026-10-06 07:23:21,21.12,48.82,370.0,0,0,0,0,0
2026-10-06 07:23:51,20.97,49.67,371.6,0,1,0,0,0
2026-10-06 07:24:21,20.94,49.25,370.0,0,0,0,0,0
2026-10-06 07:24:51,21.18,49.72,371.0,0,0,0,0,0
2026-10-06 07:25:21,21.08,49.73,371.8,0,0,0,0,0
2026-10-06 07:25:51,21.19,49.07,370.9,0,0,0,0,0
2026-10-06 07:26:21,21.11,49.42,372.4,0,0,0,0,0
2026-10-06 07:26:51,21.33,49.0,372.7,0,0,0,0,0
2026-10-06 07:27:21,21.16,49.56,372.3,0,0,0,0,0
2026-10-06 07:27:51,21.22,49.26,373.9,0,0,0,0,0
2026-10-06 07:28:21,21.15,49.14,373.0,0,0,0,0,0
2026-10-06 07:28:51,20.93,48.86,372.0,0,0,0,0,0
2026-10-06 07:29:21,20.79,48.9,370.0,0,0,0,0,0
2026-10-06 07:29:51,21.19,49.41,370.7,0,0,0,0,0
2026-10-06 07:30:21,20.75,48.66,370.0,0,0,0,0,0
2026-10-06 07:30:51,21.11,48.95,370.0,0,0,0,0,0
2026-10-06 07:31:21,21.11,49.56,370.0,0,0,0,0,0
2026-10-06 07:31:51,20.99,50.07,370.9,0,0,0,0,0
2026-10-06 07:32:21,21.25,49.55,370.1,0,0,0,0,0
2026-10-06 07:32:51,21.21,48.81,371.0,0,0,0,0,0
2026-10-06 07:33:21,21.11,49.39,370.0,0,0,0,0,0
2026-10-06 07:33:51,20.75,49.08,370.0,0,0,0,0,0
2026-10-06 07:34:21,21.07,49.47,370.0,0,1,0,0,0
2026-10-06 07:34:51,20.93,49.43,371.4,0,0,0,0,0
2026-10-06 07:35:21,21.21,49.03,370.0,0,0,0,0,0
2026-10-06 07:35:51,21.35,49.72,370.3,0,0,0,0,0
2026-10-06 07:36:21,21.23,49.24,370.0,0,0,0,0,0
2026-10-06 07:36:51,20.82,48.81,370.1,0,0,0,0,0
2026-10-06 07:37:21,21.01,48.7,370.0,0,1,0,0,0
2026-10-06 07:37:51,21.07,49.55,370.0,0,0,0,0,0
2026-10-06 07:38:21,21.09,49.23,370.0,0,0,0,0,0
2026-10-06 07:38:51,21.07,49.52,370.0,0,0,0,0,0
2026-10-06 07:39:21,21.05,49.19,370.0,0,0,0,0,0
2026-10-06 07:39:51,21.3,49.28,370.8,0,0,0,0,0
2026-10-06 07:40:21,21.04,48.44,370.0,0,0,0,0,0
2026-10-06 07:40:51,20.98,48.81,371.7,0,0,0,0,0
2026-10-06 07:41:21,21.23,49.46,370.4,0,1,0,0,0
2026-10-06 07:41:51,21.14,48.82,370.0,0,0,0,0,0
2026-10-06 07:42:21,21.17,48.73,370.0,0,0,0,0,0
2026-10-06 07:42:51,21.04,49.92,371.9,0,0,0,0,0
2026-10-06 07:43:21,21.24,49.02,372.2,0,0,0,0,0
2026-10-06 07:43:51,21.31,48.88,371.8,0,0,0,0,0
2026-10-06 07:44:21,20.96,48.79,371.4,0,0,0,0,0
2026-10-06 07:44:51,21.15,48.97,371.9,0,0,0,0,0
2026-10-06 07:45:21,21.29,49.56,370.2,0,0,0,0,0
2026-10-06 07:45:51,21.21,49.41,371.5,0,0,0,0,0
2026-10-06 07:46:21,21.02,48.73,372.2,0,0,0,0,0
2026-10-06 07:46:51,21.17,48.7,372.7,0,0,0,0,0
2026-10-06 07:47:21,20.93,48.44,375.2,0,0,0,0,0
2026-10-06 07:47:51,21.0,48.54,376.6,0,0,0,0,0
2026-10-06 07:48:21,21.31,49.2,376.3,0,0,0,0,0
2026-10-06 07:48:51,21.26,49.13,377.3,0,0,0,0,0
2026-10-06 07:49:21,21.3,48.46,378.4,0,0,0,0,0
2026-10-06 07:49:51,21.37,48.42,379.5,0,0,0,0,0
2026-10-06 07:50:21,21.23,48.69,378.6,0,0,0,0,0
2026-10-06 07:50:51,21.53,49.77,378.9,0,0,0,0,0
2026-10-06 07:51:21,21.11,48.73,378.2,0,0,0,0,0
2026-10-06 07:51:51,21.26,48.88,378.5,0,1,0,0,0
2026-10-06 07:52:21,21.35,48.94,379.6,0,0,0,0,0
2026-10-06 07:52:51,21.31,48.13,378.4,0,0,0,0,0
2026-10-06 07:53:21,21.17,48.73,381.4,0,0,0,0,0
2026-10-06 07:53:51,21.32,48.78,381.4,0,0,0,0,0
2026-10-06 07:54:21,22.12,50.52,383.1,1,12,0,0,0
2026-10-06 07:54:51,21.16,49.32,383.6,0,0,0,0,0
2026-10-06 07:55:21,21.21,48.8,381.3,0,0,0,0,0
2026-10-06 07:55:51,21.49,48.59,382.8,0,0,0,0,0
2026-10-06 07:56:21,22.14,50.23,385.9,1,13,0,0,0
2026-10-06 07:56:51,21.06,48.93,385.8,0,0,0,0,0
2026-10-06 07:57:21,21.26,48.76,387.5,0,0,0,0,0
2026-10-06 07:57:51,21.56,48.85,386.6,0,0,0,0,0
2026-10-06 07:58:21,21.65,49.15,384.6,0,0,0,0,0
2026-10-06 07:58:51,21.08,48.97,384.2,0,0,0,0,0
2026-10-06 07:59:21,21.57,49.1,385.7,0,0,0,0,0
2026-10-06 07:59:51,21.41,48.75,386.6,0,0,0,0,0
2026-10-06 08:00:21,21.29,48.47,384.6,0,0,0,0,0
2026-10-06 08:00:51,21.33,48.91,385.1,0,0,0,0,0
2026-10-06 08:01:21,21.28,48.16,384.5,0,0,0,0,0
2026-10-06 08:01:51,21.15,48.88,386.0,0,0,0,0,0
2026-10-06 08:02:21,21.25,49.16,385.7,0,0,0,0,0
2026-10-06 08:02:51,21.3,48.11,385.0,0,0,0,0,0
2026-10-06 08:03:21,21.42,49.07,385.5,0,0,0,0,0
2026-10-06 08:03:51,21.33,48.58,383.9,0,0,0,0,0
2026-10-06 08:04:21,21.64,48.6,383.0,0,0,0,0,0
2026-10-06 08:04:51,21.42,48.48,383.8,0,0,0,0,0
2026-10-06 08:05:21,21.5,49.36,383.7,0,1,0,0,0
2026-10-06 08:05:51,21.38,48.68,385.0,0,0,0,0,0
2026-10-06 08:06:21,21.04,49.05,386.0,0,1,0,0,0
2026-10-06 08:06:51,21.67,48.52,386.3,0,0,0,0,0
2026-10-06 08:07:21,21.5,48.76,385.3,0,0,0,0,0
2026-10-06 08:07:51,21.34,49.05,386.2,0,0,0,0,0
2026-10-06 08:08:21,21.51,48.9,385.2,0,1,0,0,0
2026-10-06 08:08:51,21.67,48.94,384.5,0,0,0,0,0
2026-10-06 08:09:21,21.57,48.52,384.8,0,0,0,0,0
2026-10-06 08:09:51,21.35,49.04,384.1,0,0,0,0,0
2026-10-06 08:10:21,22.11,50.4,386.8,1,7,0,0,0
2026-10-06 08:10:51,21.23,48.5,386.0,0,0,0,0,0
2026-10-06 08:11:21,21.4,48.87,386.3,0,0,0,0,0
2026-10-06 08:11:51,21.62,49.1,384.8,0,1,0,0,0
2026-10-06 08:12:21,21.82,48.74,386.1,0,0,0,0,0
2026-10-06 08:12:51,22.52,50.04,390.1,1,5,0,0,0
2026-10-06 08:13:21,21.43,48.7,389.0,0,0,0,0,0
2026-10-06 08:13:51,21.61,47.92,388.2,0,0,0,0,0
2026-10-06 08:14:21,21.7,49.19,388.8,0,0,0,0,0
2026-10-06 08:14:51,21.6,48.79,390.4,0,1,0,0,0
2026-10-06 08:15:21,21.3,48.71,390.8,0,1,0,0,0
2026-10-06 08:15:51,21.35,48.39,389.8,0,0,0,0,0
2026-10-06 08:16:21,21.74,49.3,388.1,0,0,0,0,0
2026-10-06 08:16:51,21.46,48.45,387.0,0,0,0,0,0
2026-10-06 08:17:21,21.67,48.78,387.9,0,0,0,0,0
2026-10-06 08:17:51,21.4,48.8,387.2,0,0,0,0,0
2026-10-06 08:18:21,21.88,48.41,388.1,0,0,0,0,0
2026-10-06 08:18:51,21.6,48.53,386.4,0,0,0,0,0
2026-10-06 08:19:21,21.36,48.89,386.9,0,0,0,0,0
2026-10-06 08:19:51,21.49,48.56,385.3,0,0,0,0,0
2026-10-06 08:20:21,21.39,48.37,384.9,0,0,0,0,0
2026-10-06 08:20:51,21.74,48.6,383.2,0,0,0,0,0
2026-10-06 08:21:21,21.53,49.09,381.9,0,0,0,0,0
2026-10-06 08:21:51,21.51,48.83,381.3,0,0,0,0,0
2026-10-06 08:22:21,21.45,48.91,380.5,0,0,0,0,0
2026-10-06 08:22:51,21.55,48.4,380.2,0,0,0,0,0
2026-10-06 08:23:21,21.59,48.56,381.8,0,0,0,0,0
2026-10-06 08:23:51,21.81,48.69,381.8,0,0,0,0,0
2026-10-06 08:24:21,21.68,48.31,380.2,0,0,0,0,0
2026-10-06 08:24:51,21.67,48.22,379.1,0,0,0,0,0
2026-10-06 08:25:21,22.53,50.04,379.9,1,10,0,0,0
2026-10-06 08:25:51,21.39,49.32,380.7,0,1,0,0,0
2026-10-06 08:26:21,21.53,48.35,381.5,0,0,0,0,0
2026-10-06 08:26:51,21.51,47.85,382.0,0,0,0,0,0
2026-10-06 08:27:21,21.76,48.29,379.8,0,0,0,0,0
2026-10-06 08:27:51,21.63,48.21,378.6,0,0,0,0,0
2026-10-06 08:28:21,21.58,48.64,375.7,0,0,0,0,0
2026-10-06 08:28:51,21.7,47.79,375.6,0,0,0,0,0
2026-10-06 08:29:21,21.55,48.13,374.5,0,0,0,0,0
2026-10-06 08:29:51,21.64,48.05,372.7,0,0,0,0,0
2026-10-06 08:30:21,22.48,50.1,377.1,1,9,0,0,0
2026-10-06 08:30:51,22.53,49.17,378.1,1,3,0,0,0
2026-10-06 08:31:21,21.64,48.33,377.1,0,0,0,0,0
2026-10-06 08:31:51,22.4,49.84,379.1,1,3,0,0,0
2026-10-06 08:32:21,22.65,50.01,382.6,1,5,0,0,0
2026-10-06 08:32:51,22.81,49.39,385.4,1,11,0,0,0
2026-10-06 08:33:21,22.43,49.86,386.2,1,11,0,0,0
2026-10-06 08:33:51,22.55,50.16,386.3,1,6,0,0,0
2026-10-06 08:34:21,22.5,49.67,391.0,1,3,0,0,0
2026-10-06 08:34:51,22.62,49.49,394.9,1,5,0,0,0
2026-10-06 08:35:21,22.56,50.3,399.8,1,4,0,0,0
2026-10-06 08:35:51,21.69,48.63,400.6,0,1,0,0,0
2026-10-06 08:36:21,22.81,49.42,404.6,1,6,0,0,0
2026-10-06 08:36:51,22.6,49.4,407.9,1,5,0,0,0
2026-10-06 08:37:21,22.63,49.91,410.4,1,6,0,0,0
2026-10-06 08:37:51,22.25,49.92,413.4,1,13,0,0,0
2026-10-06 08:38:21,22.37,49.65,418.3,1,13,0,0,0
2026-10-06 08:38:51,22.6,49.93,422.9,1,8,0,0,0
2026-10-06 08:39:21,22.59,49.62,427.7,1,9,0,0,0
2026-10-06 08:39:51,22.28,49.18,432.9,1,12,0,0,0
2026-10-06 08:40:21,22.41,49.92,436.1,1,5,0,0,0
2026-10-06 08:40:51,21.94,48.84,435.1,0,1,0,0,0
2026-10-06 08:41:21,22.68,49.77,438.2,1,12,0,0,0
2026-10-06 08:41:51,22.44,49.59,444.0,1,3,0,0,0
2026-10-06 08:42:21,22.64,49.99,447.3,1,7,0,0,0
2026-10-06 08:42:51,22.47,49.86,449.1,1,5,0,0,0
2026-10-06 08:43:21,22.72,48.98,456.1,1,10,0,0,0
2026-10-06 08:43:51,22.45,49.32,459.7,1,10,0,0,0
2026-10-06 08:44:21,22.83,49.69,466.3,1,10,0,0,0
2026-10-06 08:44:51,22.57,49.11,2500.0,1,13,0,1,2
2026-10-06 08:45:21,21.22,49.84,1250.0,1,8,1,0,2
2026-10-06 08:45:51,21.53,50.33,1250.0,1,4,1,0,2
2026-10-06 08:46:21,21.53,49.75,1249.5,1,12,1,0,2
2026-10-06 08:46:51,21.34,50.08,1250.0,1,10,1,0,2
2026-10-06 08:47:21,20.62,47.61,1243.7,0,1,1,0,2
2026-10-06 08:47:51,21.55,50.0,1242.9,1,7,1,0,2
2026-10-06 08:48:21,21.45,49.62,1240.4,1,11,1,0,2
2026-10-06 08:48:51,21.76,49.7,1240.0,1,4,1,0,2
2026-10-06 08:49:21,21.54,49.32,1241.8,1,5,1,0,2
2026-10-06 08:49:51,21.3,49.63,1246.5,1,10,1,0,2
2026-10-06 08:50:21,21.6,49.01,1248.1,1,3,1,0,2
2026-10-06 08:50:51,21.56,49.88,1250.0,1,13,1,0,2
2026-10-06 08:51:21,21.75,49.48,1250.0,1,3,1,0,2
2026-10-06 08:51:51,20.93,48.28,1241.0,0,0,1,0,2
2026-10-06 08:52:21,21.5,49.99,1241.0,1,3,1,0,2
2026-10-06 08:52:51,20.66,48.86,1233.2,0,1,1,0,2
2026-10-06 08:53:21,21.48,49.32,1237.1,1,3,1,0,2
2026-10-06 08:53:51,21.46,49.99,1238.3,1,10,1,0,2
2026-10-06 08:54:21,21.56,49.39,1236.6,1,9,1,0,2
2026-10-06 08:54:51,21.4,49.05,1238.8,1,7,1,0,2
2026-10-06 08:55:21,21.68,49.07,1236.5,1,6,1,0,2
2026-10-06 08:55:51,21.84,49.95,1239.1,1,5,1,0,2
2026-10-06 08:56:21,21.44,49.24,1240.9,1,3,1,0,2
2026-10-06 08:56:51,20.62,47.51,1234.9,0,0,1,0,2
2026-10-06 08:57:21,21.38,48.91,1236.7,1,8,1,0,2
2026-10-06 08:57:51,21.68,49.82,1237.8,1,12,1,0,2
2026-10-06 08:58:21,21.69,50.07,1241.4,1,13,1,0,2
2026-10-06 08:58:51,21.63,48.93,1245.5,1,5,1,0,2
2026-10-06 08:59:21,21.69,49.79,1249.3,1,7,1,0,2
2026-10-06 08:59:51,21.77,49.75,1250.0,1,13,1,0,2
2026-10-06 09:00:21,21.48,49.08,1249.6,1,7,1,0,2
2026-10-06 09:00:51,21.53,49.6,1250.0,1,13,1,0,2
2026-10-06 09:01:21,20.66,47.92,1246.8,0,0,1,0,2
2026-10-06 09:01:51,21.53,49.78,1249.8,1,5,1,0,2
2026-10-06 09:02:21,21.65,49.23,1250.0,1,9,1,0,2
2026-10-06 09:02:51,21.63,48.98,1250.0,1,13,1,0,2
2026-10-06 09:03:21,21.86,49.19,1250.0,1,10,1,0,2
2026-10-06 09:03:51,20.9,48.04,1243.9,0,0,1,0,2
2026-10-06 09:04:21,21.69,49.66,1245.2,1,3,1,0,2
2026-10-06 09:04:51,21.21,49.89,1244.6,1,7,1,0,2
2026-10-06 09:05:21,21.72,49.55,1246.1,1,5,1,0,2
2026-10-06 09:05:51,20.9,47.58,1241.2,0,1,1,0,2
2026-10-06 09:06:21,21.67,49.67,1243.4,1,5,1,0,2
2026-10-06 09:06:51,21.53,49.29,1244.3,1,4,1,0,2
2026-10-06 09:07:21,21.51,49.89,1246.5,1,6,1,0,2
2026-10-06 09:07:51,21.64,49.7,1250.0,1,4,1,0,2
2026-10-06 09:08:21,21.61,49.83,1250.0,1,10,1,0,2
2026-10-06 09:08:51,21.68,49.64,1250.0,1,7,1,0,2
2026-10-06 09:09:21,21.66,48.47,1250.0,1,9,1,0,2
2026-10-06 09:09:51,22.06,49.37,1249.3,1,9,1,0,2
2026-10-06 09:10:21,21.51,49.14,1250.0,1,13,1,0,2
2026-10-06 09:10:51,21.84,49.34,1250.0,1,10,1,0,2
2026-10-06 09:11:21,21.76,49.56,1250.0,1,13,1,0,2
2026-10-06 09:11:51,21.1,47.92,1243.7,0,0,1,0,2
2026-10-06 09:12:21,20.87,47.68,1236.5,0,0,1,0,2
2026-10-06 09:12:51,21.51,48.84,1235.1,1,10,1,0,2
2026-10-06 09:13:21,20.82,47.21,1227.7,0,0,1,0,2
2026-10-06 09:13:51,22.02,49.04,1228.8,1,3,1,0,2
2026-10-06 09:14:21,21.69,49.58,1229.4,1,9,1,0,2
2026-10-06 09:14:51,21.72,49.0,1234.4,1,6,1,0,2
2026-10-06 09:15:21,20.85,47.95,1228.8,0,0,1,0,2
2026-10-06 09:15:51,20.81,47.75,1221.6,0,0,1,0,2
2026-10-06 09:16:21,21.69,49.38,1223.9,1,7,1,0,2
2026-10-06 09:16:51,22.08,48.98,1222.6,1,9,1,0,2
2026-10-06 09:17:21,21.17,47.48,1215.6,0,0,1,0,2
2026-10-06 09:17:51,21.51,50.1,1218.6,1,9,1,0,2
2026-10-06 09:18:21,21.56,49.32,1219.4,1,8,1,0,2
2026-10-06 09:18:51,21.61,49.16,1223.7,1,12,1,0,2
2026-10-06 09:19:21,21.83,49.18,1226.0,1,6,1,0,2
2026-10-06 09:19:51,21.72,49.18,1228.2,1,9,1,0,2
2026-10-06 09:20:21,21.94,49.19,1228.1,1,3,1,0,2
2026-10-06 09:20:51,20.96,47.31,1222.5,0,0,1,0,2
2026-10-06 09:21:21,21.77,49.21,1220.0,1,13,1,0,2
2026-10-06 09:21:51,20.9,47.52,1213.5,0,0,1,0,2
2026-10-06 09:22:21,21.65,49.22,1218.0,1,11,1,0,2
2026-10-06 09:22:51,21.81,49.13,1221.1,1,7,1,0,2
2026-10-06 09:23:21,21.01,47.31,1213.7,0,0,1,0,2
2026-10-06 09:23:51,21.92,49.58,1215.8,1,9,1,0,2
2026-10-06 09:24:21,21.83,49.72,1212.8,1,10,1,0,2
2026-10-06 09:24:51,21.85,49.09,1215.4,1,9,1,0,2
2026-10-06 09:25:21,21.95,48.48,1216.1,1,8,1,0,2
2026-10-06 09:25:51,22.01,49.12,1217.0,1,6,1,0,2
2026-10-06 09:26:21,21.86,48.75,1217.8,1,3,1,0,2
2026-10-06 09:26:51,21.9,48.56,1221.1,1,11,1,0,2
2026-10-06 09:27:21,21.73,49.19,1222.0,1,7,1,0,2
2026-10-06 09:27:51,21.89,49.7,1224.2,1,12,1,0,2
2026-10-06 09:28:21,21.93,49.28,1228.1,1,12,1,0,2
2026-10-06 09:28:51,21.99,49.25,1230.3,1,4,1,0,2
2026-10-06 09:29:21,21.83,48.73,1230.4,1,7,1,0,2
2026-10-06 09:29:51,21.86,48.78,1228.3,1,9,1,0,2
2026-10-06 09:30:21,21.73,48.93,1228.4,1,12,1,0,2
2026-10-06 09:30:51,21.92,49.87,1230.2,1,7,1,0,2
2026-10-06 09:31:21,21.3,48.0,1224.1,0,0,1,0,2
2026-10-06 09:31:51,21.91,49.05,1224.7,1,5,1,0,2
2026-10-06 09:32:21,22.12,49.09,1228.0,1,13,1,0,2
2026-10-06 09:32:51,21.75,48.67,1230.6,1,13,1,0,2
2026-10-06 09:33:21,21.76,49.66,1236.9,1,13,1,0,2
2026-10-06 09:33:51,21.18,47.6,1231.8,0,0,1,0,2
2026-10-06 09:34:21,21.25,47.17,1224.7,0,1,1,0,2
2026-10-06 09:34:51,22.13,48.77,1226.7,1,11,1,0,2
2026-10-06 09:35:21,22.02,48.89,1229.8,1,8,1,0,2
2026-10-06 09:35:51,21.94,49.04,1229.4,1,6,1,0,2
2026-10-06 09:36:21,21.2,47.34,1223.7,0,0,1,0,2
2026-10-06 09:36:51,21.03,46.9,1218.6,0,0,1,0,2
2026-10-06 09:37:21,22.09,48.65,1219.8,1,8,1,0,2
2026-10-06 09:37:51,22.09,49.49,1219.7,1,11,1,0,2
2026-10-06 09:38:21,21.82,48.68,1225.4,1,5,1,0,2
2026-10-06 09:38:51,21.91,48.98,1226.9,1,12,1,0,2
2026-10-06 09:39:21,21.78,49.25,1229.3,1,5,1,0,2
2026-10-06 09:39:51,22.28,48.51,1231.1,1,10,1,0,2
2026-10-06 09:40:21,22.01,49.14,1227.6,1,11,1,0,2
2026-10-06 09:40:51,22.03,48.6,1227.4,1,3,1,0,2
2026-10-06 09:41:21,21.99,48.7,1230.8,1,6,1,0,2
2026-10-06 09:41:51,22.02,48.75,1230.0,1,11,1,0,2
2026-10-06 09:42:21,21.13,47.12,1226.0,0,0,1,0,2
2026-10-06 09:42:51,21.73,49.65,1223.6,1,13,1,0,2
2026-10-06 09:43:21,22.03,48.65,1225.4,1,4,1,0,2
2026-10-06 09:43:51,22.28,48.67,1224.2,1,6,1,0,2
2026-10-06 09:44:21,22.0,48.85,1225.8,1,8,1,0,2
2026-10-06 09:44:51,21.87,48.7,1229.2,1,11,1,0,2
2026-10-06 09:45:21,21.97,49.27,1229.9,1,12,1,0,2
2026-10-06 09:45:51,22.12,49.09,1231.8,1,6,1,0,2
2026-10-06 09:46:21,22.25,49.53,1234.7,1,13,1,0,2
2026-10-06 09:46:51,22.04,49.54,1232.5,1,11,1,0,2
2026-10-06 09:47:21,21.89,49.46,1231.1,1,6,1,0,2
2026-10-06 09:47:51,22.21,49.27,1229.4,1,10,1,0,2
2026-10-06 09:48:21,21.18,47.24,1223.9,0,0,1,0,2
2026-10-06 09:48:51,22.15,49.56,1225.5,1,11,1,0,2
2026-10-06 09:49:21,22.09,49.09,1229.1,1,5,1,0,2
2026-10-06 09:49:51,21.93,48.54,1227.8,1,3,1,0,2
2026-10-06 09:50:21,21.43,47.4,1221.8,0,0,1,0,2
2026-10-06 09:50:51,22.25,49.59,1225.3,1,5,1,0,2
2026-10-06 09:51:21,22.06,49.23,1222.4,1,4,1,0,2
2026-10-06 09:51:51,22.32,49.02,1220.2,1,12,1,0,2
2026-10-06 09:52:21,22.13,48.86,1223.5,1,5,1,0,2
2026-10-06 09:52:51,22.19,48.73,1222.6,1,5,1,0,2
2026-10-06 09:53:21,22.13,48.54,1227.7,1,3,1,0,2
2026-10-06 09:53:51,22.03,49.41,1227.7,1,5,1,0,2
2026-10-06 09:54:21,22.45,49.01,1229.5,1,11,1,0,2
2026-10-06 09:54:51,22.15,48.72,1231.0,1,5,1,0,2
2026-10-06 09:55:21,22.11,49.52,1231.4,1,10,1,0,2
2026-10-06 09:55:51,22.41,48.74,1230.4,1,6,1,0,2
2026-10-06 09:56:21,21.9,48.8,1226.7,1,8,1,0,2
2026-10-06 09:56:51,22.15,49.32,1225.6,1,10,1,0,2
2026-10-06 09:57:21,22.07,48.83,1225.9,1,6,1,0,2
2026-10-06 09:57:51,22.06,48.47,1226.4,1,7,1,0,2
2026-10-06 09:58:21,21.97,47.99,1227.9,1,4,1,0,2
2026-10-06 09:58:51,21.7,47.13,1221.9,0,0,1,0,2
2026-10-06 09:59:21,22.24,48.54,1221.8,1,4,1,0,2
2026-10-06 09:59:51,22.67,48.41,1221.4,1,10,1,0,2
2026-10-06 10:00:21,21.64,46.84,1215.5,0,0,1,0,2
2026-10-06 10:00:51,21.26,46.89,1211.1,0,0,1,0,2
2026-10-06 10:01:21,22.25,48.52,1214.8,1,3,1,0,2
2026-10-06 10:01:51,22.05,48.62,1218.7,1,12,1,0,2
2026-10-06 10:02:21,22.35,48.98,1219.2,1,6,1,0,2
2026-10-06 10:02:51,22.36,49.0,1223.3,1,12,1,0,2
2026-10-06 10:03:21,21.46,47.55,1219.0,0,0,1,0,2
2026-10-06 10:03:51,22.32,48.69,1218.3,1,6,1,0,2
2026-10-06 10:04:21,21.53,46.99,1213.2,0,0,1,0,2
2026-10-06 10:04:51,22.45,48.82,1208.8,1,8,1,0,2
2026-10-06 10:05:21,22.54,48.23,1211.4,1,8,1,0,2
2026-10-06 10:05:51,22.13,48.76,1211.5,1,3,1,0,2
2026-10-06 10:06:21,22.39,48.9,1210.4,1,11,1,0,2
2026-10-06 10:06:51,22.55,49.07,1214.1,1,10,1,0,2
2026-10-06 10:07:21,22.21,48.68,1217.3,1,9,1,0,2
2026-10-06 10:07:51,22.12,48.5,1215.9,1,13,1,0,2
2026-10-06 10:08:21,22.21,48.44,1215.5,1,13,1,0,2
2026-10-06 10:08:51,22.21,48.24,1216.3,1,8,1,0,2
2026-10-06 10:09:21,22.35,47.68,1216.4,1,10,1,0,2
2026-10-06 10:09:51,22.33,48.64,1216.3,1,13,1,0,2
2026-10-06 10:10:21,22.11,48.63,1217.2,1,4,1,0,2
2026-10-06 10:10:51,22.38,48.4,1215.3,1,12,1,0,2
2026-10-06 10:11:21,21.86,47.2,1211.3,0,0,1,0,2
2026-10-06 10:11:51,22.26,48.86,1212.7,1,10,1,0,2
2026-10-06 10:12:21,21.63,47.58,1204.7,0,0,1,0,2
2026-10-06 10:12:51,22.27,48.75,1204.1,1,11,1,0,2
2026-10-06 10:13:21,22.38,48.99,1208.6,1,9,1,0,2
2026-10-06 10:13:51,22.4,49.03,1209.3,1,9,1,0,2
2026-10-06 10:14:21,22.55,48.49,1207.8,1,13,1,0,2
2026-10-06 10:14:51,22.19,48.78,1208.2,1,6,1,0,2
2026-10-06 10:15:21,22.31,48.52,1205.5,1,13,1,0,2
2026-10-06 10:15:51,22.32,48.89,1205.2,1,8,1,0,2
2026-10-06 10:16:21,22.3,48.7,1211.1,1,6,1,0,2
2026-10-06 10:16:51,22.35,49.12,1214.4,1,6,1,0,2
2026-10-06 10:17:21,22.22,48.12,1213.8,1,3,1,0,2
2026-10-06 10:17:51,21.63,46.77,1208.0,0,0,1,0,2
2026-10-06 10:18:21,21.73,46.97,1199.4,0,0,1,0,2
2026-10-06 10:18:51,22.07,48.44,1201.7,1,11,1,0,2
2026-10-06 10:19:21,21.66,47.11,1196.2,0,0,1,0,2
2026-10-06 10:19:51,21.7,47.1,1190.0,0,0,1,0,2
2026-10-06 10:20:21,22.69,48.62,1188.5,1,3,1,0,2
2026-10-06 10:20:51,22.4,100.0,1187.8,1,9,1,1,2
2026-10-06 10:21:21,22.09,48.63,1193.2,1,9,1,0,2
2026-10-06 10:21:51,22.45,48.18,1192.2,1,5,1,0,2
2026-10-06 10:22:21,22.42,47.8,1191.4,1,13,1,0,2
2026-10-06 10:22:51,22.38,48.04,1192.7,1,7,1,0,2
2026-10-06 10:23:21,22.74,48.35,1192.9,1,5,1,0,2
2026-10-06 10:23:51,22.6,48.57,1193.7,1,5,1,0,2
2026-10-06 10:24:21,22.68,48.4,1194.7,1,9,1,0,2
2026-10-06 10:24:51,22.42,48.53,1194.2,1,3,1,0,2
2026-10-06 10:25:21,22.65,48.29,1197.1,1,6,1,0,2
2026-10-06 10:25:51,22.75,48.66,1199.8,1,4,1,0,2
2026-10-06 10:26:21,22.57,49.59,1204.5,1,11,1,0,2
2026-10-06 10:26:51,22.47,48.45,1204.9,1,7,1,0,2
2026-10-06 10:27:21,22.61,48.36,1207.7,1,9,1,0,2
2026-10-06 10:27:51,22.7,47.65,1209.2,1,9,1,0,2
2026-10-06 10:28:21,22.81,48.78,1214.5,1,9,1,0,2
2026-10-06 10:28:51,22.54,48.37,1214.1,1,9,1,0,2
2026-10-06 10:29:21,22.72,48.43,1216.9,1,6,1,0,2
2026-10-06 10:29:51,22.71,48.69,1216.4,1,6,1,0,2
2026-10-06 10:30:21,22.29,48.62,1215.4,1,13,1,0,2
2026-10-06 10:30:51,22.43,47.9,1216.8,1,8,1,0,2
2026-10-06 10:31:21,22.39,48.01,1219.3,1,11,1,0,2
2026-10-06 10:31:51,22.62,48.35,1221.5,1,8,1,0,2
2026-10-06 10:32:21,22.33,48.73,1222.3,1,13,1,0,2
2026-10-06 10:32:51,22.32,47.69,1222.8,1,9,1,0,2
2026-10-06 10:33:21,22.55,48.23,1224.6,1,11,1,0,2
2026-10-06 10:33:51,22.51,47.93,1227.1,1,5,1,0,2
2026-10-06 10:34:21,22.4,48.45,1226.3,1,13,1,0,2
2026-10-06 10:34:51,22.54,48.69,1228.8,1,6,1,0,2
2026-10-06 10:35:21,22.67,48.43,1233.9,1,5,1,0,2
2026-10-06 10:35:51,22.45,48.37,1236.9,1,3,1,0,2
2026-10-06 10:36:21,22.32,47.7,1239.9,1,10,1,0,2
2026-10-06 10:36:51,22.32,48.35,1240.1,1,4,1,0,2
2026-10-06 10:37:21,22.54,48.59,1240.4,1,11,1,0,2
2026-10-06 10:37:51,22.16,46.22,1234.0,0,0,1,0,2
2026-10-06 10:38:21,22.58,47.94,1238.3,1,10,1,0,2
2026-10-06 10:38:51,22.82,48.81,1238.4,1,4,1,0,2
2026-10-06 10:39:21,22.63,48.6,1242.8,1,13,1,0,2
2026-10-06 10:39:51,21.75,46.84,1237.3,0,0,1,0,2
2026-10-06 10:40:21,21.81,46.67,1230.1,0,0,1,0,2
2026-10-06 10:40:51,22.77,48.2,1230.9,1,4,1,0,2
2026-10-06 10:41:21,21.76,46.67,1224.3,0,0,1,0,2
2026-10-06 10:41:51,22.51,48.74,1227.0,1,12,1,0,2
2026-10-06 10:42:21,22.85,48.08,1227.5,1,5,1,0,2
2026-10-06 10:42:51,22.52,48.32,1232.3,1,8,1,0,2
2026-10-06 10:43:21,22.74,48.58,1230.0,1,6,1,0,2
2026-10-06 10:43:51,22.7,48.41,1233.3,1,10,1,0,2
2026-10-06 10:44:21,22.77,47.62,1235.2,1,3,1,0,2
2026-10-06 10:44:51,22.82,48.12,1232.9,1,12,1,0,2
2026-10-06 10:45:21,22.65,48.02,1235.0,1,7,1,0,2
2026-10-06 10:45:51,22.61,48.31,1236.5,1,9,1,0,2
2026-10-06 10:46:21,21.9,46.58,1228.9,0,0,1,0,2
2026-10-06 10:46:51,22.23,46.8,1222.9,0,0,1,0,2
2026-10-06 10:47:21,22.76,47.93,1221.5,1,6,1,0,2
2026-10-06 10:47:51,22.59,47.91,1224.8,1,12,1,0,2
2026-10-06 10:48:21,22.6,48.23,1224.9,1,10,1,0,2
2026-10-06 10:48:51,22.07,46.47,1216.2,0,0,1,0,2
2026-10-06 10:49:21,22.06,47.14,1209.0,0,0,1,0,2
2026-10-06 10:49:51,22.7,48.1,1212.3,1,4,1,0,2
2026-10-06 10:50:21,22.63,47.84,1210.9,1,13,1,0,2
2026-10-06 10:50:51,22.87,47.85,1213.4,1,9,1,0,2
2026-10-06 10:51:21,22.74,48.56,1215.2,1,8,1,0,2
2026-10-06 10:51:51,22.7,48.47,1215.2,1,13,1,0,2
2026-10-06 10:52:21,22.67,48.21,1216.0,1,13,1,0,2
2026-10-06 10:52:51,22.77,47.92,1218.8,1,8,1,0,2
2026-10-06 10:53:21,22.87,48.44,1218.7,1,9,1,0,2
2026-10-06 10:53:51,22.07,46.34,1213.0,0,0,1,0,2
2026-10-06 10:54:21,22.77,47.41,1216.0,1,11,1,0,2
2026-10-06 10:54:51,23.02,47.6,1215.8,1,9,1,0,2
2026-10-06 10:55:21,21.76,46.6,1210.0,0,0,1,0,2
2026-10-06 10:55:51,22.94,48.25,1208.9,1,6,1,0,2
2026-10-06 10:56:21,22.93,48.02,1211.5,1,10,1,0,2
2026-10-06 10:56:51,22.82,48.43,1210.8,1,11,1,0,2
2026-10-06 10:57:21,22.82,48.03,1214.6,1,10,1,0,2
2026-10-06 10:57:51,22.94,47.56,1216.4,1,8,1,0,2
2026-10-06 10:58:21,22.87,48.12,1216.5,1,8,1,0,2
2026-10-06 10:58:51,22.65,48.33,1217.8,1,12,1,0,2
2026-10-06 10:59:21,22.84,47.16,1214.7,1,4,1,0,2
2026-10-06 10:59:51,22.43,48.39,1213.7,1,5,1,0,2
2026-10-06 11:00:21,22.06,46.42,1207.5,0,0,1,0,2
2026-10-06 11:00:51,22.86,48.33,1209.0,1,10,1,0,2
2026-10-06 11:01:21,22.83,48.56,1210.3,1,4,1,0,2
2026-10-06 11:01:51,22.25,46.1,1205.2,0,0,1,0,2
2026-10-06 11:02:21,23.1,48.0,1208.1,1,8,1,0,2
2026-10-06 11:02:51,22.16,46.02,1200.4,0,0,1,0,2
2026-10-06 11:03:21,22.87,47.39,1202.1,1,3,1,0,2
2026-10-06 11:03:51,21.98,46.74,1195.5,0,0,1,0,2
2026-10-06 11:04:21,22.45,47.05,1190.8,0,0,1,0,2
2026-10-06 11:04:51,23.11,48.31,1190.3,1,7,1,0,2
2026-10-06 11:05:21,23.01,47.78,1190.5,1,12,1,0,2
2026-10-06 11:05:51,22.91,47.77,1192.9,1,9,1,0,2
2026-10-06 11:06:21,22.72,47.26,1194.3,1,13,1,0,2
2026-10-06 11:06:51,22.15,46.18,1188.7,0,0,1,0,2
2026-10-06 11:07:21,22.96,47.96,1191.3,1,13,1,0,2
2026-10-06 11:07:51,23.0,47.57,1193.4,1,10,1,0,2
2026-10-06 11:08:21,22.1,46.43,1186.8,0,0,1,0,2
2026-10-06 11:08:51,23.04,48.42,1188.7,1,11,1,0,2
2026-10-06 11:09:21,22.8,48.01,1189.0,1,12,1,0,2
2026-10-06 11:09:51,22.98,47.36,1191.9,1,5,1,0,2
2026-10-06 11:10:21,22.99,47.81,1192.7,1,8,1,0,2
2026-10-06 11:10:51,22.72,47.77,1195.9,1,12,1,0,2
2026-10-06 11:11:21,23.02,47.92,1193.7,1,7,1,0,2
2026-10-06 11:11:51,22.87,47.6,1195.1,1,3,1,0,2
2026-10-06 11:12:21,22.89,47.65,1198.1,1,5,1,0,2
2026-10-06 11:12:51,22.98,47.83,1201.9,1,8,1,0,2
2026-10-06 11:13:21,22.9,48.06,1202.2,1,3,1,0,2
2026-10-06 11:13:51,22.17,46.56,1194.9,0,0,1,0,2
2026-10-06 11:14:21,22.93,47.4,1192.6,1,7,1,0,2
2026-10-06 11:14:51,22.27,46.35,1185.9,0,0,1,0,2
2026-10-06 11:15:21,22.36,46.3,1179.6,0,0,1,0,2
2026-10-06 11:15:51,23.27,48.05,1183.9,1,11,1,0,2
2026-10-06 11:16:21,22.84,47.98,1185.7,1,11,1,0,2
2026-10-06 11:16:51,22.99,47.49,1187.4,1,13,1,0,2
2026-10-06 11:17:21,22.26,46.33,1180.7,0,1,1,0,2
2026-10-06 11:17:51,22.74,47.51,1180.1,1,6,1,0,2
2026-10-06 11:18:21,22.81,47.2,1182.3,1,3,1,0,2
2026-10-06 11:18:51,23.08,47.59,1184.7,1,13,1,0,2
2026-10-06 11:19:21,22.04,45.61,1178.7,0,0,1,0,2
2026-10-06 11:19:51,22.22,46.44,1173.7,0,0,1,0,2
2026-10-06 11:20:21,23.24,47.82,1173.2,1,6,1,0,2
2026-10-06 11:20:51,23.14,47.45,1173.7,1,5,1,0,2
2026-10-06 11:21:21,22.9,47.17,1173.1,1,4,1,0,2
2026-10-06 11:21:51,22.31,46.19,1165.7,0,0,1,0,2
2026-10-06 11:22:21,23.25,47.5,1169.9,1,6,1,0,2
2026-10-06 11:22:51,23.3,47.87,1169.8,1,12,1,0,2
2026-10-06 11:23:21,22.38,46.61,1163.8,0,0,1,0,2
2026-10-06 11:23:51,23.0,47.6,1165.0,1,11,1,0,2
2026-10-06 11:24:21,22.18,45.63,1155.3,0,0,1,0,2
2026-10-06 11:24:51,23.18,47.12,1157.5,1,9,1,0,2
2026-10-06 11:25:21,23.11,47.45,1162.3,1,12,1,0,2
2026-10-06 11:25:51,23.21,47.98,1163.4,1,4,1,0,2
2026-10-06 11:26:21,23.08,47.68,1162.4,1,7,1,0,2
2026-10-06 11:26:51,23.09,47.39,1166.8,1,3,1,0,2
2026-10-06 11:27:21,22.9,47.58,1170.5,1,5,1,0,2
2026-10-06 11:27:51,23.02,47.93,1173.9,1,10,1,0,2
2026-10-06 11:28:21,22.83,47.32,1172.2,1,8,1,0,2
2026-10-06 11:28:51,23.3,47.67,1171.6,1,8,1,0,2
2026-10-06 11:29:21,23.02,47.26,1167.2,1,8,1,0,2
2026-10-06 11:29:51,23.03,47.75,1171.5,1,10,1,0,2
2026-10-06 11:30:21,23.41,48.36,1169.0,1,5,1,0,2
2026-10-06 11:30:51,23.31,48.05,1169.3,1,8,1,0,2
2026-10-06 11:31:21,22.97,47.75,1173.2,1,6,1,0,2
2026-10-06 11:31:51,23.06,48.52,1175.9,1,6,1,0,2
2026-10-06 11:32:21,23.01,47.68,1177.3,1,3,1,0,2
2026-10-06 11:32:51,22.21,46.4,1170.1,0,0,1,0,2
2026-10-06 11:33:21,22.45,46.37,1165.4,0,0,1,0,2
2026-10-06 11:33:51,23.08,47.8,1165.0,1,11,1,0,2
2026-10-06 11:34:21,22.72,47.77,1164.9,1,13,1,0,2
2026-10-06 11:34:51,22.32,46.7,1159.7,0,0,1,0,2
2026-10-06 11:35:21,23.31,47.66,1163.1,1,10,1,0,2
2026-10-06 11:35:51,23.14,48.05,1165.2,1,6,1,0,2
2026-10-06 11:36:21,23.37,48.12,1168.5,1,9,1,0,2
2026-10-06 11:36:51,22.9,47.72,1171.2,1,11,1,0,2
2026-10-06 11:37:21,22.99,47.84,1171.7,1,7,1,0,2
2026-10-06 11:37:51,22.42,45.93,1167.4,0,1,1,0,2
2026-10-06 11:38:21,23.36,47.54,1168.3,1,4,1,0,2
2026-10-06 11:38:51,23.35,47.47,1173.3,1,6,1,0,2
2026-10-06 11:39:21,23.11,47.9,1173.4,1,8,1,0,2
2026-10-06 11:39:51,23.62,48.09,1174.3,1,13,1,0,2
2026-10-06 11:40:21,23.18,48.14,1177.8,1,6,1,0,2
2026-10-06 11:40:51,22.28,46.68,1170.6,0,0,1,0,2
2026-10-06 11:41:21,23.48,47.69,1175.7,1,9,1,0,2
2026-10-06 11:41:51,23.42,47.59,1174.8,1,3,1,0,2
2026-10-06 11:42:21,22.99,46.67,1174.3,1,8,1,0,2
2026-10-06 11:42:51,23.05,47.73,1174.8,1,13,1,0,2
2026-10-06 11:43:21,23.33,47.43,1177.1,1,8,1,0,2
2026-10-06 11:43:51,22.57,46.53,1172.3,0,0,1,0,2
2026-10-06 11:44:21,23.43,47.48,1170.8,1,11,1,0,2
2026-10-06 11:44:51,23.05,47.19,1169.0,1,5,1,0,2
2026-10-06 11:45:21,23.25,47.46,1168.6,1,4,1,0,2
2026-10-06 11:45:51,23.22,47.2,1170.8,1,13,1,0,2
2026-10-06 11:46:21,23.26,47.18,1171.1,1,12,1,0,2
2026-10-06 11:46:51,22.48,45.68,1163.5,0,0,1,0,2
2026-10-06 11:47:21,23.35,47.84,1165.0,1,3,1,0,2
2026-10-06 11:47:51,23.26,47.46,1165.9,1,5,1,0,2
2026-10-06 11:48:21,23.26,46.44,1167.5,1,11,1,0,2
2026-10-06 11:48:51,23.27,47.71,1168.3,1,5,1,0,2
2026-10-06 11:49:21,23.22,47.09,1171.2,1,4,1,0,2
2026-10-06 11:49:51,23.12,47.25,1172.4,1,4,1,0,2
2026-10-06 11:50:21,23.39,46.92,1173.3,1,6,1,0,2
2026-10-06 11:50:51,23.2,47.0,1176.8,1,7,1,0,2
2026-10-06 11:51:21,22.48,45.89,1171.8,0,0,1,0,2
2026-10-06 11:51:51,23.37,47.54,1169.6,1,10,1,0,2
2026-10-06 11:52:21,22.88,45.41,1163.4,0,0,1,0,2
2026-10-06 11:52:51,23.33,47.27,1164.4,1,8,1,0,2
2026-10-06 11:53:21,22.29,45.89,1156.0,0,0,1,0,2
2026-10-06 11:53:51,23.47,47.85,1156.0,1,6,1,0,2
2026-10-06 11:54:21,23.27,47.95,1156.4,1,6,1,0,2
2026-10-06 11:54:51,23.53,47.79,1157.8,1,13,1,0,2
2026-10-06 11:55:21,23.39,47.56,1156.2,1,9,1,0,2
2026-10-06 11:55:51,23.36,47.19,1156.3,1,13,1,0,2
2026-10-06 11:56:21,23.3,47.61,1156.4,1,5,1,0,2
2026-10-06 11:56:51,23.42,47.42,1153.8,1,7,1,0,2
2026-10-06 11:57:21,23.6,47.62,1158.2,1,3,1,0,2
2026-10-06 11:57:51,23.57,47.13,1161.3,1,4,1,0,2
2026-10-06 11:58:21,23.21,47.66,1164.4,1,13,1,0,2
2026-10-06 11:58:51,23.18,47.55,1166.0,1,9,1,0,2
2026-10-06 11:59:21,22.48,47.03,1158.2,0,0,1,0,2
2026-10-06 11:59:51,23.25,47.45,1158.9,1,3,1,0,2
2026-10-06 12:00:21,23.51,47.27,1160.1,1,9,1,0,2
2026-10-06 12:00:51,23.07,47.48,1158.9,1,5,1,0,2
2026-10-06 12:01:21,23.28,47.64,1162.6,1,5,1,0,2
2026-10-06 12:01:51,23.25,47.34,1163.2,1,8,1,0,2
2026-10-06 12:02:21,23.35,47.7,1166.5,1,8,1,0,2
2026-10-06 12:02:51,23.36,47.49,1170.8,1,6,1,0,2
2026-10-06 12:03:21,23.53,47.53,1172.0,1,10,1,0,2
2026-10-06 12:03:51,22.64,45.9,1164.6,0,0,1,0,2
2026-10-06 12:04:21,22.63,46.35,1159.9,0,0,1,0,2
2026-10-06 12:04:51,23.44,47.06,1161.0,1,12,1,0,2
2026-10-06 12:05:21,23.24,47.46,1162.8,1,8,1,0,2
2026-10-06 12:05:51,22.44,45.29,1156.3,0,1,1,0,2
2026-10-06 12:06:21,23.22,47.41,1157.5,1,9,1,0,2
2026-10-06 12:06:51,22.79,46.44,1151.6,0,0,1,0,2
2026-10-06 12:07:21,23.25,47.11,1154.4,1,5,1,0,2
2026-10-06 12:07:51,22.43,45.59,1148.4,0,0,1,0,2
2026-10-06 12:08:21,23.35,47.72,1149.5,1,13,1,0,2
2026-10-06 12:08:51,23.15,47.71,1153.7,1,4,1,0,2
2026-10-06 12:09:21,23.35,47.07,1155.6,1,6,1,0,2
2026-10-06 12:09:51,23.14,47.18,1158.4,1,6,1,0,2
2026-10-06 12:10:21,23.52,47.62,1158.8,1,10,1,0,2
2026-10-06 12:10:51,23.49,47.37,1160.4,1,11,1,0,2
2026-10-06 12:11:21,23.62,47.1,1159.9,1,5,1,0,2
2026-10-06 12:11:51,23.36,47.19,1163.3,1,4,1,0,2
2026-10-06 12:12:21,23.48,47.27,1164.1,1,13,1,0,2
2026-10-06 12:12:51,23.29,47.92,1166.3,1,9,1,0,2
2026-10-06 12:13:21,23.57,47.19,1164.2,1,10,1,0,2
2026-10-06 12:13:51,22.64,45.63,1157.8,0,0,1,0,2
2026-10-06 12:14:21,23.52,47.05,1155.8,1,10,1,0,2
2026-10-06 12:14:51,23.54,47.1,1156.8,1,7,1,0,2
2026-10-06 12:15:21,23.76,47.35,1159.4,1,13,1,0,2
2026-10-06 12:15:51,22.63,45.55,1152.4,0,0,1,0,2
2026-10-06 12:16:21,23.63,47.25,1149.8,1,3,1,0,2
2026-10-06 12:16:51,23.41,47.29,1149.7,1,12,1,0,2
2026-10-06 12:17:21,22.73,45.72,1141.2,0,0,1,0,2
2026-10-06 12:17:51,23.92,46.9,1144.3,1,7,1,0,2
2026-10-06 12:18:21,23.53,47.29,1146.2,1,7,1,0,2
2026-10-06 12:18:51,23.89,47.83,1145.3,1,13,1,0,2
2026-10-06 12:19:21,22.65,45.98,1138.1,0,0,1,0,2
2026-10-06 12:19:51,23.55,47.16,1140.9,1,4,1,0,2
2026-10-06 12:20:21,23.14,47.71,1146.5,1,6,1,0,2
2026-10-06 12:20:51,23.61,48.14,1146.5,1,11,1,0,2
2026-10-06 12:21:21,23.47,47.57,1150.7,1,3,1,0,2
2026-10-06 12:21:51,23.62,47.24,1154.1,1,11,1,0,2
2026-10-06 12:22:21,23.78,46.76,1157.6,1,5,1,0,2
2026-10-06 12:22:51,23.67,47.31,1161.3,1,3,1,0,2
2026-10-06 12:23:21,23.56,46.85,1161.4,1,10,1,0,2
2026-10-06 12:23:51,23.58,46.8,1162.4,1,9,1,0,2
2026-10-06 12:24:21,23.37,47.0,1163.9,1,10,1,0,2
2026-10-06 12:24:51,23.5,46.98,1163.8,1,10,1,0,2
2026-10-06 12:25:21,23.36,46.86,1166.3,1,3,1,0,2
2026-10-06 12:25:51,23.51,47.5,1165.7,1,4,1,0,2
2026-10-06 12:26:21,23.33,47.73,1165.5,1,6,1,0,2
2026-10-06 12:26:51,23.73,46.81,1167.2,1,4,1,0,2
2026-10-06 12:27:21,22.79,45.53,1159.6,0,0,1,0,2
2026-10-06 12:27:51,23.66,46.79,1160.3,1,12,1,0,2
2026-10-06 12:28:21,22.96,45.81,1152.5,0,0,1,0,2
2026-10-06 12:28:51,22.83,45.91,1146.7,0,0,1,0,2
2026-10-06 12:29:21,23.56,47.07,1150.1,1,3,1,0,2
2026-10-06 12:29:51,23.46,47.23,1152.7,1,11,1,0,2
2026-10-06 12:30:21,22.9,45.79,1146.5,0,0,1,0,2
2026-10-06 12:30:51,23.71,47.62,1148.6,1,10,1,0,2
2026-10-06 12:31:21,22.88,45.65,1142.6,0,0,1,0,2
2026-10-06 12:31:51,22.69,44.82,1136.9,0,0,1,0,2
2026-10-06 12:32:21,22.64,45.41,1129.9,0,1,1,0,2
2026-10-06 12:32:51,22.95,45.71,1124.3,0,0,1,0,2
2026-10-06 12:33:21,22.82,45.58,1117.6,0,0,1,0,2
2026-10-06 12:33:51,22.69,46.39,1110.0,0,0,1,0,2
2026-10-06 12:34:21,22.46,45.51,1103.8,0,0,1,0,2
2026-10-06 12:34:51,22.94,46.06,1097.7,0,0,1,0,2
2026-10-06 12:35:21,22.99,45.32,1090.2,0,0,1,0,2
2026-10-06 12:35:51,22.87,45.06,1082.5,0,0,1,0,2
2026-10-06 12:36:21,22.66,45.02,1075.9,0,0,1,0,2
2026-10-06 12:36:51,23.1,45.72,1068.2,0,0,1,0,2
2026-10-06 12:37:21,22.75,45.68,1060.9,0,0,1,0,2
2026-10-06 12:37:51,22.7,45.68,1053.7,0,0,1,0,2
2026-10-06 12:38:21,22.8,45.35,1048.0,0,0,1,0,2
2026-10-06 12:38:51,23.01,44.97,1042.2,0,0,1,0,2
2026-10-06 12:39:21,22.65,46.08,1037.3,0,0,1,0,2
2026-10-06 12:39:51,22.69,45.51,1030.0,0,0,1,0,2
2026-10-06 12:40:21,23.06,45.37,1022.6,0,1,1,0,2
2026-10-06 12:40:51,22.83,45.59,1018.6,0,0,1,0,2
2026-10-06 12:41:21,22.78,45.65,1014.3,0,0,1,0,2
2026-10-06 12:41:51,22.85,45.76,1009.5,0,0,1,0,2
2026-10-06 12:42:21,22.97,45.9,1004.2,0,0,1,0,2
2026-10-06 12:42:51,23.06,45.65,999.1,0,0,1,0,2
2026-10-06 12:43:21,22.98,45.84,993.9,0,1,1,0,2
2026-10-06 12:43:51,22.97,45.56,988.6,0,0,1,0,2
2026-10-06 12:44:21,22.92,45.54,979.8,0,0,1,0,2
2026-10-06 12:44:51,23.05,46.43,971.5,0,0,1,0,2
2026-10-06 12:45:21,22.67,46.0,966.5,0,0,1,0,2
2026-10-06 12:45:51,23.1,45.55,962.4,0,0,1,0,2
2026-10-06 12:46:21,23.16,45.63,955.0,0,0,1,0,2
2026-10-06 12:46:51,22.96,45.47,947.8,0,0,1,0,2
2026-10-06 12:47:21,22.76,45.46,941.8,0,0,1,0,2
2026-10-06 12:47:51,22.68,45.73,936.5,0,0,1,0,2
2026-10-06 12:48:21,22.68,45.24,931.7,0,0,1,0,2
2026-10-06 12:48:51,22.99,45.39,924.5,0,0,1,0,2
2026-10-06 12:49:21,22.93,45.15,918.7,0,0,1,0,2
2026-10-06 12:49:51,23.06,45.8,913.7,0,1,1,0,2
2026-10-06 12:50:21,22.78,45.72,908.6,0,0,1,0,2
2026-10-06 12:50:51,23.02,45.75,902.0,0,0,1,0,2
2026-10-06 12:51:21,22.73,46.12,899.2,0,0,1,0,2
2026-10-06 12:51:51,23.12,46.01,891.9,0,0,1,0,2
2026-10-06 12:52:21,22.73,45.05,885.5,0,0,1,0,2
2026-10-06 12:52:51,22.97,45.14,878.7,0,0,1,0,2
2026-10-06 12:53:21,23.02,45.9,875.1,0,0,1,0,2
2026-10-06 12:53:51,22.91,45.39,868.3,0,0,1,0,2
2026-10-06 12:54:21,23.01,45.22,859.7,0,0,1,0,2
2026-10-06 12:54:51,23.14,46.31,852.9,0,0,1,0,2
2026-10-06 12:55:21,23.07,45.37,846.7,0,1,1,0,1
2026-10-06 12:55:51,22.97,45.1,838.9,0,0,1,0,1
2026-10-06 12:56:21,22.96,45.88,831.5,0,0,1,0,1
2026-10-06 12:56:51,23.07,44.94,825.6,0,0,1,0,1
2026-10-06 12:57:21,23.05,45.87,819.1,0,0,1,0,1
2026-10-06 12:57:51,23.02,46.08,813.8,0,0,1,0,1
2026-10-06 12:58:21,23.49,46.8,817.0,1,6,1,0,1
2026-10-06 12:58:51,22.77,45.0,810.4,0,0,1,0,1
2026-10-06 12:59:21,22.6,45.93,803.9,0,0,1,0,1
2026-10-06 12:59:51,23.04,46.3,797.8,0,0,1,0,1
2026-10-06 13:00:21,22.83,45.38,790.6,0,0,1,0,1
2026-10-06 13:00:51,22.75,45.52,782.8,0,0,1,0,1
2026-10-06 13:01:21,22.85,45.59,777.9,0,0,1,0,1
2026-10-06 13:01:51,23.03,45.24,771.7,0,0,1,0,1
2026-10-06 13:02:21,22.84,45.79,765.6,0,0,1,0,1
2026-10-06 13:02:51,22.96,45.24,760.5,0,0,1,0,1
2026-10-06 13:03:21,22.99,45.82,756.3,0,0,1,0,1
2026-10-06 13:03:51,22.86,45.91,749.1,0,0,1,0,1
2026-10-06 13:04:21,22.93,45.92,741.8,0,0,1,0,1
2026-10-06 13:04:51,22.94,45.18,737.6,0,0,1,0,1
2026-10-06 13:05:21,23.15,45.22,730.5,0,0,1,0,1
2026-10-06 13:05:51,23.19,45.02,723.4,0,0,1,0,1
2026-10-06 13:06:21,22.88,44.93,717.9,0,0,1,0,1
2026-10-06 13:06:51,22.98,45.16,709.9,0,0,1,0,1
2026-10-06 13:07:21,23.1,45.42,704.1,0,0,1,0,1
2026-10-06 13:07:51,23.06,45.61,698.2,0,0,1,0,1
2026-10-06 13:08:21,23.84,47.1,702.6,1,5,1,0,1
2026-10-06 13:08:51,23.1,45.24,696.2,0,0,1,0,1
2026-10-06 13:09:21,23.02,45.42,691.4,0,0,1,0,1
2026-10-06 13:09:51,22.92,45.25,684.7,0,0,1,0,1
2026-10-06 13:10:21,23.03,45.35,677.7,0,0,1,0,1
2026-10-06 13:10:51,23.35,45.96,670.0,0,0,1,0,1
2026-10-06 13:11:21,22.91,45.32,663.7,0,0,1,0,1
2026-10-06 13:11:51,23.0,45.04,658.4,0,0,1,0,1
2026-10-06 13:12:21,23.28,44.86,651.1,0,0,1,0,1
2026-10-06 13:12:51,23.07,45.41,645.2,0,1,1,0,1
2026-10-06 13:13:21,23.1,45.39,639.0,0,0,1,0,1
2026-10-06 13:13:51,22.87,45.37,633.3,0,0,1,0,1
2026-10-06 13:14:21,22.91,45.65,626.0,0,0,1,0,1
2026-10-06 13:14:51,22.8,45.49,619.1,0,0,1,0,1
2026-10-06 13:15:21,23.17,45.66,614.4,0,0,1,0,1
2026-10-06 13:15:51,23.0,45.5,609.2,0,0,1,0,1
2026-10-06 13:16:21,22.85,44.67,601.5,0,0,1,0,1
2026-10-06 13:16:51,23.1,45.59,593.7,0,0,1,0,1
2026-10-06 13:17:21,23.79,46.4,596.9,1,8,1,0,1
2026-10-06 13:17:51,23.15,45.48,590.8,0,0,1,0,1
2026-10-06 13:18:21,23.1,45.69,584.0,0,0,1,0,1
2026-10-06 13:18:51,23.24,45.11,578.7,0,1,1,0,1
2026-10-06 13:19:21,23.1,45.83,571.9,0,0,1,0,1
2026-10-06 13:19:51,23.8,46.99,576.7,1,12,1,0,1
2026-10-06 13:20:21,22.84,45.21,570.9,0,0,1,0,1
2026-10-06 13:20:51,23.03,44.92,565.8,0,0,1,0,1
2026-10-06 13:21:21,22.9,45.54,558.8,0,0,1,0,1
2026-10-06 13:21:51,23.8,46.41,562.1,1,3,1,0,1
2026-10-06 13:22:21,23.03,45.03,555.6,0,0,1,0,1
2026-10-06 13:22:51,22.74,45.43,550.8,0,1,1,0,1
2026-10-06 13:23:21,22.95,45.58,544.6,0,0,1,0,1
2026-10-06 13:23:51,23.16,45.58,539.5,0,0,1,0,1
2026-10-06 13:24:21,23.04,45.27,535.2,0,0,1,0,1
2026-10-06 13:24:51,24.06,46.41,538.8,1,13,1,0,1
2026-10-06 13:25:21,22.94,45.22,531.5,0,0,1,0,1
2026-10-06 13:25:51,23.06,45.03,523.4,0,0,1,0,1
2026-10-06 13:26:21,23.14,45.16,515.2,0,0,1,0,1
2026-10-06 13:26:51,22.78,45.22,509.1,0,0,1,0,1
2026-10-06 13:27:21,22.88,45.35,504.4,0,0,1,0,1
2026-10-06 13:27:51,23.13,45.58,499.0,0,0,1,0,0
2026-10-06 13:28:21,24.14,47.1,497.5,1,7,1,0,0
2026-10-06 13:28:51,23.35,45.38,493.0,0,0,1,0,0
2026-10-06 13:29:21,23.1,44.76,486.8,0,0,1,0,0
2026-10-06 13:29:51,23.4,45.7,480.6,0,0,1,0,0
2026-10-06 13:30:21,23.2,45.16,473.7,0,0,1,0,0
2026-10-06 13:30:51,23.44,45.12,465.9,0,0,1,0,0
2026-10-06 13:31:21,23.16,44.7,459.6,0,0,1,0,0
2026-10-06 13:31:51,24.02,45.65,458.0,0,0,0,0,0
2026-10-06 13:32:21,25.17,46.4,461.8,1,6,0,0,0
2026-10-06 13:32:51,24.42,45.6,458.8,0,0,0,0,0
2026-10-06 13:33:21,24.47,44.82,458.0,0,0,0,0,0
2026-10-06 13:33:51,24.41,45.56,457.4,0,0,0,0,0
2026-10-06 13:34:21,24.39,46.05,454.9,0,0,0,0,0
2026-10-06 13:34:51,24.23,45.4,455.3,0,0,0,0,0
2026-10-06 13:35:21,24.3,45.82,454.1,0,0,0,0,0
2026-10-06 13:35:51,24.09,45.12,451.9,0,1,0,0,0
2026-10-06 13:36:21,24.45,45.29,452.8,0,0,0,0,0
2026-10-06 13:36:51,24.02,45.33,451.0,0,0,0,0,0
2026-10-06 13:37:21,24.4,45.26,448.3,0,1,0,0,0
2026-10-06 13:37:51,24.06,45.12,446.8,0,0,0,0,0
2026-10-06 13:38:21,24.7,45.45,447.0,0,0,0,0,0
2026-10-06 13:38:51,24.83,47.3,454.3,1,5,0,0,0
2026-10-06 13:39:21,24.39,45.62,452.0,0,0,0,0,0
2026-10-06 13:39:51,24.17,44.92,450.4,0,0,0,0,0
2026-10-06 13:40:21,24.51,45.86,447.5,0,0,0,0,0
2026-10-06 13:40:51,24.61,45.04,445.2,0,0,0,0,0
2026-10-06 13:41:21,24.35,45.07,442.7,0,0,0,0,0
2026-10-06 13:41:51,24.29,44.9,441.6,0,0,0,0,0
2026-10-06 13:42:21,24.39,45.62,440.5,0,0,0,0,0
2026-10-06 13:42:51,24.53,45.48,436.3,0,0,0,0,0
2026-10-06 13:43:21,25.32,46.8,442.7,1,12,0,0,0
2026-10-06 13:43:51,24.21,45.05,439.6,0,0,0,0,0
2026-10-06 13:44:21,24.23,44.98,434.2,0,0,0,0,0
2026-10-06 13:44:51,24.14,45.44,431.0,0,0,0,0,0
2026-10-06 13:45:21,24.63,45.36,428.1,0,0,0,0,0
2026-10-06 13:45:51,24.25,45.18,427.3,0,0,0,0,0
2026-10-06 13:46:21,24.57,45.57,427.1,0,0,0,0,0
2026-10-06 13:46:51,24.59,44.98,426.7,0,0,0,0,0
2026-10-06 13:47:21,24.38,44.99,422.8,0,0,0,0,0
2026-10-06 13:47:51,24.31,45.37,420.9,0,0,0,0,0
2026-10-06 13:48:21,24.23,45.24,418.7,0,0,0,0,0
2026-10-06 13:48:51,24.36,45.2,417.0,0,0,0,0,0
2026-10-06 13:49:21,24.2,45.42,416.6,0,0,0,0,0
2026-10-06 13:49:51,24.32,45.15,412.5,0,0,0,0,0
2026-10-06 13:50:21,24.26,45.63,409.9,0,0,0,0,0
2026-10-06 13:50:51,24.37,44.95,412.4,0,0,0,0,0
2026-10-06 13:51:21,24.52,44.97,412.9,0,1,0,0,0
2026-10-06 13:51:51,24.61,45.22,409.9,0,0,0,0,0
2026-10-06 13:52:21,24.5,45.0,410.4,0,0,0,0,0
2026-10-06 13:52:51,24.48,45.3,408.8,0,0,0,0,0
2026-10-06 13:53:21,24.57,45.07,409.8,0,0,0,0,0
2026-10-06 13:53:51,24.5,45.26,410.2,0,0,0,0,0
2026-10-06 13:54:21,24.57,45.82,410.0,0,0,0,0,0
2026-10-06 13:54:51,24.61,44.23,409.7,0,0,0,0,0
2026-10-06 13:55:21,24.26,45.38,407.8,0,1,0,0,0
2026-10-06 13:55:51,24.41,45.53,407.4,0,0,0,0,0
2026-10-06 13:56:21,24.25,44.93,406.1,0,0,0,0,0
2026-10-06 13:56:51,24.22,45.07,404.7,0,0,0,0,0
2026-10-06 13:57:21,24.23,45.27,403.9,0,0,0,0,0
2026-10-06 13:57:51,24.39,44.94,405.1,0,0,0,0,0
2026-10-06 13:58:21,24.36,44.77,404.6,0,0,0,0,0
2026-10-06 13:58:51,24.32,45.49,402.7,0,0,0,0,0
2026-10-06 13:59:21,24.52,44.82,403.6,0,0,0,0,0
2026-10-06 13:59:51,24.65,45.18,404.8,0,0,0,0,0
2026-10-06 14:00:21,25.18,47.23,411.6,1,11,0,0,0
2026-10-06 14:00:51,25.23,46.63,417.9,1,11,0,0,0
2026-10-06 14:01:21,25.09,46.44,422.2,1,10,0,0,0
2026-10-06 14:01:51,25.1,46.52,427.4,1,7,0,0,0
2026-10-06 14:02:21,25.4,46.5,434.1,1,9,0,0,0
2026-10-06 14:02:51,25.32,46.63,439.3,1,7,0,0,0
2026-10-06 14:03:21,24.47,45.22,437.4,0,0,0,0,0
2026-10-06 14:03:51,25.33,46.54,445.5,1,8,0,0,0
2026-10-06 14:04:21,25.33,47.02,452.6,1,12,0,0,0
2026-10-06 14:04:51,25.5,46.25,457.9,1,12,0,0,0
2026-10-06 14:05:21,24.54,45.15,453.5,0,0,0,0,0
2026-10-06 14:05:51,25.03,46.3,459.7,1,13,0,0,0
2026-10-06 14:06:21,25.41,47.48,463.3,1,6,0,0,0
2026-10-06 14:06:51,24.24,45.21,461.0,0,1,0,0,0
2026-10-06 14:07:21,25.24,46.19,468.3,1,7,0,0,0
2026-10-06 14:07:51,25.32,45.96,476.1,1,9,0,0,0
2026-10-06 14:08:21,24.96,46.64,481.9,1,10,0,0,0
2026-10-06 14:08:51,24.13,45.33,480.4,0,0,0,0,0
2026-10-06 14:09:21,24.67,45.53,478.8,0,0,0,0,0
2026-10-06 14:09:51,25.23,45.9,484.6,1,6,0,0,0
2026-10-06 14:10:21,25.2,46.25,492.6,1,6,0,0,0
2026-10-06 14:10:51,24.67,45.73,490.9,0,0,0,0,0
2026-10-06 14:11:21,25.24,47.34,494.1,1,5,0,0,0
2026-10-06 14:11:51,25.53,46.51,497.2,1,12,0,0,0
2026-10-06 14:12:21,25.18,46.32,506.3,1,10,0,0,1
2026-10-06 14:12:51,25.32,46.29,515.8,1,5,0,0,1
2026-10-06 14:13:21,24.39,45.02,513.1,0,0,0,0,1
2026-10-06 14:13:51,25.21,46.44,519.6,1,7,0,0,1
2026-10-06 14:14:21,25.23,46.88,526.3,1,7,0,0,1
2026-10-06 14:14:51,25.41,46.8,533.7,1,12,0,0,1
2026-10-06 14:15:21,25.08,46.04,541.7,1,12,0,0,1
2026-10-06 14:15:51,25.09,46.55,546.6,1,3,0,0,1
2026-10-06 14:16:21,25.73,46.36,551.9,1,7,0,0,1
2026-10-06 14:16:51,24.31,44.89,550.9,0,0,0,0,1
2026-10-06 14:17:21,25.24,46.61,554.3,1,8,0,0,1
2026-10-06 14:17:51,25.04,46.53,560.5,1,4,0,0,1
2026-10-06 14:18:21,25.16,46.85,565.3,1,13,0,0,1
2026-10-06 14:18:51,25.41,46.72,570.2,1,3,0,0,1
2026-10-06 14:19:21,25.34,46.88,576.7,1,5,0,0,1
2026-10-06 14:19:51,25.19,46.93,580.1,1,8,0,0,1
2026-10-06 14:20:21,25.28,46.49,588.4,1,7,0,0,1
2026-10-06 14:20:51,25.22,46.32,590.9,1,13,0,0,1
2026-10-06 14:21:21,25.39,46.78,594.2,1,6,0,0,1
2026-10-06 14:21:51,25.12,45.7,599.2,1,6,0,0,1
2026-10-06 14:22:21,25.28,46.59,608.2,1,11,0,0,1
2026-10-06 14:22:51,25.29,46.33,611.9,1,10,0,0,1
2026-10-06 14:23:21,25.36,46.49,620.6,1,10,0,0,1
2026-10-06 14:23:51,25.09,47.12,629.4,1,11,0,0,1
2026-10-06 14:24:21,25.06,47.03,635.3,1,10,0,0,1
2026-10-06 14:24:51,25.11,46.75,639.1,1,11,0,0,1
2026-10-06 14:25:21,25.48,46.09,648.2,1,12,0,0,1
2026-10-06 14:25:51,25.38,46.21,652.0,1,7,0,0,1
2026-10-06 14:26:21,25.19,45.94,655.6,1,10,0,0,1
2026-10-06 14:26:51,25.33,46.16,660.5,1,8,0,0,1
2026-10-06 14:27:21,25.0,46.75,664.1,1,4,0,0,1
2026-10-06 14:27:51,25.36,47.01,669.3,1,10,0,0,1
2026-10-06 14:28:21,25.43,47.01,676.6,1,6,0,0,1
2026-10-06 14:28:51,25.29,46.39,683.9,1,5,0,0,1
2026-10-06 14:29:21,24.44,45.35,680.8,0,0,0,0,1
2026-10-06 14:29:51,25.2,46.6,685.3,1,10,0,0,1
2026-10-06 14:30:21,25.28,46.7,686.6,1,6,0,0,1
2026-10-06 14:30:51,25.37,46.59,694.2,1,13,0,0,1
2026-10-06 14:31:21,25.11,46.51,702.0,1,13,0,0,1
2026-10-06 14:31:51,25.56,46.03,705.1,1,4,0,0,1
2026-10-06 14:32:21,24.58,45.08,703.5,0,0,0,0,1
2026-10-06 14:32:51,25.02,46.85,707.9,1,8,0,0,1
2026-10-06 14:33:21,25.34,46.57,716.7,1,10,0,0,1
2026-10-06 14:33:51,25.3,47.13,720.3,1,5,0,0,1
2026-10-06 14:34:21,25.39,46.85,728.7,1,6,0,0,1
2026-10-06 14:34:51,25.33,46.63,733.7,1,3,0,0,1
2026-10-06 14:35:21,24.35,45.51,731.2,0,0,0,0,1
2026-10-06 14:35:51,25.31,46.5,737.5,1,8,0,0,1
2026-10-06 14:36:21,25.3,46.22,741.5,1,11,0,0,1
2026-10-06 14:36:51,25.4,46.96,748.7,1,4,0,0,1
2026-10-06 14:37:21,25.13,46.6,756.7,1,9,0,0,1
2026-10-06 14:37:51,25.31,46.75,763.2,1,4,0,0,1
2026-10-06 14:38:21,25.39,46.16,769.4,1,4,0,0,1
2026-10-06 14:38:51,25.2,46.32,773.5,1,12,0,0,1
2026-10-06 14:39:21,25.21,46.95,776.0,1,5,0,0,1
2026-10-06 14:39:51,25.18,46.41,783.5,1,6,0,0,1
2026-10-06 14:40:21,24.15,46.69,782.6,1,12,1,0,1
2026-10-06 14:40:51,24.07,46.72,784.6,1,10,1,0,1
2026-10-06 14:41:21,24.09,46.79,787.0,1,13,1,0,1
2026-10-06 14:41:51,23.89,46.27,783.2,1,12,1,0,1
2026-10-06 14:42:21,24.12,46.55,782.4,1,9,1,0,1
2026-10-06 14:42:51,23.19,45.31,777.5,0,0,1,0,1
2026-10-06 14:43:21,23.86,46.14,773.9,1,11,1,0,1
2026-10-06 14:43:51,23.2,44.81,766.6,0,0,1,0,1
2026-10-06 14:44:21,24.04,46.56,767.6,1,8,1,0,1
2026-10-06 14:44:51,24.12,46.92,767.8,1,9,1,0,1
2026-10-06 14:45:21,23.97,46.65,766.4,1,3,1,0,1
2026-10-06 14:45:51,24.26,46.66,769.2,1,3,1,0,1
2026-10-06 14:46:21,24.18,46.57,771.0,1,13,1,0,1
2026-10-06 14:46:51,24.23,46.81,769.9,1,8,1,0,1
2026-10-06 14:47:21,24.29,46.42,769.6,1,12,1,0,1
2026-10-06 14:47:51,24.3,46.41,770.4,1,7,1,0,1
2026-10-06 14:48:21,24.16,46.58,770.0,1,9,1,0,1
2026-10-06 14:48:51,24.06,47.45,769.5,1,7,1,0,1
2026-10-06 14:49:21,23.49,44.28,766.1,0,0,1,0,1
2026-10-06 14:49:51,23.61,45.14,762.8,0,0,1,0,1
2026-10-06 14:50:21,23.89,46.18,765.1,1,6,1,0,1
2026-10-06 14:50:51,23.88,46.87,763.2,1,8,1,0,1
2026-10-06 14:51:21,24.26,46.38,766.0,1,13,1,0,1
2026-10-06 14:51:51,23.89,46.33,762.8,1,3,1,0,1
2026-10-06 14:52:21,24.0,46.5,762.9,1,9,1,0,1
2026-10-06 14:52:51,23.82,45.88,761.4,1,3,1,0,1
2026-10-06 14:53:21,23.95,47.0,761.2,1,6,1,0,1
2026-10-06 14:53:51,23.44,45.0,753.1,0,0,1,0,1
2026-10-06 14:54:21,24.07,46.55,759.0,1,10,1,0,1
2026-10-06 14:54:51,24.14,45.93,758.5,1,5,1,0,1
2026-10-06 14:55:21,24.3,46.78,759.2,1,7,1,0,1
2026-10-06 14:55:51,23.25,44.55,753.3,0,1,1,0,1
2026-10-06 14:56:21,23.27,45.77,747.2,0,0,1,0,1
2026-10-06 14:56:51,24.13,46.01,750.9,1,10,1,0,1
2026-10-06 14:57:21,24.39,46.73,752.3,1,9,1,0,1
2026-10-06 14:57:51,23.41,44.3,749.5,0,0,1,0,1
2026-10-06 14:58:21,24.33,46.29,747.8,1,3,1,0,1
2026-10-06 14:58:51,24.19,47.05,751.1,1,11,1,0,1
2026-10-06 14:59:21,23.26,44.38,744.5,0,0,1,0,1
2026-10-06 14:59:51,24.36,46.3,746.9,1,12,1,0,1
2026-10-06 15:00:21,23.34,44.85,741.4,0,0,1,0,1
2026-10-06 15:00:51,23.87,45.79,742.8,1,8,1,0,1
2026-10-06 15:01:21,24.54,47.19,745.4,1,7,1,0,1
2026-10-06 15:01:51,24.06,46.39,744.5,1,13,1,0,1
2026-10-06 15:02:21,23.43,44.09,739.8,0,0,1,0,1
2026-10-06 15:02:51,23.13,44.57,734.4,0,1,1,0,1
2026-10-06 15:03:21,23.8,46.75,732.5,1,7,1,0,1
2026-10-06 15:03:51,24.09,47.09,736.9,1,5,1,0,1
2026-10-06 15:04:21,24.04,45.71,739.6,1,12,1,0,1
2026-10-06 15:04:51,23.78,46.02,741.2,1,4,1,0,1
2026-10-06 15:05:21,24.08,46.86,741.7,1,9,1,0,1
2026-10-06 15:05:51,23.86,46.23,740.3,1,5,1,0,1
2026-10-06 15:06:21,23.59,46.87,744.4,1,11,1,0,1
2026-10-06 15:06:51,23.19,45.11,738.7,0,0,1,0,1
2026-10-06 15:07:21,24.13,46.22,736.5,1,8,1,0,1
2026-10-06 15:07:51,23.65,44.64,732.0,0,0,1,0,1
2026-10-06 15:08:21,23.2,44.83,726.3,0,0,1,0,1
2026-10-06 15:08:51,24.05,47.14,724.4,1,8,1,0,1
2026-10-06 15:09:21,24.08,46.54,723.6,1,6,1,0,1
2026-10-06 15:09:51,23.96,46.36,722.1,1,3,1,0,1
2026-10-06 15:10:21,24.17,46.23,725.2,1,6,1,0,1
2026-10-06 15:10:51,23.95,46.68,723.7,1,4,1,0,1
2026-10-06 15:11:21,24.2,46.18,724.7,1,7,1,0,1
2026-10-06 15:11:51,24.15,46.47,726.9,1,5,1,0,1
2026-10-06 15:12:21,23.25,44.69,718.6,0,1,1,0,1
2026-10-06 15:12:51,24.19,46.18,721.1,1,8,1,0,1
2026-10-06 15:13:21,23.9,45.67,722.8,1,13,1,0,1
2026-10-06 15:13:51,23.84,46.57,723.9,1,3,1,0,1
2026-10-06 15:14:21,23.87,45.91,725.5,1,8,1,0,1
2026-10-06 15:14:51,24.06,46.36,729.4,1,4,1,0,1
2026-10-06 15:15:21,24.26,46.4,732.1,1,12,1,0,1
2026-10-06 15:15:51,23.05,45.46,725.2,0,0,1,0,1
2026-10-06 15:16:21,24.31,46.53,727.8,1,3,1,0,1
2026-10-06 15:16:51,24.11,46.83,731.0,1,6,1,0,1
2026-10-06 15:17:21,24.17,46.82,732.0,1,9,1,0,1
2026-10-06 15:17:51,23.59,46.04,727.3,0,0,1,0,1
2026-10-06 15:18:21,23.47,45.36,721.0,0,0,1,0,1
2026-10-06 15:18:51,23.76,46.01,720.7,1,13,1,0,1
2026-10-06 15:19:21,24.19,46.02,722.5,1,5,1,0,1
2026-10-06 15:19:51,23.97,46.27,725.9,1,10,1,0,1
2026-10-06 15:20:21,24.12,46.57,730.8,1,11,1,0,1
2026-10-06 15:20:51,24.06,47.27,732.4,1,5,1,0,1
2026-10-06 15:21:21,24.18,47.21,732.9,1,10,1,0,1
2026-10-06 15:21:51,24.12,46.68,734.7,1,7,1,0,1
2026-10-06 15:22:21,24.12,46.56,733.7,1,4,1,0,1
2026-10-06 15:22:51,24.15,46.9,733.1,1,7,1,0,1
2026-10-06 15:23:21,24.05,46.71,734.3,1,3,1,0,1
2026-10-06 15:23:51,24.1,46.45,733.4,1,7,1,0,1
2026-10-06 15:24:21,24.2,46.31,737.0,1,8,1,0,1
2026-10-06 15:24:51,24.18,46.99,740.3,1,6,1,0,1
2026-10-06 15:25:21,24.12,46.42,742.7,1,12,1,0,1
2026-10-06 15:25:51,24.25,46.61,743.2,1,11,1,0,1
2026-10-06 15:26:21,23.21,44.87,737.1,0,0,1,0,1
2026-10-06 15:26:51,23.97,45.98,739.5,1,5,1,0,1
2026-10-06 15:27:21,24.11,46.09,740.2,1,12,1,0,1
2026-10-06 15:27:51,24.16,46.05,741.7,1,6,1,0,1
2026-10-06 15:28:21,24.09,46.35,742.5,1,4,1,0,1
2026-10-06 15:28:51,23.23,45.12,736.0,0,0,1,0,1
2026-10-06 15:29:21,24.07,46.33,738.4,1,6,1,0,1
2026-10-06 15:29:51,24.22,46.35,738.8,1,11,1,0,1
2026-10-06 15:30:21,24.2,46.42,742.0,1,5,1,0,1
2026-10-06 15:30:51,24.08,46.16,744.2,1,10,1,0,1
2026-10-06 15:31:21,24.19,46.78,745.9,1,10,1,0,1
2026-10-06 15:31:51,24.28,46.76,748.8,1,10,1,0,1
2026-10-06 15:32:21,24.13,46.53,747.8,1,7,1,0,1
2026-10-06 15:32:51,24.3,46.62,750.4,1,5,1,0,1
2026-10-06 15:33:21,24.27,46.4,749.5,1,4,1,0,1
2026-10-06 15:33:51,24.02,46.48,748.9,1,8,1,0,1
2026-10-06 15:34:21,23.91,46.84,752.4,1,6,1,0,1
2026-10-06 15:34:51,24.11,46.67,754.8,1,6,1,0,1
2026-10-06 15:35:21,24.3,46.84,757.4,1,3,1,0,1
2026-10-06 15:35:51,24.13,46.18,757.7,1,3,1,0,1
2026-10-06 15:36:21,23.33,44.99,750.8,0,0,1,0,1
2026-10-06 15:36:51,24.17,47.1,751.3,1,7,1,0,1
2026-10-06 15:37:21,24.21,46.19,751.3,1,7,1,0,1
2026-10-06 15:37:51,23.27,45.45,743.4,0,0,1,0,1
2026-10-06 15:38:21,23.74,46.44,748.9,1,9,1,0,1
2026-10-06 15:38:51,23.27,45.17,743.3,0,0,1,0,1
2026-10-06 15:39:21,24.13,47.22,740.7,1,6,1,0,1
2026-10-06 15:39:51,24.06,46.27,744.0,1,13,1,0,1
2026-10-06 15:40:21,23.24,44.63,736.5,0,0,1,0,1
2026-10-06 15:40:51,23.33,44.77,730.9,0,0,1,0,1
2026-10-06 15:41:21,23.89,47.07,732.1,1,13,1,0,1
2026-10-06 15:41:51,23.92,45.96,734.6,1,11,1,0,1
2026-10-06 15:42:21,24.38,46.69,735.9,1,8,1,0,1
2026-10-06 15:42:51,24.25,46.14,735.5,1,3,1,0,1
2026-10-06 15:43:21,24.16,46.61,740.5,1,11,1,0,1
2026-10-06 15:43:51,24.03,46.7,744.6,1,5,1,0,1
2026-10-06 15:44:21,24.08,46.57,744.2,1,7,1,0,1
2026-10-06 15:44:51,24.18,46.22,746.6,1,13,1,0,1
2026-10-06 15:45:21,24.1,46.57,751.5,1,7,1,0,1
2026-10-06 15:45:51,24.36,46.28,753.4,1,9,1,0,1
2026-10-06 15:46:21,24.1,46.79,753.8,1,6,1,0,1
2026-10-06 15:46:51,24.07,46.44,758.4,1,9,1,0,1
2026-10-06 15:47:21,23.91,46.86,762.0,1,8,1,0,1
2026-10-06 15:47:51,23.89,45.89,761.8,1,5,1,0,1
2026-10-06 15:48:21,24.16,46.39,762.6,1,10,1,0,1
2026-10-06 15:48:51,23.08,44.78,755.4,0,0,1,0,1
2026-10-06 15:49:21,23.97,46.54,758.4,1,8,1,0,1
2026-10-06 15:49:51,23.94,47.05,758.9,1,3,1,0,1
2026-10-06 15:50:21,24.26,46.14,763.3,1,9,1,0,1
2026-10-06 15:50:51,23.68,46.62,763.2,1,12,1,0,1
2026-10-06 15:51:21,24.16,46.52,764.1,1,12,1,0,1
2026-10-06 15:51:51,23.28,44.5,757.9,0,0,1,0,1
2026-10-06 15:52:21,24.03,46.04,760.4,1,6,1,0,1
2026-10-06 15:52:51,23.22,45.18,754.9,0,0,1,0,1
2026-10-06 15:53:21,24.24,46.97,754.6,1,10,1,0,1
2026-10-06 15:53:51,23.78,46.98,751.5,1,4,1,0,1
2026-10-06 15:54:21,24.02,45.92,757.5,1,13,1,0,1
2026-10-06 15:54:51,24.0,46.19,760.8,1,8,1,0,1
2026-10-06 15:55:21,24.16,46.47,761.4,1,9,1,0,1
2026-10-06 15:55:51,24.08,46.48,762.5,1,7,1,0,1
2026-10-06 15:56:21,23.76,47.26,764.2,1,10,1,0,1
2026-10-06 15:56:51,24.19,46.4,767.2,1,7,1,0,1
2026-10-06 15:57:21,23.94,46.5,766.5,1,10,1,0,1
2026-10-06 15:57:51,24.01,46.22,766.6,1,10,1,0,1
2026-10-06 15:58:21,23.76,45.92,766.6,1,6,1,0,1
2026-10-06 15:58:51,23.97,46.09,764.2,1,13,1,0,1
2026-10-06 15:59:21,23.99,46.53,767.9,1,13,1,0,1
2026-10-06 15:59:51,23.85,46.29,769.6,1,8,1,0,1
2026-10-06 16:00:21,24.37,46.59,770.8,1,10,1,0,1
2026-10-06 16:00:51,23.95,47.41,769.1,1,4,1,0,1
2026-10-06 16:01:21,23.87,46.79,771.5,1,7,1,0,1
2026-10-06 16:01:51,24.16,46.8,773.3,1,9,1,0,1
2026-10-06 16:02:21,23.39,44.79,766.9,0,0,1,0,1
2026-10-06 16:02:51,23.56,47.29,768.0,1,3,1,0,1
2026-10-06 16:03:21,24.12,46.43,771.0,1,7,1,0,1
2026-10-06 16:03:51,23.71,47.05,767.7,1,12,1,0,1
2026-10-06 16:04:21,23.81,46.7,769.1,1,9,1,0,1
2026-10-06 16:04:51,23.3,44.88,762.9,0,0,1,0,1
2026-10-06 16:05:21,24.11,46.29,767.4,1,12,1,0,1
2026-10-06 16:05:51,23.98,46.7,770.7,1,9,1,0,1
2026-10-06 16:06:21,23.85,46.68,771.0,1,11,1,0,1
2026-10-06 16:06:51,23.76,46.11,771.3,1,10,1,0,1
2026-10-06 16:07:21,23.99,46.36,771.0,1,11,1,0,1
2026-10-06 16:07:51,23.05,45.07,763.9,0,0,1,0,1
2026-10-06 16:08:21,23.76,46.63,763.2,1,11,1,0,1
2026-10-06 16:08:51,23.91,46.19,761.0,1,13,1,0,1
2026-10-06 16:09:21,23.35,45.28,754.3,0,0,1,0,1
2026-10-06 16:09:51,24.04,46.39,759.7,1,7,1,0,1
2026-10-06 16:10:21,23.91,46.81,759.3,1,4,1,0,1
2026-10-06 16:10:51,24.01,46.29,762.3,1,3,1,0,1
2026-10-06 16:11:21,24.17,46.89,767.6,1,8,1,0,1
2026-10-06 16:11:51,23.97,46.7,771.5,1,3,1,0,1
2026-10-06 16:12:21,24.18,47.23,770.4,1,11,1,0,1
2026-10-06 16:12:51,23.97,46.83,772.7,1,3,1,0,1
2026-10-06 16:13:21,23.2,44.73,766.5,0,0,1,0,1
2026-10-06 16:13:51,24.14,46.41,767.4,1,8,1,0,1
2026-10-06 16:14:21,24.02,45.95,769.5,1,12,1,0,1
2026-10-06 16:14:51,24.08,46.55,768.8,1,7,1,0,1
2026-10-06 16:15:21,23.9,46.25,772.0,1,6,1,0,1
2026-10-06 16:15:51,23.18,45.33,764.4,0,0,1,0,1
2026-10-06 16:16:21,24.09,46.7,764.3,1,12,1,0,1
2026-10-06 16:16:51,23.71,46.7,766.7,1,8,1,0,1
2026-10-06 16:17:21,23.87,46.83,766.9,1,7,1,0,1
2026-10-06 16:17:51,23.83,47.17,771.3,1,6,1,0,1
2026-10-06 16:18:21,23.8,46.63,774.4,1,4,1,0,1
2026-10-06 16:18:51,24.22,46.42,777.9,1,7,1,0,1
2026-10-06 16:19:21,23.85,46.32,780.3,1,9,1,0,1
2026-10-06 16:19:51,23.96,46.7,781.1,1,11,1,0,1
2026-10-06 16:20:21,24.1,46.61,781.5,1,11,1,0,1
2026-10-06 16:20:51,23.95,46.72,782.3,1,12,1,0,1
2026-10-06 16:21:21,23.86,47.26,782.2,1,12,1,0,1
2026-10-06 16:21:51,24.08,47.08,780.1,1,8,1,0,1
2026-10-06 16:22:21,23.88,46.4,781.8,1,10,1,0,1
2026-10-06 16:22:51,23.78,46.52,786.4,1,6,1,0,1
2026-10-06 16:23:21,23.89,46.26,786.6,1,4,1,0,1
2026-10-06 16:23:51,23.78,47.02,789.3,1,3,1,0,1
2026-10-06 16:24:21,23.21,45.72,782.5,0,0,1,0,1
2026-10-06 16:24:51,23.97,46.28,783.8,1,12,1,0,1
2026-10-06 16:25:21,23.79,46.65,786.4,1,9,1,0,1
2026-10-06 16:25:51,23.88,47.03,790.0,1,13,1,0,1
2026-10-06 16:26:21,24.12,46.75,794.5,1,6,1,0,1
2026-10-06 16:26:51,23.83,46.29,798.0,1,7,1,0,1
2026-10-06 16:27:21,24.07,46.81,797.7,1,8,1,0,1
2026-10-06 16:27:51,23.05,45.16,792.9,0,0,1,0,1
2026-10-06 16:28:21,23.71,47.14,796.6,1,6,1,0,1
2026-10-06 16:28:51,23.66,47.11,800.9,1,9,1,0,1
2026-10-06 16:29:21,23.76,46.5,805.1,1,12,1,0,1
2026-10-06 16:29:51,23.71,47.17,810.1,1,12,1,0,1
2026-10-06 16:30:21,23.22,45.0,804.6,0,0,1,0,1
2026-10-06 16:30:51,23.15,45.56,797.7,0,0,1,0,1
2026-10-06 16:31:21,24.16,46.89,796.8,1,11,1,0,1
2026-10-06 16:31:51,23.75,47.22,801.4,1,5,1,0,1
2026-10-06 16:32:21,24.08,46.85,805.5,1,10,1,0,1
2026-10-06 16:32:51,24.04,47.34,802.9,1,7,1,0,1
2026-10-06 16:33:21,23.93,46.6,802.5,1,7,1,0,1
2026-10-06 16:33:51,24.04,47.36,800.3,1,5,1,0,1
2026-10-06 16:34:21,23.75,47.16,803.0,1,7,1,0,1
2026-10-06 16:34:51,24.08,47.02,803.2,1,11,1,0,1
2026-10-06 16:35:21,22.89,45.07,795.5,0,0,1,0,1
2026-10-06 16:35:51,23.11,45.19,788.7,0,0,1,0,1
2026-10-06 16:36:21,23.83,45.94,790.0,1,8,1,0,1
2026-10-06 16:36:51,24.01,46.18,793.8,1,4,1,0,1
2026-10-06 16:37:21,23.81,46.27,795.3,1,10,1,0,1
2026-10-06 16:37:51,23.76,46.72,796.2,1,8,1,0,1
2026-10-06 16:38:21,24.13,46.42,794.4,1,6,1,0,1
2026-10-06 16:38:51,22.94,45.34,789.1,0,0,1,0,1
2026-10-06 16:39:21,23.92,46.17,793.8,1,6,1,0,1
2026-10-06 16:39:51,23.84,46.83,796.2,1,11,1,0,1
2026-10-06 16:40:21,23.87,46.15,793.8,1,12,1,0,1
2026-10-06 16:40:51,23.62,46.76,796.4,1,4,1,0,1
2026-10-06 16:41:21,23.96,46.71,797.3,1,4,1,0,1
2026-10-06 16:41:51,23.85,47.26,799.8,1,9,1,0,1
2026-10-06 16:42:21,23.8,46.92,799.3,1,5,1,0,1
2026-10-06 16:42:51,23.96,46.47,802.7,1,5,1,0,1
2026-10-06 16:43:21,24.12,46.85,805.6,1,12,1,0,1
2026-10-06 16:43:51,23.82,46.59,807.9,1,12,1,0,1
2026-10-06 16:44:21,24.26,46.74,810.2,1,9,1,0,1
2026-10-06 16:44:51,23.87,47.13,808.7,1,10,1,0,1
2026-10-06 16:45:21,23.6,46.73,806.9,1,13,1,0,1
2026-10-06 16:45:51,23.86,46.77,805.4,1,4,1,0,1
2026-10-06 16:46:21,23.86,46.74,804.5,1,13,1,0,1
2026-10-06 16:46:51,24.06,46.74,806.5,1,6,1,0,1
2026-10-06 16:47:21,23.61,46.47,804.7,1,6,1,0,1
2026-10-06 16:47:51,23.57,46.49,805.8,1,7,1,0,1
2026-10-06 16:48:21,22.83,45.15,799.9,0,0,1,0,1
2026-10-06 16:48:51,24.05,46.69,798.8,1,9,1,0,1
2026-10-06 16:49:21,23.05,45.61,789.2,0,0,1,0,1
2026-10-06 16:49:51,23.92,45.9,785.8,1,8,1,0,1
2026-10-06 16:50:21,24.06,46.72,787.3,1,8,1,0,1
2026-10-06 16:50:51,23.94,46.99,790.4,1,10,1,0,1
2026-10-06 16:51:21,23.54,46.85,793.6,1,7,1,0,1
2026-10-06 16:51:51,23.71,46.66,796.0,1,7,1,0,1
2026-10-06 16:52:21,23.82,47.2,798.5,1,7,1,0,1
2026-10-06 16:52:51,23.52,46.73,799.8,1,11,1,0,1
2026-10-06 16:53:21,23.89,46.85,801.9,1,3,1,0,1
2026-10-06 16:53:51,23.53,46.67,803.5,1,11,1,0,1
2026-10-06 16:54:21,23.76,47.02,808.2,1,4,1,0,1
2026-10-06 16:54:51,23.92,47.3,807.1,1,12,1,0,1
2026-10-06 16:55:21,23.89,47.0,808.0,1,11,1,0,1
2026-10-06 16:55:51,23.84,47.12,811.3,1,9,1,0,1
2026-10-06 16:56:21,23.94,46.53,812.5,1,13,1,0,1
2026-10-06 16:56:51,23.82,46.61,816.5,1,10,1,0,1
2026-10-06 16:57:21,23.83,47.15,817.2,1,8,1,0,1
2026-10-06 16:57:51,23.78,46.63,820.4,1,7,1,0,1
2026-10-06 16:58:21,24.03,46.92,819.7,1,7,1,0,1
2026-10-06 16:58:51,23.89,46.54,818.1,1,8,1,0,1
2026-10-06 16:59:21,23.92,47.66,822.1,1,8,1,0,1
2026-10-06 16:59:51,23.23,45.31,817.9,0,0,1,0,1
2026-10-06 17:00:21,22.97,45.51,809.4,0,0,1,0,1
2026-10-06 17:00:51,23.01,44.71,801.1,0,0,1,0,1
2026-10-06 17:01:21,22.91,45.76,794.3,0,0,1,0,1
2026-10-06 17:01:51,23.71,46.75,791.0,1,4,1,0,1
2026-10-06 17:02:21,23.53,46.77,790.5,1,3,1,0,1
2026-10-06 17:02:51,22.89,45.33,784.5,0,0,1,0,1
2026-10-06 17:03:21,23.94,46.55,786.9,1,10,1,0,1
2026-10-06 17:03:51,23.78,47.24,790.6,1,12,1,0,1
2026-10-06 17:04:21,23.58,46.71,793.6,1,9,1,0,1
2026-10-06 17:04:51,23.7,47.44,797.3,1,9,1,0,1
2026-10-06 17:05:21,23.04,45.23,791.9,0,0,1,0,1
2026-10-06 17:05:51,23.62,46.74,791.4,1,5,1,0,1
2026-10-06 17:06:21,23.7,46.86,791.8,1,6,1,0,1
2026-10-06 17:06:51,23.87,46.64,790.2,1,10,1,0,1
2026-10-06 17:07:21,23.84,46.67,792.6,1,12,1,0,1
2026-10-06 17:07:51,23.67,46.49,792.0,1,6,1,0,1
2026-10-06 17:08:21,23.66,46.55,793.5,1,12,1,0,1
2026-10-06 17:08:51,23.76,46.78,793.3,1,8,1,0,1
2026-10-06 17:09:21,24.02,46.93,794.0,1,6,1,0,1
2026-10-06 17:09:51,23.45,46.3,793.0,1,8,1,0,1
2026-10-06 17:10:21,23.8,46.72,790.8,1,6,1,0,1
2026-10-06 17:10:51,23.62,46.8,795.1,1,4,1,0,1
2026-10-06 17:11:21,22.97,45.55,789.0,0,0,1,0,1
2026-10-06 17:11:51,23.92,46.76,789.7,1,7,1,0,1
2026-10-06 17:12:21,22.88,45.33,782.1,0,0,1,0,1
2026-10-06 17:12:51,23.66,46.55,783.5,1,7,1,0,1
2026-10-06 17:13:21,22.85,45.24,776.3,0,1,1,0,1
2026-10-06 17:13:51,23.82,46.66,781.3,1,6,1,0,1
2026-10-06 17:14:21,23.81,47.34,783.7,1,9,1,0,1
2026-10-06 17:14:51,23.73,47.28,787.6,1,10,1,0,1
2026-10-06 17:15:21,23.65,47.78,786.1,1,7,1,0,1
2026-10-06 17:15:51,23.46,47.2,789.4,1,9,1,0,1
2026-10-06 17:16:21,23.71,47.27,792.8,1,6,1,0,1
2026-10-06 17:16:51,23.74,46.83,793.9,1,8,1,0,1
2026-10-06 17:17:21,23.67,47.03,793.9,1,12,1,0,1
2026-10-06 17:17:51,23.58,46.62,794.8,1,11,1,0,1
2026-10-06 17:18:21,23.75,47.25,793.2,1,7,1,0,1
2026-10-06 17:18:51,22.71,45.79,788.8,0,0,1,0,1
2026-10-06 17:19:21,23.41,47.07,786.4,1,7,1,0,1
2026-10-06 17:19:51,24.0,46.74,785.1,1,7,1,0,1
2026-10-06 17:20:21,23.52,47.73,785.5,1,4,1,0,1
2026-10-06 17:20:51,23.71,46.15,787.0,1,13,1,0,1
2026-10-06 17:21:21,23.8,47.08,786.9,1,13,1,0,1
2026-10-06 17:21:51,24.12,47.62,788.7,1,6,1,0,1
2026-10-06 17:22:21,23.72,47.57,788.5,1,11,1,0,1
2026-10-06 17:22:51,22.74,45.4,781.3,0,0,1,0,1
2026-10-06 17:23:21,23.5,47.56,779.5,1,12,1,0,1
2026-10-06 17:23:51,23.59,47.24,782.1,1,13,1,0,1
2026-10-06 17:24:21,23.35,47.25,781.3,1,4,1,0,1
2026-10-06 17:24:51,23.51,46.46,780.5,1,3,1,0,1
2026-10-06 17:25:21,23.57,47.05,779.4,1,12,1,0,1
2026-10-06 17:25:51,23.58,47.19,780.1,1,11,1,0,1
2026-10-06 17:26:21,23.44,46.9,783.0,1,4,1,0,1
2026-10-06 17:26:51,22.66,45.51,778.0,0,0,1,0,1
2026-10-06 17:27:21,23.47,46.82,778.0,1,9,1,0,1
2026-10-06 17:27:51,22.75,45.65,771.9,0,0,1,0,1
2026-10-06 17:28:21,23.68,47.15,773.0,1,8,1,0,1
2026-10-06 17:28:51,23.53,47.22,774.2,1,10,1,0,1
2026-10-06 17:29:21,23.55,47.27,775.1,1,7,1,0,1
2026-10-06 17:29:51,23.62,47.84,774.4,1,4,1,0,1
2026-10-06 17:30:21,23.87,46.9,776.5,1,13,1,0,1
2026-10-06 17:30:51,23.63,46.46,779.0,1,12,1,0,1
2026-10-06 17:31:21,23.89,46.92,782.5,1,7,1,0,1
2026-10-06 17:31:51,23.52,47.37,785.6,1,13,1,0,1
2026-10-06 17:32:21,23.48,46.5,787.7,1,12,1,0,1
2026-10-06 17:32:51,23.81,46.67,792.4,1,6,1,0,1
2026-10-06 17:33:21,23.44,47.7,794.3,1,8,1,0,1
2026-10-06 17:33:51,23.34,47.16,797.8,1,12,1,0,1
2026-10-06 17:34:21,23.44,46.76,803.1,1,8,1,0,1
2026-10-06 17:34:51,23.33,47.13,806.2,1,11,1,0,1
2026-10-06 17:35:21,23.63,46.94,809.6,1,13,1,0,1
2026-10-06 17:35:51,22.79,46.26,803.2,0,0,1,0,1
2026-10-06 17:36:21,23.62,46.8,803.0,1,11,1,0,1
2026-10-06 17:36:51,23.61,47.54,804.4,1,3,1,0,1
2026-10-06 17:37:21,23.54,47.22,809.1,1,10,1,0,1
2026-10-06 17:37:51,22.57,45.54,805.4,0,0,1,0,1
2026-10-06 17:38:21,22.57,46.08,797.5,0,0,1,0,1
2026-10-06 17:38:51,23.59,47.5,800.9,1,13,1,0,1
2026-10-06 17:39:21,23.89,46.12,798.6,1,7,1,0,1
2026-10-06 17:39:51,23.64,46.77,797.4,1,6,1,0,1
2026-10-06 17:40:21,23.18,47.18,800.7,1,10,1,0,1
2026-10-06 17:40:51,23.79,47.72,800.3,1,8,1,0,1
2026-10-06 17:41:21,22.61,46.02,796.3,0,0,1,0,1
2026-10-06 17:41:51,23.3,47.88,795.4,1,11,1,0,1
2026-10-06 17:42:21,23.51,47.43,798.2,1,7,1,0,1
2026-10-06 17:42:51,23.45,47.23,803.4,1,10,1,0,1
2026-10-06 17:43:21,23.51,47.35,803.9,1,5,1,0,1
2026-10-06 17:43:51,22.81,45.46,797.2,0,1,1,0,1
2026-10-06 17:44:21,23.52,47.59,798.6,1,3,1,0,1
2026-10-06 17:44:51,23.67,47.04,801.5,1,11,1,0,1
2026-10-06 17:45:21,23.58,47.92,800.2,1,12,1,0,1
2026-10-06 17:45:51,22.77,45.36,793.8,0,0,1,0,1
2026-10-06 17:46:21,23.0,45.43,788.0,0,0,1,0,1
2026-10-06 17:46:51,23.46,47.5,786.4,1,10,1,0,1
2026-10-06 17:47:21,23.32,46.49,786.0,1,10,1,0,1
2026-10-06 17:47:51,23.22,47.5,788.9,1,13,1,0,1
2026-10-06 17:48:21,23.59,47.64,787.5,1,10,1,0,1
2026-10-06 17:48:51,23.49,47.0,790.7,1,12,1,0,1
2026-10-06 17:49:21,23.38,47.82,791.6,1,10,1,0,1
2026-10-06 17:49:51,23.5,47.25,790.5,1,10,1,0,1
2026-10-06 17:50:21,23.57,46.99,789.8,1,11,1,0,1
2026-10-06 17:50:51,23.21,47.29,2500.0,1,4,1,1,2
2026-10-06 17:51:21,23.4,48.3,1250.0,1,6,1,0,2
2026-10-06 17:51:51,23.34,47.92,1250.0,1,10,1,0,2
2026-10-06 17:52:21,22.69,45.76,1242.0,0,1,1,0,2
2026-10-06 17:52:51,23.45,47.45,1244.1,1,7,1,0,2
2026-10-06 17:53:21,23.59,47.39,1244.2,1,9,1,0,2
2026-10-06 17:53:51,23.8,47.71,1244.5,1,11,1,0,2
2026-10-06 17:54:21,23.22,47.25,1243.3,1,3,1,0,2
2026-10-06 17:54:51,23.44,47.34,1241.2,1,3,1,0,2
2026-10-06 17:55:21,23.08,47.34,1240.5,1,6,1,0,2
2026-10-06 17:55:51,23.51,46.72,1244.9,1,12,1,0,2
2026-10-06 17:56:21,23.31,47.45,1246.0,1,7,1,0,2
2026-10-06 17:56:51,23.41,47.02,1246.2,1,6,1,0,2
2026-10-06 17:57:21,23.2,47.17,1243.8,1,6,1,0,2
2026-10-06 17:57:51,23.54,47.2,1243.1,1,3,1,0,2
2026-10-06 17:58:21,22.61,46.39,1237.0,0,0,1,0,2
2026-10-06 17:58:51,23.13,47.11,1242.0,1,8,1,0,2
2026-10-06 17:59:21,23.27,46.68,1242.1,1,4,1,0,2
2026-10-06 17:59:51,23.49,47.52,1244.3,1,12,1,0,2
2026-10-06 18:00:21,23.57,47.28,1247.4,1,12,1,0,2
2026-10-06 18:00:51,23.29,47.46,1248.6,1,7,1,0,2
2026-10-06 18:01:21,23.43,47.1,1249.0,1,12,1,0,2
2026-10-06 18:01:51,23.66,47.44,1248.6,1,13,1,0,2
2026-10-06 18:02:21,22.63,45.76,1242.9,0,0,1,0,2
2026-10-06 18:02:51,23.34,47.08,1245.6,1,3,1,0,2
2026-10-06 18:03:21,23.29,47.79,1245.1,1,3,1,0,2
2026-10-06 18:03:51,22.71,45.77,1238.9,0,0,1,0,2
2026-10-06 18:04:21,23.39,47.24,1239.4,1,12,1,0,2
2026-10-06 18:04:51,23.09,47.61,1238.0,1,9,1,0,2
2026-10-06 18:05:21,23.2,47.67,1239.0,1,5,1,0,2
2026-10-06 18:05:51,23.33,47.26,1238.8,1,5,1,0,2
2026-10-06 18:06:21,22.67,46.11,1231.7,0,0,1,0,2
2026-10-06 18:06:51,22.7,46.38,1226.8,0,0,1,0,2
2026-10-06 18:07:21,23.28,47.79,1228.0,1,6,1,0,2
2026-10-06 18:07:51,23.24,46.93,1232.9,1,9,1,0,2
2026-10-06 18:08:21,23.46,47.68,1236.7,1,10,1,0,2
2026-10-06 18:08:51,23.1,47.27,1237.3,1,10,1,0,2
2026-10-06 18:09:21,23.45,48.36,1240.5,1,4,1,0,2
2026-10-06 18:09:51,23.35,47.66,1241.6,1,12,1,0,2
2026-10-06 18:10:21,23.2,46.99,1237.0,1,8,1,0,2
2026-10-06 18:10:51,23.25,47.8,1239.1,1,7,1,0,2
2026-10-06 18:11:21,23.26,47.08,1242.0,1,4,1,0,2
2026-10-06 18:11:51,23.25,47.38,1241.7,1,4,1,0,2
2026-10-06 18:12:21,23.28,47.15,1242.2,1,9,1,0,2
2026-10-06 18:12:51,23.29,48.26,1242.5,1,12,1,0,2
2026-10-06 18:13:21,23.46,47.33,1245.7,1,4,1,0,2
2026-10-06 18:13:51,23.34,47.53,1246.5,1,11,1,0,2
2026-10-06 18:14:21,23.18,47.12,1249.9,1,8,1,0,2
2026-10-06 18:14:51,23.37,47.73,1248.4,1,7,1,0,2
2026-10-06 18:15:21,23.0,47.2,1250.0,1,3,1,0,2
2026-10-06 18:15:51,22.35,46.59,1243.3,0,0,1,0,2
2026-10-06 18:16:21,22.34,46.26,1238.9,0,0,1,0,2
2026-10-06 18:16:51,23.48,46.6,1236.3,1,12,1,0,2
2026-10-06 18:17:21,23.44,47.74,1237.3,1,5,1,0,2
2026-10-06 18:17:51,23.33,47.44,1239.2,1,12,1,0,2
2026-10-06 18:18:21,23.15,48.16,1243.8,1,12,1,0,2
2026-10-06 18:18:51,23.39,47.67,1245.3,1,12,1,0,2
2026-10-06 18:19:21,23.23,47.16,1246.5,1,10,1,0,2
2026-10-06 18:19:51,23.28,47.46,1243.7,1,10,1,0,2
2026-10-06 18:20:21,23.18,47.29,1243.6,1,7,1,0,2
2026-10-06 18:20:51,23.16,47.51,1244.9,1,9,1,0,2
2026-10-06 18:21:21,23.31,46.73,1249.6,1,9,1,0,2
2026-10-06 18:21:51,23.32,48.37,1248.9,1,8,1,0,2
2026-10-06 18:22:21,22.84,47.58,1249.0,1,13,1,0,2
2026-10-06 18:22:51,22.34,45.98,1242.1,0,0,1,0,2
2026-10-06 18:23:21,23.48,48.12,1244.0,1,12,1,0,2
2026-10-06 18:23:51,23.22,47.98,1243.7,1,9,1,0,2
2026-10-06 18:24:21,22.47,45.68,1237.5,0,0,1,0,2
2026-10-06 18:24:51,23.13,48.1,1237.2,1,11,1,0,2
2026-10-06 18:25:21,23.0,47.79,1236.6,1,10,1,0,2
2026-10-06 18:25:51,23.11,47.98,1236.2,1,7,1,0,2
2026-10-06 18:26:21,23.06,47.93,1235.3,1,5,1,0,2
2026-10-06 18:26:51,23.03,47.73,1239.3,1,3,1,0,2
2026-10-06 18:27:21,22.71,46.15,1232.8,0,0,1,0,2
2026-10-06 18:27:51,23.17,47.94,1235.4,1,13,1,0,2
2026-10-06 18:28:21,22.79,48.25,1235.3,1,8,1,0,2
2026-10-06 18:28:51,23.2,47.62,1232.5,1,3,1,0,2
2026-10-06 18:29:21,23.24,47.77,1234.1,1,8,1,0,2
2026-10-06 18:29:51,22.91,47.82,1231.8,1,5,1,0,2
2026-10-06 18:30:21,22.26,46.15,1226.0,0,0,1,0,2
2026-10-06 18:30:51,23.14,47.55,1226.6,1,9,1,0,2
2026-10-06 18:31:21,23.3,47.62,1229.1,1,4,1,0,2
2026-10-06 18:31:51,22.46,46.12,1224.0,0,0,1,0,2
2026-10-06 18:32:21,23.15,47.83,1226.0,1,6,1,0,2
2026-10-06 18:32:51,22.46,45.36,1218.0,0,0,1,0,2
2026-10-06 18:33:21,23.2,48.31,1221.4,1,13,1,0,2
2026-10-06 18:33:51,23.09,47.75,1220.4,1,7,1,0,2
2026-10-06 18:34:21,22.17,46.06,1214.2,0,0,1,0,2
2026-10-06 18:34:51,23.06,47.52,1216.6,1,4,1,0,2
2026-10-06 18:35:21,22.98,48.23,1219.1,1,5,1,0,2
2026-10-06 18:35:51,23.14,47.82,1221.8,1,11,1,0,2
2026-10-06 18:36:21,22.59,46.3,1214.1,0,0,1,0,2
2026-10-06 18:36:51,23.11,47.93,1213.0,1,5,1,0,2
2026-10-06 18:37:21,23.18,47.65,1214.6,1,5,1,0,2
2026-10-06 18:37:51,23.02,47.98,1214.3,1,7,1,0,2
2026-10-06 18:38:21,23.05,47.01,1217.5,1,11,1,0,2
2026-10-06 18:38:51,23.14,47.4,1216.6,1,8,1,0,2
2026-10-06 18:39:21,23.03,47.64,1219.7,1,9,1,0,2
2026-10-06 18:39:51,23.09,47.57,1223.7,1,11,1,0,2
2026-10-06 18:40:21,22.29,46.35,1219.7,0,0,1,0,2
2026-10-06 18:40:51,22.14,45.77,1212.4,0,0,1,0,2
2026-10-06 18:41:21,22.44,46.78,1206.6,0,0,1,0,2
2026-10-06 18:41:51,22.9,47.88,1206.1,1,4,1,0,2
2026-10-06 18:42:21,23.12,48.22,1211.6,1,10,1,0,2
2026-10-06 18:42:51,22.89,47.63,1215.3,1,5,1,0,2
2026-10-06 18:43:21,22.04,45.93,1208.8,0,0,1,0,2
2026-10-06 18:43:51,23.37,48.1,1208.3,1,12,1,0,2
2026-10-06 18:44:21,22.94,48.16,1215.3,1,5,1,0,2
2026-10-06 18:44:51,23.05,47.97,1216.8,1,11,1,0,2
2026-10-06 18:45:21,22.73,48.31,1220.1,1,10,1,0,2
2026-10-06 18:45:51,23.2,47.49,1221.1,1,7,1,0,2
2026-10-06 18:46:21,22.77,47.08,1220.6,1,4,1,0,2
2026-10-06 18:46:51,23.08,48.09,1223.5,1,3,1,0,2
2026-10-06 18:47:21,22.15,45.82,1218.2,0,0,1,0,2
2026-10-06 18:47:51,22.19,46.26,1212.9,0,0,1,0,2
2026-10-06 18:48:21,22.78,47.59,1215.7,1,5,1,0,2
2026-10-06 18:48:51,23.07,48.12,1216.2,1,3,1,0,2
2026-10-06 18:49:21,22.55,47.8,1218.6,1,12,1,0,2
2026-10-06 18:49:51,22.96,47.66,1221.2,1,7,1,0,2
2026-10-06 18:50:21,22.41,46.79,1215.3,0,0,1,0,2
2026-10-06 18:50:51,22.12,45.94,1209.2,0,0,1,0,2
2026-10-06 18:51:21,22.99,48.21,1211.5,1,4,1,0,2
2026-10-06 18:51:51,22.18,46.33,1205.1,0,0,1,0,2
2026-10-06 18:52:21,22.9,47.76,1205.8,1,3,1,0,2
2026-10-06 18:52:51,22.18,46.66,1200.6,0,0,1,0,2
2026-10-06 18:53:21,21.87,45.89,1194.2,0,0,1,0,2
2026-10-06 18:53:51,22.11,45.47,1188.5,0,0,1,0,2
2026-10-06 18:54:21,22.9,48.41,1188.3,1,6,1,0,2
2026-10-06 18:54:51,23.14,47.74,1187.7,1,12,1,0,2
2026-10-06 18:55:21,22.92,47.45,1190.0,1,12,1,0,2
2026-10-06 18:55:51,22.91,47.87,1193.1,1,6,1,0,2
2026-10-06 18:56:21,22.55,47.45,1195.2,1,12,1,0,2
2026-10-06 18:56:51,23.18,48.39,1194.6,1,8,1,0,2
2026-10-06 18:57:21,22.92,48.37,1194.1,1,4,1,0,2
2026-10-06 18:57:51,22.76,47.93,1193.9,1,10,1,0,2
2026-10-06 18:58:21,23.11,47.66,1193.4,1,13,1,0,2
2026-10-06 18:58:51,22.21,46.81,1188.1,0,0,1,0,2
2026-10-06 18:59:21,21.88,46.91,1181.9,0,0,1,0,2
2026-10-06 18:59:51,23.12,47.75,1184.0,1,4,1,0,2
2026-10-06 19:00:21,22.86,47.77,1183.4,1,6,1,0,2
2026-10-06 19:00:51,22.96,47.95,1186.1,1,11,1,0,2
2026-10-06 19:01:21,22.84,47.41,1187.9,1,3,1,0,2
2026-10-06 19:01:51,22.26,46.86,1181.7,0,0,1,0,2
2026-10-06 19:02:21,21.86,46.59,1174.6,0,0,1,0,2
2026-10-06 19:02:51,22.74,47.67,1178.1,1,3,1,0,2
2026-10-06 19:03:21,21.9,46.79,1172.7,0,0,1,0,2
2026-10-06 19:03:51,22.59,47.92,1172.2,1,8,1,0,2
2026-10-06 19:04:21,22.93,48.57,1176.7,1,6,1,0,2
2026-10-06 19:04:51,22.03,46.41,1169.5,0,0,1,0,2
2026-10-06 19:05:21,21.93,46.1,1162.9,0,0,1,0,2
2026-10-06 19:05:51,21.96,46.33,1157.9,0,0,1,0,2
2026-10-06 19:06:21,22.16,46.52,1151.9,0,0,1,0,2
2026-10-06 19:06:51,22.85,47.8,1153.0,1,10,1,0,2
2026-10-06 19:07:21,22.14,46.3,1147.2,0,0,1,0,2
2026-10-06 19:07:51,23.08,47.83,1143.8,1,13,1,0,2
2026-10-06 19:08:21,22.0,46.39,1137.3,0,0,1,0,2
2026-10-06 19:08:51,22.57,47.65,1141.5,1,10,1,0,2
2026-10-06 19:09:21,22.15,46.15,1137.5,0,0,1,0,2
2026-10-06 19:09:51,22.28,48.04,1141.6,1,3,1,0,2
2026-10-06 19:10:21,21.9,46.61,1132.8,0,0,1,0,2
2026-10-06 19:10:51,22.87,48.34,1132.1,1,9,1,0,2
2026-10-06 19:11:21,22.04,46.89,1124.9,0,0,1,0,2
2026-10-06 19:11:51,22.76,47.88,1123.1,1,10,1,0,2
2026-10-06 19:12:21,22.09,45.92,1116.8,0,0,1,0,2
2026-10-06 19:12:51,22.09,46.44,1110.3,0,0,1,0,2
2026-10-06 19:13:21,23.27,48.18,1112.2,1,11,1,0,2
2026-10-06 19:13:51,22.03,46.84,1106.7,0,0,1,0,2
2026-10-06 19:14:21,21.86,46.5,1101.9,0,0,1,0,2
2026-10-06 19:14:51,22.11,46.88,1095.1,0,0,1,0,2
2026-10-06 19:15:21,21.62,46.6,1090.6,0,0,1,0,2
2026-10-06 19:15:51,21.87,46.82,1086.0,0,0,1,0,2
2026-10-06 19:16:21,22.71,48.45,1085.9,1,3,1,0,2
2026-10-06 19:16:51,21.75,47.3,1078.7,0,0,1,0,2
2026-10-06 19:17:21,22.55,48.88,1081.3,1,6,1,0,2
2026-10-06 19:17:51,22.17,46.66,1074.0,0,0,1,0,2
2026-10-06 19:18:21,22.58,47.3,1076.9,1,11,1,0,2
2026-10-06 19:18:51,21.76,46.35,1071.0,0,0,1,0,2
2026-10-06 19:19:21,21.83,46.35,1066.3,0,0,1,0,2
2026-10-06 19:19:51,21.74,46.83,1060.1,0,0,1,0,2
2026-10-06 19:20:21,22.17,46.79,1054.6,0,0,1,0,2
2026-10-06 19:20:51,21.78,46.93,1046.9,0,0,1,0,2
2026-10-06 19:21:21,21.91,46.55,1040.3,0,0,1,0,2
2026-10-06 19:21:51,22.17,46.27,1032.5,0,0,1,0,2
2026-10-06 19:22:21,21.9,47.13,1026.7,0,0,1,0,2
2026-10-06 19:22:51,21.78,46.56,1022.0,0,0,1,0,2
2026-10-06 19:23:21,21.8,46.93,1017.2,0,0,1,0,2
2026-10-06 19:23:51,21.73,46.39,1011.2,0,0,1,0,2
2026-10-06 19:24:21,21.77,47.02,1001.5,0,0,1,0,2
2026-10-06 19:24:51,22.39,48.61,1000.7,1,11,1,0,2
2026-10-06 19:25:21,22.03,47.24,994.3,0,0,1,0,2
2026-10-06 19:25:51,22.59,48.18,993.8,1,10,1,0,2
2026-10-06 19:26:21,21.82,46.9,985.3,0,0,1,0,2
2026-10-06 19:26:51,22.78,48.15,2500.0,1,12,1,1,2
2026-10-06 19:27:21,22.65,47.93,1250.0,1,8,1,0,2
2026-10-06 19:27:51,22.67,48.26,1250.0,1,13,1,0,2
2026-10-06 19:28:21,21.97,46.78,1243.7,0,0,1,0,2
2026-10-06 19:28:51,21.76,46.58,1239.0,0,0,1,0,2
2026-10-06 19:29:21,21.83,46.8,1231.8,0,1,1,0,2
2026-10-06 19:29:51,22.6,47.75,1231.2,1,8,1,0,2
2026-10-06 19:30:21,21.82,46.87,1225.4,0,0,1,0,2
2026-10-06 19:30:51,22.36,47.92,1227.9,1,13,1,0,2
2026-10-06 19:31:21,21.8,46.34,1250.0,0,0,1,0,2
2026-10-06 19:31:51,21.77,46.99,1242.7,0,0,1,0,2
2026-10-06 19:32:21,22.01,46.79,1237.9,0,1,1,0,2
2026-10-06 19:32:51,21.61,46.58,1232.1,0,0,1,0,2
2026-10-06 19:33:21,21.88,46.76,1224.2,0,0,1,0,2
2026-10-06 19:33:51,22.54,47.96,1226.5,1,6,1,0,2
2026-10-06 19:34:21,21.52,47.03,1219.2,0,0,1,0,2
2026-10-06 19:34:51,21.51,46.68,1215.0,0,0,1,0,2
2026-10-06 19:35:21,21.8,46.97,1208.4,0,0,1,0,2
2026-10-06 19:35:51,21.67,46.9,1202.9,0,0,1,0,2
2026-10-06 19:36:21,22.68,48.52,1205.1,1,10,1,0,2
2026-10-06 19:36:51,21.57,46.39,1199.9,0,0,1,0,2
2026-10-06 19:37:21,21.83,47.29,1193.2,0,0,1,0,2
2026-10-06 19:37:51,21.9,46.73,1186.1,0,0,1,0,2
2026-10-06 19:38:21,21.46,47.1,1178.8,0,0,1,0,2
2026-10-06 19:38:51,22.55,48.87,1178.5,1,5,1,0,2
2026-10-06 19:39:21,21.67,46.87,1173.0,0,0,1,0,2
2026-10-06 19:39:51,21.93,47.15,1169.4,0,0,1,0,2
2026-10-06 19:40:21,22.1,48.22,1172.2,1,9,1,0,2
2026-10-06 19:40:51,22.59,48.81,1174.8,1,12,1,0,2
2026-10-06 19:41:21,21.58,46.51,1250.0,0,0,1,0,2
2026-10-06 19:41:51,22.38,48.38,1250.0,1,11,1,0,2
2026-10-06 19:42:21,22.4,48.45,1250.0,1,9,1,0,2
2026-10-06 19:42:51,21.67,47.2,1245.6,0,0,1,0,2
2026-10-06 19:43:21,22.76,48.64,1245.6,1,12,1,0,2
2026-10-06 19:43:51,22.3,48.65,1245.0,1,11,1,0,2
2026-10-06 19:44:21,22.27,48.36,1246.1,1,6,1,0,2
2026-10-06 19:44:51,22.65,49.11,1245.7,1,9,1,0,2
2026-10-06 19:45:21,22.18,47.69,1246.6,1,4,1,0,2
2026-10-06 19:45:51,22.32,49.12,1245.8,1,9,1,0,2
2026-10-06 19:46:21,21.49,47.17,1237.1,0,0,1,0,2
2026-10-06 19:46:51,21.73,46.94,1230.9,0,0,1,0,2
2026-10-06 19:47:21,22.38,47.99,1230.8,1,11,1,0,2
2026-10-06 19:47:51,21.49,47.49,1226.2,0,0,1,0,2
2026-10-06 19:48:21,21.68,46.58,1219.7,0,0,1,0,2
2026-10-06 19:48:51,21.68,46.72,1212.4,0,0,1,0,2
2026-10-06 19:49:21,22.36,49.38,1214.7,1,11,1,0,2
2026-10-06 19:49:51,21.25,47.45,1209.2,0,1,1,0,2
2026-10-06 19:50:21,22.28,48.8,1212.7,1,8,1,0,2
2026-10-06 19:50:51,22.23,48.28,1213.3,1,10,1,0,2
2026-10-06 19:51:21,22.27,48.32,1250.0,1,9,1,0,2
2026-10-06 19:51:51,21.37,47.23,1245.1,0,0,1,0,2
2026-10-06 19:52:21,22.39,48.18,1248.0,1,13,1,0,2
2026-10-06 19:52:51,22.28,48.09,1250.0,1,13,1,0,2
2026-10-06 19:53:21,22.39,48.43,1250.0,1,12,1,0,2
2026-10-06 19:53:51,21.65,47.62,1243.5,0,0,1,0,2
2026-10-06 19:54:21,22.63,49.1,1241.3,1,5,1,0,2
2026-10-06 19:54:51,22.55,48.91,1239.0,1,12,1,0,2
2026-10-06 19:55:21,22.21,49.24,1241.3,1,6,1,0,2
2026-10-06 19:55:51,22.51,48.43,1242.4,1,9,1,0,2
2026-10-06 19:56:21,21.75,47.16,1235.8,0,0,1,0,2
2026-10-06 19:56:51,21.49,47.63,1229.0,0,0,1,0,2
2026-10-06 19:57:21,22.07,49.19,1231.6,1,11,1,0,2
2026-10-06 19:57:51,21.37,47.73,1223.4,0,0,1,0,2
2026-10-06 19:58:21,21.43,47.01,1218.9,0,0,1,0,2
2026-10-06 19:58:51,22.33,48.19,1217.9,1,7,1,0,2
2026-10-06 19:59:21,21.5,46.92,1209.4,0,0,1,0,2
2026-10-06 19:59:51,22.37,48.29,1211.7,1,4,1,0,2
2026-10-06 20:00:21,21.89,49.24,1211.9,1,5,1,0,2
2026-10-06 20:00:51,21.4,47.29,1207.8,0,0,1,0,2
2026-10-06 20:01:21,21.32,47.36,1250.0,0,0,1,0,2
2026-10-06 20:01:51,22.12,49.15,1250.0,1,4,1,0,2
2026-10-06 20:02:21,21.61,47.28,1242.9,0,0,1,0,2
2026-10-06 20:02:51,21.89,48.64,1244.5,1,11,1,0,2
2026-10-06 20:03:21,21.22,47.55,1237.3,0,0,1,0,2
2026-10-06 20:03:51,21.4,47.31,1231.2,0,0,1,0,2
2026-10-06 20:04:21,22.27,49.26,1233.9,1,11,1,0,2
2026-10-06 20:04:51,21.62,47.27,1226.1,0,0,1,0,2
2026-10-06 20:05:21,21.44,46.8,1220.2,0,1,1,0,2
2026-10-06 20:05:51,21.38,47.5,1213.3,0,0,1,0,2
2026-10-06 20:06:21,21.36,46.98,1208.1,0,0,1,0,2
2026-10-06 20:06:51,21.43,47.51,1204.9,0,0,1,0,2
2026-10-06 20:07:21,21.25,47.2,1197.8,0,0,1,0,2
2026-10-06 20:07:51,21.2,47.11,1190.3,0,0,1,0,2
2026-10-06 20:08:21,21.29,47.71,1182.4,0,0,1,0,2
2026-10-06 20:08:51,22.16,48.73,1186.1,1,11,1,0,2
2026-10-06 20:09:21,22.4,48.73,1188.6,1,4,1,0,2
2026-10-06 20:09:51,21.37,47.65,1183.8,0,0,1,0,2
2026-10-06 20:10:21,22.26,48.47,1182.9,1,9,1,0,2
2026-10-06 20:10:51,22.21,48.62,1185.6,1,11,1,0,2
2026-10-06 20:11:21,22.22,48.4,1233.5,1,5,1,0,2
2026-10-06 20:11:51,22.05,49.26,1237.1,1,8,1,0,2
2026-10-06 20:12:21,22.19,49.37,1240.4,1,5,1,0,2
2026-10-06 20:12:51,21.28,47.23,1234.4,0,1,1,0,2
2026-10-06 20:13:21,21.22,47.27,1228.5,0,0,1,0,2
2026-10-06 20:13:51,21.21,46.86,1223.7,0,0,1,0,2
2026-10-06 20:14:21,21.18,47.63,1218.8,0,0,1,0,2
2026-10-06 20:14:51,21.39,47.15,1212.8,0,0,1,0,2
2026-10-06 20:15:21,22.1,49.36,1216.6,1,5,1,0,2
2026-10-06 20:15:51,22.14,48.92,1220.6,1,5,1,0,2
2026-10-06 20:16:21,22.1,48.74,1224.5,1,11,1,0,2
2026-10-06 20:16:51,22.13,48.67,1225.3,1,5,1,0,2
2026-10-06 20:17:21,21.27,46.65,1219.5,0,0,1,0,2
2026-10-06 20:17:51,21.11,47.7,1213.8,0,0,1,0,2
2026-10-06 20:18:21,22.02,48.92,1214.5,1,5,1,0,2
2026-10-06 20:18:51,21.35,48.01,1208.8,0,0,1,0,2
2026-10-06 20:19:21,21.96,49.6,1211.0,1,3,1,0,2
2026-10-06 20:19:51,21.21,46.92,1204.9,0,0,1,0,2
2026-10-06 20:20:21,21.26,46.97,1199.7,0,0,1,0,2
2026-10-06 20:20:51,21.86,49.33,1201.4,1,12,1,0,2
2026-10-06 20:21:21,20.9,47.81,1194.4,0,0,1,0,2
2026-10-06 20:21:51,21.22,46.89,1188.8,0,0,1,0,2
2026-10-06 20:22:21,21.3,47.9,1184.1,0,0,1,0,2
2026-10-06 20:22:51,21.02,47.38,1179.6,0,0,1,0,2
2026-10-06 20:23:21,22.27,49.24,1179.0,1,6,1,0,2
2026-10-06 20:23:51,22.05,48.74,1181.9,1,10,1,0,2
2026-10-06 20:24:21,22.01,48.56,1181.7,1,4,1,0,2
2026-10-06 20:24:51,21.88,49.29,1185.4,1,10,1,0,2
2026-10-06 20:25:21,22.08,49.2,1185.1,1,13,1,0,2
2026-10-06 20:25:51,22.01,48.36,1184.5,1,4,1,0,2
2026-10-06 20:26:21,21.22,47.41,1177.4,0,0,1,0,2
2026-10-06 20:26:51,21.97,48.94,1178.9,1,5,1,0,2
2026-10-06 20:27:21,22.12,48.67,1179.3,1,6,1,0,2
2026-10-06 20:27:51,21.87,49.22,1180.7,1,11,1,0,2
2026-10-06 20:28:21,21.86,49.07,1180.8,1,12,1,0,2
2026-10-06 20:28:51,21.93,49.18,1178.7,1,9,1,0,2
2026-10-06 20:29:21,21.13,47.37,1173.3,0,0,1,0,2
2026-10-06 20:29:51,21.91,49.19,1178.4,1,5,1,0,2
2026-10-06 20:30:21,22.05,48.71,1180.5,1,13,1,0,2
2026-10-06 20:30:51,21.3,48.76,1174.0,0,0,1,0,2
2026-10-06 20:31:21,21.18,47.14,1167.3,0,0,1,0,2
2026-10-06 20:31:51,20.73,47.34,1160.5,0,0,1,0,2
2026-10-06 20:32:21,22.05,48.68,1161.0,1,8,1,0,2
2026-10-06 20:32:51,22.07,49.23,1164.7,1,8,1,0,2
2026-10-06 20:33:21,20.88,47.76,1159.1,0,0,1,0,2
2026-10-06 20:33:51,21.17,47.91,1151.8,0,0,1,0,2
2026-10-06 20:34:21,20.68,48.19,1146.6,0,0,1,0,2
2026-10-06 20:34:51,21.05,47.94,1140.1,0,0,1,0,2
2026-10-06 20:35:21,20.88,47.8,1133.3,0,0,1,0,2
2026-10-06 20:35:51,21.67,49.72,1135.9,1,9,1,0,2
2026-10-06 20:36:21,21.86,49.53,1136.6,1,4,1,0,2
2026-10-06 20:36:51,21.04,47.03,1130.0,0,0,1,0,2
2026-10-06 20:37:21,20.99,48.4,1124.6,0,0,1,0,2
2026-10-06 20:37:51,21.13,47.59,1117.6,0,0,1,0,2
2026-10-06 20:38:21,21.07,48.25,1111.2,0,0,1,0,2
2026-10-06 20:38:51,20.97,47.96,1103.7,0,0,1,0,2
2026-10-06 20:39:21,20.97,47.42,1099.0,0,0,1,0,2
2026-10-06 20:39:51,20.98,48.19,1095.1,0,0,1,0,2
2026-10-06 20:40:21,21.94,49.35,1095.3,1,8,1,0,2
2026-10-06 20:40:51,21.72,49.35,1096.8,1,6,1,0,2
2026-10-06 20:41:21,20.95,48.12,1089.6,0,0,1,0,2
2026-10-06 20:41:51,20.68,47.46,1084.2,0,0,1,0,2
2026-10-06 20:42:21,20.79,48.33,1077.6,0,0,1,0,2
2026-10-06 20:42:51,21.09,47.37,1071.3,0,0,1,0,2
2026-10-06 20:43:21,22.05,48.62,1075.7,1,12,1,0,2
2026-10-06 20:43:51,21.6,49.55,1074.9,1,10,1,0,2
2026-10-06 20:44:21,21.63,49.44,1073.9,1,11,1,0,2
2026-10-06 20:44:51,21.06,47.72,1067.6,0,0,1,0,2
2026-10-06 20:45:21,21.74,49.5,1067.0,1,5,1,0,2
2026-10-06 20:45:51,22.02,48.75,1069.0,1,9,1,0,2
2026-10-06 20:46:21,21.87,49.33,1074.4,1,7,1,0,2
2026-10-06 20:46:51,20.96,48.03,1068.7,0,0,1,0,2
2026-10-06 20:47:21,20.97,48.75,1063.5,0,0,1,0,2
2026-10-06 20:47:51,21.76,49.31,1062.0,1,9,1,0,2
2026-10-06 20:48:21,21.39,49.08,1062.9,1,3,1,0,2
2026-10-06 20:48:51,20.86,47.8,1056.2,0,1,1,0,2
2026-10-06 20:49:21,21.59,49.59,1054.9,1,8,1,0,2
2026-10-06 20:49:51,20.88,47.44,1045.0,0,0,1,0,2
2026-10-06 20:50:21,21.59,49.47,1046.6,1,10,1,0,2
2026-10-06 20:50:51,21.81,49.18,1045.5,1,7,1,0,2
2026-10-06 20:51:21,20.78,47.28,1039.4,0,0,1,0,2
2026-10-06 20:51:51,20.92,46.79,1035.3,0,0,1,0,2
2026-10-06 20:52:21,20.69,47.71,1029.9,0,0,1,0,2
2026-10-06 20:52:51,21.9,48.56,1029.8,1,9,1,0,2
2026-10-06 20:53:21,21.53,49.03,1035.3,1,9,1,0,2
2026-10-06 20:53:51,20.72,47.96,1031.3,0,0,1,0,2
2026-10-06 20:54:21,20.7,47.94,1025.5,0,0,1,0,2
2026-10-06 20:54:51,21.56,48.75,1029.7,1,7,1,0,2
2026-10-06 20:55:21,20.66,47.92,1021.4,0,0,1,0,2
2026-10-06 20:55:51,21.66,49.32,1021.3,1,13,1,0,2
2026-10-06 20:56:21,21.82,49.98,1020.0,1,4,1,0,2
2026-10-06 20:56:51,20.58,48.36,1014.5,0,0,1,0,2
2026-10-06 20:57:21,20.79,48.2,1007.2,0,0,1,0,2
2026-10-06 20:57:51,20.81,47.68,999.6,0,0,1,0,2
2026-10-06 20:58:21,20.66,47.72,993.2,0,0,1,0,2
2026-10-06 20:58:51,20.79,48.07,985.6,0,0,1,0,2
2026-10-06 20:59:21,21.67,49.52,986.6,1,9,1,0,2
2026-10-06 20:59:51,20.85,48.19,980.1,0,0,1,0,2
2026-10-06 21:00:21,21.54,48.94,984.9,1,5,1,0,2
2026-10-06 21:00:51,21.8,50.19,983.5,1,7,1,0,2
2026-10-06 21:01:21,21.45,49.8,983.4,1,5,1,0,2
2026-10-06 21:01:51,21.6,49.83,984.8,1,6,1,0,2
2026-10-06 21:02:21,20.75,48.05,978.9,0,0,1,0,2
2026-10-06 21:02:51,20.85,47.11,974.4,0,0,1,0,2
2026-10-06 21:03:21,21.28,49.64,973.1,1,3,1,0,2
2026-10-06 21:03:51,20.65,48.05,966.3,0,0,1,0,2
2026-10-06 21:04:21,20.7,48.2,961.6,0,0,1,0,2
2026-10-06 21:04:51,20.5,48.16,955.4,0,0,1,0,2
2026-10-06 21:05:21,20.9,48.0,950.1,0,0,1,0,2
2026-10-06 21:05:51,20.68,48.11,945.0,0,0,1,0,2
2026-10-06 21:06:21,21.55,49.67,949.1,1,5,1,0,2
2026-10-06 21:06:51,20.45,47.83,942.6,0,0,1,0,2
2026-10-06 21:07:21,20.81,48.41,934.6,0,0,1,0,2
2026-10-06 21:07:51,21.55,49.6,933.2,1,7,1,0,2
2026-10-06 21:08:21,21.25,49.44,936.7,1,5,1,0,2
2026-10-06 21:08:51,21.69,50.02,936.7,1,9,1,0,2
2026-10-06 21:09:21,20.56,47.97,930.2,0,0,1,0,2
2026-10-06 21:09:51,21.63,49.19,934.2,1,5,1,0,2
2026-10-06 21:10:21,21.58,49.54,934.1,1,5,1,0,2
2026-10-06 21:10:51,21.27,49.91,935.0,1,9,1,0,2
2026-10-06 21:11:21,20.72,47.46,927.9,0,0,1,0,2
2026-10-06 21:11:51,20.4,48.57,921.2,0,0,1,0,2
2026-10-06 21:12:21,20.72,47.76,918.4,0,0,1,0,2
2026-10-06 21:12:51,21.33,49.73,921.1,1,10,1,0,2
2026-10-06 21:13:21,21.48,49.73,919.9,1,7,1,0,2
2026-10-06 21:13:51,21.4,49.39,921.9,1,3,1,0,2
2026-10-06 21:14:21,20.38,47.55,913.2,0,0,1,0,2
2026-10-06 21:14:51,20.59,48.44,908.2,0,1,1,0,2
2026-10-06 21:15:21,20.52,47.95,901.9,0,0,1,0,2
2026-10-06 21:15:51,21.5,49.44,904.6,1,6,1,0,2
2026-10-06 21:16:21,21.62,49.52,911.0,1,9,1,0,2
2026-10-06 21:16:51,20.6,48.55,906.4,0,1,1,0,2
2026-10-06 21:17:21,20.74,48.24,902.1,0,0,1,0,2
2026-10-06 21:17:51,20.51,48.41,894.5,0,1,1,0,2
2026-10-06 21:18:21,20.74,47.62,887.6,0,0,1,0,2
2026-10-06 21:18:51,20.45,47.9,881.1,0,0,1,0,2
2026-10-06 21:19:21,20.71,48.1,875.0,0,0,1,0,2
2026-10-06 21:19:51,20.74,48.14,870.7,0,0,1,0,2
2026-10-06 21:20:21,21.43,50.27,871.4,1,3,1,0,2
2026-10-06 21:20:51,21.78,49.52,874.3,1,11,1,0,2
2026-10-06 21:21:21,21.44,50.02,875.3,1,5,1,0,2
2026-10-06 21:21:51,20.88,48.06,870.1,0,0,1,0,2
2026-10-06 21:22:21,21.47,50.25,869.0,1,13,1,0,2
2026-10-06 21:22:51,20.83,48.52,862.4,0,0,1,0,2
2026-10-06 21:23:21,20.6,48.56,855.7,0,0,1,0,2
2026-10-06 21:23:51,20.41,49.2,850.1,0,0,1,0,2
2026-10-06 21:24:21,20.45,48.46,843.6,0,0,1,0,1
2026-10-06 21:24:51,21.28,50.36,847.2,1,12,1,0,1
2026-10-06 21:25:21,21.41,49.6,852.2,1,13,1,0,2
2026-10-06 21:25:51,21.0,49.55,854.7,1,10,1,0,2
2026-10-06 21:26:21,21.2,50.04,857.8,1,3,1,0,2
2026-10-06 21:26:51,20.48,47.67,853.2,0,0,1,0,2
2026-10-06 21:27:21,20.53,48.65,849.3,0,0,1,0,1
2026-10-06 21:27:51,20.4,49.19,842.7,0,0,1,0,1
2026-10-06 21:28:21,20.45,48.28,835.7,0,1,1,0,1
2026-10-06 21:28:51,20.44,48.6,828.4,0,0,1,0,1
2026-10-06 21:29:21,20.92,49.73,830.6,1,9,1,0,1
2026-10-06 21:29:51,20.4,49.0,823.9,0,0,1,0,1
2026-10-06 21:30:21,20.79,48.45,815.9,0,0,1,0,1
2026-10-06 21:30:51,21.37,49.66,813.6,1,9,1,0,1
2026-10-06 21:31:21,20.28,47.9,806.9,0,0,1,0,1
2026-10-06 21:31:51,21.35,49.75,812.3,1,13,1,0,1
2026-10-06 21:32:21,21.16,50.39,816.3,1,6,1,0,1
2026-10-06 21:32:51,21.35,49.97,818.1,1,10,1,0,1
2026-10-06 21:33:21,21.19,49.3,817.4,1,3,1,0,1
2026-10-06 21:33:51,20.39,47.94,810.1,0,0,1,0,1
2026-10-06 21:34:21,21.26,50.09,810.6,1,13,1,0,1
2026-10-06 21:34:51,20.6,48.2,804.2,0,0,1,0,1
2026-10-06 21:35:21,20.46,48.56,798.5,0,0,1,0,1
2026-10-06 21:35:51,21.22,50.17,801.1,1,9,1,0,1
2026-10-06 21:36:21,20.95,49.93,801.5,1,5,1,0,1
2026-10-06 21:36:51,21.09,49.45,802.8,1,6,1,0,1
2026-10-06 21:37:21,21.44,50.2,802.7,1,9,1,0,1
2026-10-06 21:37:51,20.59,48.57,796.3,0,0,1,0,1
2026-10-06 21:38:21,21.17,49.65,799.9,1,6,1,0,1
2026-10-06 21:38:51,21.12,50.11,798.2,1,4,1,0,1
2026-10-06 21:39:21,20.22,48.37,791.3,0,0,1,0,1
2026-10-06 21:39:51,20.37,48.78,783.0,0,0,1,0,1
2026-10-06 21:40:21,21.27,49.85,781.4,1,11,1,0,1
2026-10-06 21:40:51,20.48,48.24,774.5,0,0,1,0,1
2026-10-06 21:41:21,21.18,50.17,775.2,1,8,1,0,1
2026-10-06 21:41:51,20.69,49.42,769.0,0,0,1,0,1
2026-10-06 21:42:21,21.34,49.81,769.9,1,10,1,0,1
2026-10-06 21:42:51,21.01,49.67,767.7,1,4,1,0,1
2026-10-06 21:43:21,20.11,48.56,761.3,0,0,1,0,1
2026-10-06 21:43:51,21.15,50.41,763.2,1,7,1,0,1
2026-10-06 21:44:21,20.52,49.42,755.8,0,0,1,0,1
2026-10-06 21:44:51,20.23,48.53,749.3,0,0,1,0,1
2026-10-06 21:45:21,21.06,50.68,754.4,1,5,1,0,1
2026-10-06 21:45:51,20.27,48.2,747.1,0,0,1,0,1
2026-10-06 21:46:21,21.07,50.36,750.4,1,8,1,0,1
2026-10-06 21:46:51,20.25,48.96,744.5,0,0,1,0,1
2026-10-06 21:47:21,20.26,48.02,738.8,0,0,1,0,1
2026-10-06 21:47:51,21.02,50.25,741.8,1,10,1,0,1
2026-10-06 21:48:21,21.0,49.85,742.5,1,10,1,0,1
2026-10-06 21:48:51,21.24,49.46,743.1,1,10,1,0,1
2026-10-06 21:49:21,21.0,49.62,743.9,1,12,1,0,1
2026-10-06 21:49:51,20.18,48.32,735.1,0,0,1,0,1
2026-10-06 21:50:21,20.44,48.54,729.7,0,0,1,0,1
2026-10-06 21:50:51,20.94,50.58,732.5,1,3,1,0,1
2026-10-06 21:51:21,20.12,48.41,724.4,0,1,1,0,1
2026-10-06 21:51:51,20.16,48.49,717.1,0,0,1,0,1
2026-10-06 21:52:21,20.2,49.03,709.5,0,0,1,0,1
2026-10-06 21:52:51,20.11,48.52,703.9,0,0,1,0,1
2026-10-06 21:53:21,20.99,50.93,705.6,1,9,1,0,1
2026-10-06 21:53:51,20.28,48.69,698.5,0,0,1,0,1
2026-10-06 21:54:21,20.17,48.69,693.0,0,0,1,0,1
2026-10-06 21:54:51,20.49,48.32,686.4,0,0,1,0,1
2026-10-06 21:55:21,19.99,48.63,679.9,0,0,1,0,1
2026-10-06 21:55:51,20.1,48.53,674.7,0,0,1,0,1
2026-10-06 21:56:21,21.14,50.02,675.3,1,6,1,0,1
2026-10-06 21:56:51,20.37,48.38,669.6,0,0,1,0,1
2026-10-06 21:57:21,20.83,50.31,670.7,1,12,1,0,1
2026-10-06 21:57:51,21.15,50.83,668.3,1,4,1,0,1
2026-10-06 21:58:21,20.89,49.7,672.0,1,13,1,0,1
2026-10-06 21:58:51,19.88,49.11,665.5,0,0,1,0,1
2026-10-06 21:59:21,19.79,48.29,656.9,0,1,1,0,1
2026-10-06 21:59:51,20.25,48.64,650.9,0,0,1,0,1
2026-10-06 22:00:21,20.08,48.51,643.9,0,0,1,0,1
2026-10-06 22:00:51,19.95,48.76,636.7,0,0,1,0,1
2026-10-06 22:01:21,20.96,50.48,640.3,1,9,1,0,1
2026-10-06 22:01:51,20.26,49.16,634.6,0,0,1,0,1
2026-10-06 22:02:21,20.1,48.86,628.4,0,0,1,0,1
2026-10-06 22:02:51,20.0,49.05,620.4,0,0,1,0,1
2026-10-06 22:03:21,21.0,50.66,622.6,1,11,1,0,1
2026-10-06 22:03:51,20.8,50.59,623.3,1,11,1,0,1
2026-10-06 22:04:21,20.12,48.76,617.5,0,0,1,0,1
2026-10-06 22:04:51,20.15,48.84,612.6,0,1,1,0,1
2026-10-06 22:05:21,19.94,48.53,607.1,0,0,1,0,1
2026-10-06 22:05:51,20.11,48.14,599.1,0,0,1,0,1
2026-10-06 22:06:21,20.06,48.62,592.3,0,0,1,0,1
2026-10-06 22:06:51,20.08,48.65,586.2,0,0,1,0,1
2026-10-06 22:07:21,19.83,48.84,579.3,0,0,1,0,1
2026-10-06 22:07:51,20.01,49.17,574.2,0,0,1,0,1
2026-10-06 22:08:21,21.05,50.37,574.4,1,10,1,0,1
2026-10-06 22:08:51,20.91,50.13,576.5,1,7,1,0,1
2026-10-06 22:09:21,20.01,48.8,570.3,0,0,1,0,1
2026-10-06 22:09:51,20.87,49.57,568.4,1,11,1,0,1
2026-10-06 22:10:21,20.24,48.45,563.6,0,1,1,0,1
2026-10-06 22:10:51,19.78,49.11,556.7,0,1,1,0,1
2026-10-06 22:11:21,20.12,49.48,551.9,0,0,1,0,1
2026-10-06 22:11:51,20.23,49.84,546.6,0,0,1,0,1
2026-10-06 22:12:21,20.57,50.65,547.5,1,12,1,0,1
2026-10-06 22:12:51,20.91,51.45,547.3,1,8,1,0,1
2026-10-06 22:13:21,20.53,49.85,550.3,1,13,1,0,1
2026-10-06 22:13:51,19.88,49.23,543.4,0,0,1,0,1
2026-10-06 22:14:21,20.15,48.94,536.6,0,0,1,0,1
2026-10-06 22:14:51,20.92,50.05,538.7,1,12,1,0,1
2026-10-06 22:15:21,19.95,49.21,531.2,0,0,1,0,1
2026-10-06 22:15:51,20.16,49.56,523.5,0,0,1,0,1
2026-10-06 22:16:21,20.74,50.12,525.1,1,8,1,0,1
2026-10-06 22:16:51,19.79,49.34,518.3,0,0,1,0,1
2026-10-06 22:17:21,20.04,49.06,510.8,0,0,1,0,1
2026-10-06 22:17:51,21.01,50.17,515.8,1,6,1,0,1
2026-10-06 22:18:21,20.11,49.59,510.1,0,0,1,0,1
2026-10-06 22:18:51,20.81,50.57,512.0,1,11,1,0,1
2026-10-06 22:19:21,20.19,49.82,506.6,0,0,1,0,1
2026-10-06 22:19:51,19.94,48.56,501.6,0,0,1,0,1
2026-10-06 22:20:21,20.76,50.84,500.9,1,10,1,0,1
2026-10-06 22:20:51,20.1,49.46,496.0,0,0,1,0,0
2026-10-06 22:21:21,20.89,50.62,500.4,1,12,1,0,1
2026-10-06 22:21:51,19.81,48.86,492.9,0,0,1,0,0
2026-10-06 22:22:21,19.95,49.0,485.5,0,0,1,0,0
2026-10-06 22:22:51,19.93,47.49,478.5,0,0,1,0,0
2026-10-06 22:23:21,20.76,50.35,482.9,1,4,1,0,0
2026-10-06 22:23:51,20.01,49.5,476.5,0,1,1,0,0
2026-10-06 22:24:21,19.81,49.04,471.4,0,0,1,0,0
2026-10-06 22:24:51,19.56,48.94,464.0,0,0,1,0,0
2026-10-06 22:25:21,19.91,49.43,456.5,0,0,1,0,0
2026-10-06 22:25:51,21.6,50.4,460.0,1,6,0,0,0
2026-10-06 22:26:21,21.66,50.11,462.7,1,9,0,0,0
2026-10-06 22:26:51,21.93,51.48,465.7,1,4,0,0,0
2026-10-06 22:27:21,21.05,49.24,464.1,0,0,0,0,0
2026-10-06 22:27:51,22.15,50.65,468.5,1,10,0,0,0
2026-10-06 22:28:21,21.75,50.28,474.2,1,4,0,0,0
2026-10-06 22:28:51,21.93,50.89,480.0,1,5,0,0,0
2026-10-06 22:29:21,21.22,49.25,478.0,0,0,0,0,0
2026-10-06 22:29:51,21.77,50.45,482.5,1,7,0,0,0
2026-10-06 22:30:21,21.73,50.78,487.6,1,5,0,0,0
2026-10-06 22:30:51,20.93,49.41,484.1,0,0,0,0,0
2026-10-06 22:31:21,21.76,50.37,491.4,1,8,0,0,0
2026-10-06 22:31:51,21.07,50.09,489.2,0,0,0,0,0
2026-10-06 22:32:21,21.13,49.52,487.1,0,0,0,0,0
2026-10-06 22:32:51,21.07,49.59,484.9,0,0,0,0,0
2026-10-06 22:33:21,21.33,49.01,482.5,0,0,0,0,0
2026-10-06 22:33:51,20.94,49.48,480.8,0,0,0,0,0
2026-10-06 22:34:21,21.69,51.66,485.1,1,4,0,0,0
2026-10-06 22:34:51,21.68,50.28,492.2,1,9,0,0,0
2026-10-06 22:35:21,21.29,49.26,490.7,0,0,0,0,0
2026-10-06 22:35:51,21.08,48.73,487.8,0,0,0,0,0
2026-10-06 22:36:21,21.81,50.77,493.0,1,10,0,0,0
2026-10-06 22:36:51,21.01,49.33,493.2,0,0,0,0,0
2026-10-06 22:37:21,21.92,50.91,502.3,1,3,0,0,1
2026-10-06 22:37:51,21.7,50.05,508.8,1,7,0,0,1
2026-10-06 22:38:21,20.92,49.44,508.6,0,0,0,0,1
2026-10-06 22:38:51,21.58,51.22,514.9,1,13,0,0,1
2026-10-06 22:39:21,21.12,49.09,513.0,0,0,0,0,1
2026-10-06 22:39:51,21.59,51.06,521.4,1,6,0,0,1
2026-10-06 22:40:21,21.91,50.73,531.0,1,3,0,0,1
2026-10-06 22:40:51,21.71,51.02,536.9,1,8,0,0,1
2026-10-06 22:41:21,20.73,49.0,535.4,0,0,0,0,1
2026-10-06 22:41:51,20.83,49.54,534.4,0,0,0,0,1
2026-10-06 22:42:21,20.74,49.81,532.2,0,0,0,0,1
2026-10-06 22:42:51,21.44,48.66,528.8,0,0,0,0,1
2026-10-06 22:43:21,20.66,49.35,524.6,0,0,0,0,1
2026-10-06 22:43:51,21.17,48.88,523.8,0,0,0,0,1
2026-10-06 22:44:21,21.76,51.28,529.9,1,3,0,0,1
2026-10-06 22:44:51,21.45,50.75,539.8,1,12,0,0,1
2026-10-06 22:45:21,21.54,50.8,543.6,1,12,0,0,1
2026-10-06 22:45:51,21.83,50.78,548.5,1,8,0,0,1
2026-10-06 22:46:21,21.63,50.71,553.2,1,4,0,0,1
2026-10-06 22:46:51,21.9,50.34,561.2,1,4,0,0,1
2026-10-06 22:47:21,20.98,48.96,557.8,0,0,0,0,1
2026-10-06 22:47:51,21.68,50.77,561.7,1,10,0,0,1
2026-10-06 22:48:21,21.73,51.21,568.0,1,12,0,0,1
2026-10-06 22:48:51,21.8,50.66,571.2,1,4,0,0,1
2026-10-06 22:49:21,20.81,48.6,569.3,0,0,0,0,1
2026-10-06 22:49:51,21.58,50.34,576.7,1,7,0,0,1
2026-10-06 22:50:21,21.07,49.69,572.3,0,0,0,0,1
2026-10-06 22:50:51,20.79,49.13,569.7,0,1,0,0,1
2026-10-06 22:51:21,21.74,50.6,576.2,1,3,0,0,1
2026-10-06 22:51:51,20.63,49.34,573.7,0,0,0,0,1
2026-10-06 22:52:21,20.81,49.52,571.5,0,1,0,0,1
2026-10-06 22:52:51,20.76,49.33,568.4,0,0,0,0,1
2026-10-06 22:53:21,21.6,50.48,574.1,1,11,0,0,1
2026-10-06 22:53:51,20.81,49.63,573.7,0,0,0,0,1
2026-10-06 22:54:21,20.71,49.37,574.6,0,0,0,0,1
2026-10-06 22:54:51,20.92,49.88,572.6,0,0,0,0,1
2026-10-06 22:55:21,21.63,51.0,579.6,1,5,0,0,1
2026-10-06 22:55:51,20.73,49.57,576.9,0,1,0,0,1
2026-10-06 22:56:21,21.11,49.47,575.1,0,0,0,0,1
2026-10-06 22:56:51,20.61,49.63,574.6,0,0,0,0,1
2026-10-06 22:57:21,20.63,49.89,571.0,0,0,0,0,1
2026-10-06 22:57:51,20.81,49.62,568.6,0,0,0,0,1
2026-10-06 22:58:21,21.58,51.38,572.8,1,4,0,0,1
2026-10-06 22:58:51,20.99,49.6,570.2,0,0,0,0,1
2026-10-06 22:59:21,20.53,49.58,567.2,0,0,0,0,1
2026-10-06 22:59:51,20.67,49.56,565.2,0,0,0,0,1
2026-10-06 23:00:21,21.58,50.51,568.3,1,13,0,0,1
2026-10-06 23:00:51,20.51,49.27,568.2,0,0,0,0,1
2026-10-06 23:01:21,20.88,49.56,567.2,0,0,0,0,1
2026-10-06 23:01:51,20.65,49.84,565.2,0,0,0,0,1
2026-10-06 23:02:21,20.68,50.39,561.7,0,0,0,0,1
2026-10-06 23:02:51,20.53,50.0,559.9,0,0,0,0,1
2026-10-06 23:03:21,20.84,49.6,558.9,0,0,0,0,1
2026-10-06 23:03:51,21.38,51.18,563.5,1,5,0,0,1
2026-10-06 23:04:21,21.0,49.58,560.0,0,0,0,0,1
2026-10-06 23:04:51,21.47,51.02,566.0,1,5,0,0,1
2026-10-06 23:05:21,20.25,49.22,564.8,0,0,0,0,1
2026-10-06 23:05:51,20.81,49.69,560.9,0,0,0,0,1
2026-10-06 23:06:21,20.69,49.04,560.1,0,0,0,0,1
2026-10-06 23:06:51,20.39,48.97,559.9,0,0,0,0,1
2026-10-06 23:07:21,20.93,48.83,559.3,0,0,0,0,1
2026-10-06 23:07:51,20.67,49.25,556.3,0,0,0,0,1
2026-10-06 23:08:21,20.85,49.48,556.4,0,0,0,0,1
2026-10-06 23:08:51,20.46,49.6,554.3,0,1,0,0,1
2026-10-06 23:09:21,20.67,48.97,552.7,0,0,0,0,1
2026-10-06 23:09:51,20.48,49.41,551.2,0,0,0,0,1
2026-10-06 23:10:21,20.7,49.19,548.7,0,1,0,0,1
2026-10-06 23:10:51,20.58,49.37,549.1,0,0,0,0,1
2026-10-06 23:11:21,21.58,50.36,556.7,1,7,0,0,1
2026-10-06 23:11:51,20.88,49.42,555.9,0,0,0,0,1
2026-10-06 23:12:21,20.46,49.74,554.3,0,0,0,0,1
2026-10-06 23:12:51,20.76,49.63,553.3,0,0,0,0,1
2026-10-06 23:13:21,20.56,49.1,553.3,0,0,0,0,1
2026-10-06 23:13:51,20.63,49.18,551.3,0,0,0,0,1
2026-10-06 23:14:21,20.53,49.99,548.6,0,0,0,0,1
2026-10-06 23:14:51,20.59,49.48,547.3,0,0,0,0,1
2026-10-06 23:15:21,20.44,49.95,546.4,0,1,0,0,1
2026-10-06 23:15:51,20.59,50.01,543.9,0,0,0,0,1
2026-10-06 23:16:21,20.54,49.92,543.8,0,0,0,0,1
2026-10-06 23:16:51,20.78,48.88,541.0,0,0,0,0,1
2026-10-06 23:17:21,20.63,49.43,537.5,0,0,0,0,1
2026-10-06 23:17:51,20.47,49.99,534.3,0,1,0,0,1
2026-10-06 23:18:21,20.54,49.4,532.7,0,0,0,0,1
2026-10-06 23:18:51,20.39,49.99,531.0,0,0,0,0,1
2026-10-06 23:19:21,20.47,49.66,529.6,0,0,0,0,1
2026-10-06 23:19:51,20.67,49.63,526.0,0,0,0,0,1
2026-10-06 23:20:21,20.8,49.74,524.5,0,1,0,0,1
2026-10-06 23:20:51,20.71,50.28,522.8,0,0,0,0,1
2026-10-06 23:21:21,20.66,50.13,521.3,0,0,0,0,1
2026-10-06 23:21:51,21.29,51.53,524.5,1,7,0,0,1
2026-10-06 23:22:21,20.6,50.27,524.1,0,0,0,0,1
2026-10-06 23:22:51,20.33,49.63,521.5,0,0,0,0,1
2026-10-06 23:23:21,20.26,50.35,519.4,0,0,0,0,1
2026-10-06 23:23:51,20.42,50.31,520.0,0,1,0,0,1
2026-10-06 23:24:21,20.56,49.76,518.9,0,1,0,0,1
2026-10-06 23:24:51,20.46,49.73,516.0,0,0,0,0,1
2026-10-06 23:25:21,20.66,49.92,514.5,0,0,0,0,1
2026-10-06 23:25:51,20.44,49.99,513.8,0,0,0,0,1
2026-10-06 23:26:21,20.65,50.32,510.0,0,0,0,0,1
2026-10-06 23:26:51,20.6,50.29,510.0,0,0,0,0,1
2026-10-06 23:27:21,20.48,49.37,506.9,0,0,0,0,1
2026-10-06 23:27:51,20.58,49.74,506.3,0,0,0,0,1
2026-10-06 23:28:21,20.38,49.52,504.7,0,0,0,0,1
2026-10-06 23:28:51,20.35,49.43,503.6,0,0,0,0,1
2026-10-06 23:29:21,20.46,50.43,501.6,0,0,0,0,1
2026-10-06 23:29:51,20.23,49.2,498.3,0,0,0,0,0
2026-10-06 23:30:21,20.48,49.68,495.6,0,0,0,0,0
2026-10-06 23:30:51,20.39,49.54,493.8,0,0,0,0,0
2026-10-06 23:31:21,20.55,50.02,492.7,0,0,0,0,0
2026-10-06 23:31:51,20.81,50.27,491.0,0,0,0,0,0
2026-10-06 23:32:21,20.45,49.67,489.3,0,0,0,0,0
2026-10-06 23:32:51,20.4,49.64,490.1,0,0,0,0,0
2026-10-06 23:33:21,20.58,49.37,486.8,0,0,0,0,0
2026-10-06 23:33:51,20.45,49.37,484.2,0,0,0,0,0
2026-10-06 23:34:21,20.64,49.79,482.0,0,0,0,0,0
2026-10-06 23:34:51,20.52,48.94,480.7,0,0,0,0,0
2026-10-06 23:35:21,20.14,49.65,479.1,0,0,0,0,0
2026-10-06 23:35:51,20.68,49.4,477.1,0,0,0,0,0
2026-10-06 23:36:21,20.19,49.47,475.4,0,0,0,0,0
2026-10-06 23:36:51,20.42,50.21,474.0,0,0,0,0,0
2026-10-06 23:37:21,20.34,49.55,473.6,0,0,0,0,0
2026-10-06 23:37:51,20.49,49.98,470.5,0,0,0,0,0
2026-10-06 23:38:21,20.74,50.27,469.4,0,0,0,0,0
2026-10-06 23:38:51,20.36,50.4,467.8,0,0,0,0,0
2026-10-06 23:39:21,20.47,49.9,465.2,0,0,0,0,0
2026-10-06 23:39:51,20.42,50.15,463.0,0,0,0,0,0
2026-10-06 23:40:21,20.26,49.92,461.2,0,0,0,0,0
2026-10-06 23:40:51,20.32,49.66,459.8,0,0,0,0,0
2026-10-06 23:41:21,20.25,50.06,457.8,0,0,0,0,0
2026-10-06 23:41:51,20.37,49.8,457.4,0,0,0,0,0
2026-10-06 23:42:21,20.32,49.54,455.4,0,1,0,0,0
2026-10-06 23:42:51,20.36,50.59,454.2,0,1,0,0,0
2026-10-06 23:43:21,20.59,50.19,451.8,0,0,0,0,0
2026-10-06 23:43:51,20.31,50.71,451.6,0,0,0,0,0
2026-10-06 23:44:21,21.43,51.36,458.1,1,12,0,0,0
2026-10-06 23:44:51,20.22,50.05,456.8,0,0,0,0,0
2026-10-06 23:45:21,19.96,50.06,455.6,0,1,0,0,0
2026-10-06 23:45:51,20.33,49.88,452.5,0,0,0,0,0
2026-10-06 23:46:21,20.48,50.08,449.6,0,0,0,0,0
2026-10-06 23:46:51,20.33,50.04,448.2,0,0,0,0,0
2026-10-06 23:47:21,20.47,50.37,446.5,0,0,0,0,0
2026-10-06 23:47:51,20.3,49.71,445.7,0,0,0,0,0
2026-10-06 23:48:21,20.39,50.07,444.3,0,0,0,0,0
2026-10-06 23:48:51,20.38,49.88,445.1,0,0,0,0,0
2026-10-06 23:49:21,20.59,49.89,443.5,0,0,0,0,0
2026-10-06 23:49:51,20.34,50.23,440.9,0,0,0,0,0
2026-10-06 23:50:21,20.21,50.12,439.7,0,0,0,0,0
2026-10-06 23:50:51,20.39,50.25,438.6,0,0,0,0,0
2026-10-06 23:51:21,20.51,49.58,434.4,0,0,0,0,0
2026-10-06 23:51:51,20.47,49.28,431.3,0,0,0,0,0
2026-10-06 23:52:21,20.28,50.7,429.4,0,0,0,0,0
2026-10-06 23:52:51,20.34,50.15,426.5,0,0,0,0,0
2026-10-06 23:53:21,19.99,50.1,425.4,0,0,0,0,0
2026-10-06 23:53:51,20.33,50.05,421.7,0,1,0,0,0
2026-10-06 23:54:21,20.32,50.23,421.1,0,1,0,0,0
2026-10-06 23:54:51,20.09,49.6,419.1,0,0,0,0,0
2026-10-06 23:55:21,20.43,50.32,419.0,0,0,0,0,0
2026-10-06 23:55:51,20.17,50.22,417.4,0,0,0,0,0
2026-10-06 23:56:21,21.01,51.98,424.5,1,12,0,0,0
2026-10-06 23:56:51,20.14,50.19,420.2,0,0,0,0,0
2026-10-06 23:57:21,20.37,49.53,417.3,0,1,0,0,0
2026-10-06 23:57:51,20.25,49.52,415.4,0,0,0,0,0
2026-10-06 23:58:21,20.32,49.22,412.6,0,0,0,0,0
2026-10-06 23:58:51,20.21,49.86,410.3,0,0,0,0,0
2026-10-06 23:59:21,20.25,50.11,408.4,0,0,0,0,0
2026-10-06 23:59:51,20.51,50.07,411.1,0,0,0,0,0
2026-10-07 00:00:21,20.42,49.91,409.2,0,1,0,0,0
2026-10-07 00:00:51,19.97,49.75,410.1,0,0,0,0,0
2026-10-07 00:01:21,20.31,50.03,407.3,0,0,0,0,0
2026-10-07 00:01:51,20.12,50.26,408.1,0,0,0,0,0
2026-10-07 00:02:21,21.0,52.75,412.8,1,9,0,0,0
2026-10-07 00:02:51,20.24,50.47,411.6,0,0,0,0,0
2026-10-07 00:03:21,20.18,50.38,407.9,0,0,0,0,0
2026-10-07 00:03:51,20.3,49.84,407.0,0,0,0,0,0
2026-10-07 00:04:21,20.39,49.7,406.9,0,0,0,0,0
2026-10-07 00:04:51,20.39,49.82,408.8,0,0,0,0,0
2026-10-07 00:05:21,20.09,49.47,408.8,0,0,0,0,0
2026-10-07 00:05:51,20.29,50.12,408.3,0,0,0,0,0
2026-10-07 00:06:21,20.42,49.58,408.0,0,0,0,0,0
2026-10-07 00:06:51,20.01,49.21,407.8,0,1,0,0,0
2026-10-07 00:07:21,19.91,49.71,406.2,0,0,0,0,0
2026-10-07 00:07:51,20.21,50.46,406.4,0,0,0,0,0
2026-10-07 00:08:21,20.22,50.3,407.2,0,0,0,0,0
2026-10-07 00:08:51,19.9,50.77,406.0,0,0,0,0,0
2026-10-07 00:09:21,20.45,50.51,406.0,0,0,0,0,0
2026-10-07 00:09:51,20.23,50.71,405.0,0,0,0,0,0
2026-10-07 00:10:21,20.23,49.91,407.3,0,0,0,0,0
2026-10-07 00:10:51,20.21,50.04,406.4,0,0,0,0,0
2026-10-07 00:11:21,20.17,50.78,403.8,0,0,0,0,0
2026-10-07 00:11:51,20.07,50.41,403.0,0,0,0,0,0
2026-10-07 00:12:21,20.42,49.87,403.6,0,0,0,0,0
2026-10-07 00:12:51,20.18,50.52,403.2,0,1,0,0,0
2026-10-07 00:13:21,20.2,50.05,403.2,0,0,0,0,0
2026-10-07 00:13:51,20.13,50.87,402.8,0,0,0,0,0
2026-10-07 00:14:21,20.15,50.63,402.2,0,0,0,0,0
2026-10-07 00:14:51,20.01,50.15,399.6,0,0,0,0,0
2026-10-07 00:15:21,20.05,49.83,400.7,0,0,0,0,0
2026-10-07 00:15:51,19.95,49.82,400.6,0,0,0,0,0
2026-10-07 00:16:21,20.03,49.74,401.5,0,1,0,0,0
2026-10-07 00:16:51,20.12,49.78,399.2,0,0,0,0,0
2026-10-07 00:17:21,19.96,50.36,400.6,0,0,0,0,0
2026-10-07 00:17:51,20.2,50.0,400.4,0,0,0,0,0
2026-10-07 00:18:21,19.99,49.86,401.0,0,0,0,0,0
2026-10-07 00:18:51,19.87,49.91,402.1,0,0,0,0,0
2026-10-07 00:19:21,20.15,50.03,400.8,0,0,0,0,0
2026-10-07 00:19:51,20.33,50.13,402.0,0,0,0,0,0
2026-10-07 00:20:21,19.9,49.95,402.2,0,0,0,0,0
2026-10-07 00:20:51,20.41,49.85,399.8,0,0,0,0,0
2026-10-07 00:21:21,19.95,50.12,397.6,0,0,0,0,0
2026-10-07 00:21:51,19.92,49.72,396.5,0,0,0,0,0
2026-10-07 00:22:21,20.32,50.57,398.5,0,0,0,0,0
2026-10-07 00:22:51,19.99,50.26,399.7,0,0,0,0,0
2026-10-07 00:23:21,20.26,50.39,398.8,0,0,0,0,0
2026-10-07 00:23:51,20.11,50.68,400.2,0,0,0,0,0
2026-10-07 00:24:21,19.96,50.29,397.5,0,0,0,0,0
2026-10-07 00:24:51,20.01,50.34,398.0,0,0,0,0,0
2026-10-07 00:25:21,20.15,50.55,397.3,0,0,0,0,0
2026-10-07 00:25:51,19.95,50.2,395.9,0,0,0,0,0
2026-10-07 00:26:21,20.17,49.73,396.7,0,0,0,0,0
2026-10-07 00:26:51,19.91,50.0,396.8,0,1,0,0,0
2026-10-07 00:27:21,20.21,50.46,396.1,0,0,0,0,0
2026-10-07 00:27:51,20.1,49.92,394.9,0,0,0,0,0
2026-10-07 00:28:21,19.98,50.36,394.6,0,0,0,0,0
2026-10-07 00:28:51,20.21,50.46,395.4,0,1,0,0,0
2026-10-07 00:29:21,20.08,50.59,396.6,0,0,0,0,0
2026-10-07 00:29:51,19.83,50.09,396.4,0,0,0,0,0
2026-10-07 00:30:21,19.98,50.56,397.6,0,0,0,0,0
2026-10-07 00:30:51,19.84,50.13,396.2,0,0,0,0,0
2026-10-07 00:31:21,19.9,49.63,394.3,0,0,0,0,0
2026-10-07 00:31:51,20.16,50.22,392.9,0,0,0,0,0
2026-10-07 00:32:21,20.01,50.59,391.1,0,0,0,0,0
2026-10-07 00:32:51,19.96,49.95,389.9,0,0,0,0,0
2026-10-07 00:33:21,19.84,50.37,389.3,0,0,0,0,0
2026-10-07 00:33:51,20.23,50.56,387.8,0,0,0,0,0
2026-10-07 00:34:21,20.08,50.5,386.4,0,0,0,0,0
2026-10-07 00:34:51,19.76,49.7,386.0,0,0,0,0,0
2026-10-07 00:35:21,19.95,49.81,384.7,0,0,0,0,0
2026-10-07 00:35:51,19.97,50.57,384.6,0,0,0,0,0
2026-10-07 00:36:21,19.87,50.36,384.9,0,0,0,0,0
2026-10-07 00:36:51,20.06,50.28,386.6,0,0,0,0,0
2026-10-07 00:37:21,20.0,50.42,385.9,0,0,0,0,0
2026-10-07 00:37:51,19.75,50.26,386.9,0,0,0,0,0
2026-10-07 00:38:21,20.14,50.15,386.2,0,0,0,0,0
2026-10-07 00:38:51,20.0,50.41,385.3,0,0,0,0,0
2026-10-07 00:39:21,20.12,50.53,384.5,0,0,0,0,0
2026-10-07 00:39:51,19.9,49.59,385.5,0,0,0,0,0
2026-10-07 00:40:21,20.14,50.36,383.8,0,0,0,0,0
2026-10-07 00:40:51,20.0,50.8,381.1,0,0,0,0,0
2026-10-07 00:41:21,20.07,50.28,381.6,0,0,0,0,0
2026-10-07 00:41:51,19.88,50.63,381.8,0,0,0,0,0
2026-10-07 00:42:21,19.95,50.5,383.0,0,0,0,0,0
2026-10-07 00:42:51,19.93,50.14,381.8,0,0,0,0,0
2026-10-07 00:43:21,19.91,50.54,381.7,0,0,0,0,0
2026-10-07 00:43:51,19.86,50.38,385.0,0,1,0,0,0
2026-10-07 00:44:21,20.08,49.82,383.8,0,0,0,0,0
2026-10-07 00:44:51,19.95,50.38,386.2,0,0,0,0,0
2026-10-07 00:45:21,21.0,51.51,391.7,1,6,0,0,0
2026-10-07 00:45:51,20.02,50.76,390.8,0,1,0,0,0
2026-10-07 00:46:21,19.92,50.64,390.5,0,0,0,0,0
2026-10-07 00:46:51,19.91,50.79,389.0,0,0,0,0,0
2026-10-07 00:47:21,20.92,51.67,395.1,1,12,0,0,0
2026-10-07 00:47:51,19.72,50.82,394.8,0,0,0,0,0
2026-10-07 00:48:21,19.91,49.55,391.8,0,0,0,0,0
2026-10-07 00:48:51,20.66,52.0,396.5,1,12,0,0,0
2026-10-07 00:49:21,20.11,50.72,396.2,0,0,0,0,0
2026-10-07 00:49:51,19.74,50.32,397.2,0,0,0,0,0
2026-10-07 00:50:21,19.85,50.77,397.6,0,0,0,0,0
2026-10-07 00:50:51,19.79,50.74,397.1,0,0,0,0,0
2026-10-07 00:51:21,19.8,50.61,398.4,0,0,0,0,0
2026-10-07 00:51:51,19.89,50.3,397.3,0,0,0,0,0
2026-10-07 00:52:21,19.52,50.52,398.3,0,0,0,0,0
2026-10-07 00:52:51,19.78,50.77,396.4,0,0,0,0,0
2026-10-07 00:53:21,19.81,50.43,395.4,0,0,0,0,0
2026-10-07 00:53:51,20.05,50.59,394.2,0,0,0,0,0
2026-10-07 00:54:21,19.85,50.28,393.6,0,0,0,0,0
2026-10-07 00:54:51,19.81,51.1,395.1,0,1,0,0,0
2026-10-07 00:55:21,20.05,50.63,395.0,0,0,0,0,0
2026-10-07 00:55:51,20.04,51.36,396.3,0,0,0,0,0
2026-10-07 00:56:21,19.69,50.41,396.5,0,0,0,0,0
2026-10-07 00:56:51,20.12,50.08,397.1,0,1,0,0,0
2026-10-07 00:57:21,19.77,50.24,395.8,0,0,0,0,0
2026-10-07 00:57:51,19.69,50.95,395.2,0,1,0,0,0
2026-10-07 00:58:21,19.78,50.83,395.6,0,0,0,0,0
2026-10-07 00:58:51,20.18,50.58,396.0,0,0,0,0,0
2026-10-07 00:59:21,19.39,51.08,394.6,0,0,0,0,0
2026-10-07 00:59:51,19.45,50.36,394.7,0,0,0,0,0
2026-10-07 01:00:21,20.15,50.5,393.6,0,0,0,0,0
2026-10-07 01:00:51,19.73,50.47,393.7,0,0,0,0,0
2026-10-07 01:01:21,20.04,50.7,394.2,0,0,0,0,0
2026-10-07 01:01:51,19.61,50.58,393.8,0,0,0,0,0
2026-10-07 01:02:21,19.69,50.51,394.1,0,0,0,0,0
2026-10-07 01:02:51,19.67,50.59,394.6,0,0,0,0,0
2026-10-07 01:03:21,19.9,50.62,395.1,0,0,0,0,0
2026-10-07 01:03:51,19.9,50.56,396.0,0,0,0,0,0
2026-10-07 01:04:21,19.83,50.72,395.9,0,0,0,0,0
2026-10-07 01:04:51,19.75,50.7,393.3,0,0,0,0,0
2026-10-07 01:05:21,19.71,50.37,392.7,0,0,0,0,0
2026-10-07 01:05:51,19.89,50.67,391.6,0,0,0,0,0
2026-10-07 01:06:21,19.62,50.02,391.3,0,0,0,0,0
2026-10-07 01:06:51,19.77,50.71,392.0,0,0,0,0,0
2026-10-07 01:07:21,19.9,50.84,389.6,0,0,0,0,0
2026-10-07 01:07:51,19.92,50.37,388.9,0,0,0,0,0
2026-10-07 01:08:21,20.83,51.61,394.6,1,8,0,0,0
2026-10-07 01:08:51,19.59,50.61,394.1,0,0,0,0,0
2026-10-07 01:09:21,20.62,52.35,400.2,1,4,0,0,0
2026-10-07 01:09:51,19.92,50.64,400.6,0,0,0,0,0
2026-10-07 01:10:21,19.8,50.81,402.0,0,0,0,0,0
2026-10-07 01:10:51,19.67,50.3,402.8,0,0,0,0,0
2026-10-07 01:11:21,20.07,50.85,402.7,0,0,0,0,0
2026-10-07 01:11:51,19.76,50.36,403.4,0,0,0,0,0
2026-10-07 01:12:21,19.88,100.0,401.0,0,0,0,1,1
2026-10-07 01:12:51,19.93,50.55,401.9,0,1,0,0,0
2026-10-07 01:13:21,19.51,50.67,401.9,0,0,0,0,0
2026-10-07 01:13:51,19.76,50.35,403.8,0,0,0,0,0
2026-10-07 01:14:21,19.95,50.95,402.6,0,0,0,0,0
2026-10-07 01:14:51,19.68,50.6,403.2,0,0,0,0,0
2026-10-07 01:15:21,19.6,50.8,401.6,0,1,0,0,0
2026-10-07 01:15:51,19.65,51.02,400.4,0,0,0,0,0
2026-10-07 01:16:21,19.72,50.96,399.1,0,1,0,0,0
2026-10-07 01:16:51,19.87,50.5,397.5,0,0,0,0,0
2026-10-07 01:17:21,19.52,49.97,398.5,0,0,0,0,0
2026-10-07 01:17:51,19.98,50.53,398.4,0,0,0,0,0
2026-10-07 01:18:21,19.7,50.82,399.7,0,0,0,0,0
2026-10-07 01:18:51,19.6,50.57,399.3,0,0,0,0,0
2026-10-07 01:19:21,19.78,50.59,397.8,0,0,0,0,0
2026-10-07 01:19:51,19.55,50.65,397.3,0,0,0,0,0
2026-10-07 01:20:21,19.88,50.67,400.1,0,0,0,0,0
2026-10-07 01:20:51,19.64,50.97,400.6,0,0,0,0,0
2026-10-07 01:21:21,19.73,50.16,400.4,0,1,0,0,0
2026-10-07 01:21:51,19.82,50.66,403.0,0,0,0,0,0
2026-10-07 01:22:21,19.46,50.57,404.6,0,0,0,0,0
2026-10-07 01:22:51,19.73,50.59,404.8,0,0,0,0,0
2026-10-07 01:23:21,19.48,50.38,402.3,0,0,0,0,0
2026-10-07 01:23:51,19.67,50.87,402.0,0,0,0,0,0
2026-10-07 01:24:21,20.63,52.05,408.8,1,8,0,0,0
2026-10-07 01:24:51,20.66,51.72,414.8,1,10,0,0,0
2026-10-07 01:25:21,19.68,51.1,413.4,0,0,0,0,0
2026-10-07 01:25:51,19.67,50.14,410.0,0,0,0,0,0
2026-10-07 01:26:21,19.86,50.64,408.7,0,1,0,0,0
2026-10-07 01:26:51,19.45,50.11,407.2,0,0,0,0,0
2026-10-07 01:27:21,19.59,50.85,406.4,0,0,0,0,0
2026-10-07 01:27:51,19.71,51.16,407.2,0,0,0,0,0
2026-10-07 01:28:21,19.76,50.86,405.8,0,0,0,0,0
2026-10-07 01:28:51,19.47,50.39,403.8,0,0,0,0,0
2026-10-07 01:29:21,20.31,52.43,410.9,1,13,0,0,0
2026-10-07 01:29:51,19.52,50.72,409.9,0,0,0,0,0
2026-10-07 01:30:21,19.7,51.44,410.6,0,0,0,0,0
2026-10-07 01:30:51,19.75,50.21,407.9,0,0,0,0,0
2026-10-07 01:31:21,19.57,50.6,408.7,0,0,0,0,0
2026-10-07 01:31:51,19.92,51.3,409.0,0,0,0,0,0
2026-10-07 01:32:21,19.74,50.16,408.7,0,0,0,0,0
2026-10-07 01:32:51,19.84,50.67,2500.0,0,0,0,1,2
2026-10-07 01:33:21,18.71,51.12,1250.0,0,1,1,0,2
2026-10-07 01:33:51,18.31,50.38,1243.9,0,1,1,0,2
2026-10-07 01:34:21,18.39,50.49,1236.1,0,0,1,0,2
2026-10-07 01:34:51,18.37,51.34,1229.1,0,1,1,0,2
2026-10-07 01:35:21,18.47,50.99,1223.2,0,0,1,0,2
2026-10-07 01:35:51,18.34,50.83,1216.9,0,0,1,0,2
2026-10-07 01:36:21,18.25,50.72,1209.8,0,0,1,0,2
2026-10-07 01:36:51,18.27,50.55,1203.8,0,0,1,0,2
2026-10-07 01:37:21,18.44,50.56,1195.9,0,0,1,0,2
2026-10-07 01:37:51,18.7,50.49,1188.5,0,0,1,0,2
2026-10-07 01:38:21,18.47,51.25,1181.5,0,0,1,0,2
2026-10-07 01:38:51,18.55,50.98,1176.2,0,1,1,0,2
2026-10-07 01:39:21,18.5,50.25,1170.2,0,0,1,0,2
2026-10-07 01:39:51,19.27,52.32,1169.6,1,10,1,0,2
2026-10-07 01:40:21,18.4,50.39,1161.2,0,0,1,0,2
2026-10-07 01:40:51,18.51,51.79,1155.6,0,0,1,0,2
2026-10-07 01:41:21,18.53,51.37,1151.2,0,0,1,0,2
2026-10-07 01:41:51,18.52,51.17,1145.4,0,0,1,0,2
2026-10-07 01:42:21,18.39,50.37,1140.1,0,0,1,0,2
2026-10-07 01:42:51,18.46,50.82,1135.2,0,0,1,0,2
2026-10-07 01:43:21,18.58,50.63,1129.1,0,0,1,0,2
2026-10-07 01:43:51,18.41,50.76,1123.1,0,0,1,0,2
2026-10-07 01:44:21,18.55,50.85,1116.2,0,0,1,0,2
2026-10-07 01:44:51,18.22,50.99,1110.0,0,0,1,0,2
2026-10-07 01:45:21,18.47,50.02,1102.3,0,0,1,0,2
2026-10-07 01:45:51,18.58,50.31,1095.4,0,0,1,0,2
2026-10-07 01:46:21,18.53,50.62,1090.4,0,0,1,0,2
2026-10-07 01:46:51,18.38,50.35,1083.2,0,0,1,0,2
2026-10-07 01:47:21,18.36,50.63,1076.3,0,1,1,0,2
2026-10-07 01:47:51,18.19,50.48,1070.2,0,0,1,0,2
2026-10-07 01:48:21,18.48,50.6,1063.2,0,0,1,0,2
2026-10-07 01:48:51,19.38,52.1,1066.5,1,11,1,0,2
2026-10-07 01:49:21,18.33,50.65,1061.2,0,0,1,0,2
2026-10-07 01:49:51,18.54,50.56,1056.3,0,0,1,0,2
2026-10-07 01:50:21,18.38,51.53,1049.3,0,0,1,0,2
2026-10-07 01:50:51,18.4,50.2,1042.9,0,0,1,0,2
2026-10-07 01:51:21,18.34,50.75,1036.7,0,0,1,0,2
2026-10-07 01:51:51,18.1,50.93,1032.4,0,0,1,0,2
2026-10-07 01:52:21,18.45,50.55,1027.4,0,0,1,0,2
2026-10-07 01:52:51,18.35,50.56,1019.5,0,1,1,0,2
2026-10-07 01:53:21,18.18,51.01,1014.6,0,0,1,0,2
2026-10-07 01:53:51,18.63,50.95,1011.0,0,0,1,0,2
2026-10-07 01:54:21,18.44,50.45,1007.0,0,0,1,0,2
2026-10-07 01:54:51,18.45,50.76,999.5,0,1,1,0,2
2026-10-07 01:55:21,18.37,50.55,993.0,0,0,1,0,2
2026-10-07 01:55:51,18.31,50.67,986.0,0,0,1,0,2
2026-10-07 01:56:21,18.37,51.08,978.5,0,0,1,0,2
2026-10-07 01:56:51,18.26,50.91,974.4,0,0,1,0,2
2026-10-07 01:57:21,18.65,51.45,969.0,0,0,1,0,2
2026-10-07 01:57:51,18.24,50.96,961.8,0,0,1,0,2
2026-10-07 01:58:21,18.63,50.72,953.8,0,0,1,0,2
2026-10-07 01:58:51,19.08,52.65,954.7,1,12,1,0,2
2026-10-07 01:59:21,18.25,50.83,949.0,0,0,1,0,2
2026-10-07 01:59:51,18.21,51.53,942.6,0,0,1,0,2
2026-10-07 02:00:21,18.25,51.37,935.8,0,0,1,0,2
2026-10-07 02:00:51,18.41,50.37,930.4,0,0,1,0,2
2026-10-07 02:01:21,18.21,50.59,924.4,0,0,1,0,2
2026-10-07 02:01:51,18.63,51.0,917.7,0,0,1,0,2
2026-10-07 02:02:21,18.48,51.42,912.0,0,0,1,0,2
2026-10-07 02:02:51,18.32,51.45,906.5,0,0,1,0,2
2026-10-07 02:03:21,18.31,50.52,899.4,0,0,1,0,2
2026-10-07 02:03:51,18.44,51.45,892.4,0,0,1,0,2
2026-10-07 02:04:21,18.19,50.74,885.8,0,0,1,0,2
2026-10-07 02:04:51,18.35,51.1,878.0,0,0,1,0,2
2026-10-07 02:05:21,18.33,50.99,873.3,0,0,1,0,2
2026-10-07 02:05:51,18.13,50.75,868.1,0,0,1,0,2
2026-10-07 02:06:21,18.58,51.41,861.1,0,0,1,0,2
2026-10-07 02:06:51,18.49,51.0,853.8,0,0,1,0,2
2026-10-07 02:07:21,18.41,51.06,846.8,0,0,1,0,1
2026-10-07 02:07:51,18.24,50.94,840.0,0,0,1,0,1
2026-10-07 02:08:21,18.58,51.17,835.3,0,1,1,0,1
2026-10-07 02:08:51,18.28,50.8,828.7,0,0,1,0,1
2026-10-07 02:09:21,18.5,50.65,821.4,0,0,1,0,1
2026-10-07 02:09:51,18.61,51.45,815.2,0,0,1,0,1
2026-10-07 02:10:21,18.32,50.49,810.1,0,0,1,0,1
2026-10-07 02:10:51,18.06,50.74,801.5,0,1,1,0,1
2026-10-07 02:11:21,18.47,50.69,793.7,0,0,1,0,1
2026-10-07 02:11:51,18.41,50.84,785.8,0,0,1,0,1
2026-10-07 02:12:21,18.43,50.93,777.0,0,0,1,0,1
2026-10-07 02:12:51,18.3,51.16,772.2,0,0,1,0,1
2026-10-07 02:13:21,18.55,50.85,767.6,0,0,1,0,1
2026-10-07 02:13:51,18.43,51.3,761.4,0,0,1,0,1
2026-10-07 02:14:21,18.44,50.86,754.4,0,0,1,0,1
2026-10-07 02:14:51,18.42,50.67,746.7,0,0,1,0,1
2026-10-07 02:15:21,18.15,50.58,739.3,0,0,1,0,1
2026-10-07 02:15:51,18.31,51.16,732.2,0,0,1,0,1
2026-10-07 02:16:21,18.36,50.61,726.6,0,0,1,0,1
2026-10-07 02:16:51,18.4,50.54,721.0,0,0,1,0,1
2026-10-07 02:17:21,18.37,51.18,714.5,0,0,1,0,1
2026-10-07 02:17:51,17.95,50.79,706.8,0,0,1,0,1
2026-10-07 02:18:21,19.05,52.14,705.3,1,4,1,0,1
2026-10-07 02:18:51,18.25,50.98,699.7,0,0,1,0,1
2026-10-07 02:19:21,18.15,50.99,692.4,0,0,1,0,1
2026-10-07 02:19:51,18.57,50.93,685.3,0,0,1,0,1
2026-10-07 02:20:21,18.05,50.81,678.3,0,0,1,0,1
2026-10-07 02:20:51,18.23,51.09,672.4,0,0,1,0,1
2026-10-07 02:21:21,18.63,50.63,666.3,0,0,1,0,1
2026-10-07 02:21:51,18.22,51.03,662.5,0,1,1,0,1
2026-10-07 02:22:21,18.35,50.72,656.4,0,0,1,0,1
2026-10-07 02:22:51,19.36,52.21,654.9,1,3,1,0,1
2026-10-07 02:23:21,18.51,51.18,649.6,0,0,1,0,1
2026-10-07 02:23:51,18.32,51.26,643.6,0,0,1,0,1
2026-10-07 02:24:21,18.22,51.32,636.6,0,0,1,0,1
2026-10-07 02:24:51,18.54,50.52,630.6,0,0,1,0,1
2026-10-07 02:25:21,18.34,50.49,622.1,0,0,1,0,1
2026-10-07 02:25:51,18.23,51.21,618.1,0,0,1,0,1
2026-10-07 02:26:21,18.39,51.27,610.4,0,1,1,0,1
2026-10-07 02:26:51,18.3,50.71,604.7,0,0,1,0,1
2026-10-07 02:27:21,18.0,51.31,597.7,0,0,1,0,1
2026-10-07 02:27:51,18.21,51.7,589.5,0,0,1,0,1
2026-10-07 02:28:21,18.41,50.8,582.0,0,0,1,0,1
2026-10-07 02:28:51,18.37,50.38,574.9,0,0,1,0,1
2026-10-07 02:29:21,18.45,51.24,566.2,0,0,1,0,1
2026-10-07 02:29:51,18.35,50.86,560.7,0,0,1,0,1
2026-10-07 02:30:21,18.14,50.16,554.3,0,0,1,0,1
2026-10-07 02:30:51,18.43,50.66,548.0,0,0,1,0,1
2026-10-07 02:31:21,18.34,50.61,541.9,0,0,1,0,1
2026-10-07 02:31:51,18.21,51.09,536.9,0,0,1,0,1
2026-10-07 02:32:21,18.52,51.36,528.7,0,0,1,0,1
2026-10-07 02:32:51,18.43,51.06,523.3,0,0,1,0,1
2026-10-07 02:33:21,17.86,50.76,517.6,0,0,1,0,1
2026-10-07 02:33:51,18.43,51.39,511.5,0,0,1,0,1
2026-10-07 02:34:21,19.24,52.48,513.4,1,13,1,0,1
2026-10-07 02:34:51,18.21,51.2,508.5,0,0,1,0,1
2026-10-07 02:35:21,18.45,51.06,503.1,0,0,1,0,1
2026-10-07 02:35:51,18.41,50.55,495.0,0,0,1,0,1
2026-10-07 02:36:21,18.23,50.88,490.0,0,0,1,0,1
2026-10-07 02:36:51,18.4,49.96,484.2,0,0,1,0,1
2026-10-07 02:37:21,18.29,50.81,476.8,0,0,1,0,1
2026-10-07 02:37:51,18.61,50.89,467.7,0,0,1,0,0
2026-10-07 02:38:21,19.22,52.44,470.5,1,12,1,0,0
2026-10-07 02:38:51,18.31,50.44,461.6,0,0,1,0,1
2026-10-07 02:39:21,18.14,50.5,454.8,0,1,1,0,1
2026-10-07 02:39:51,19.37,51.49,452.0,0,0,0,0,0
2026-10-07 02:40:21,19.55,51.04,450.9,0,0,0,0,0
2026-10-07 02:40:51,19.4,51.03,449.0,0,0,0,0,0
2026-10-07 02:41:21,19.82,51.31,446.6,0,0,0,0,0
2026-10-07 02:41:51,19.23,51.22,443.5,0,0,0,0,0
2026-10-07 02:42:21,19.61,51.18,444.1,0,0,0,0,0
2026-10-07 02:42:51,19.34,50.7,442.4,0,0,0,0,0
2026-10-07 02:43:21,19.48,50.8,440.5,0,0,0,0,0
2026-10-07 02:43:51,19.21,51.25,437.9,0,0,0,0,0
2026-10-07 02:44:21,19.4,51.09,435.7,0,0,0,0,0
2026-10-07 02:44:51,19.61,50.61,436.6,0,0,0,0,0
2026-10-07 02:45:21,19.55,50.08,434.4,0,0,0,0,0
2026-10-07 02:45:51,19.34,50.52,433.4,0,0,0,0,0
2026-10-07 02:46:21,19.65,51.1,431.1,0,0,0,0,0
2026-10-07 02:46:51,19.61,51.26,431.4,0,0,0,0,0
2026-10-07 02:47:21,19.47,50.67,427.3,0,0,0,0,0
2026-10-07 02:47:51,19.44,50.8,424.9,0,0,0,0,0
2026-10-07 02:48:21,19.56,50.55,421.9,0,1,0,0,0
2026-10-07 02:48:51,19.65,51.66,420.0,0,0,0,0,0
2026-10-07 02:49:21,19.52,51.58,418.8,0,0,0,0,0
2026-10-07 02:49:51,19.52,50.57,418.5,0,0,0,0,0
2026-10-07 02:50:21,19.4,50.71,415.9,0,0,0,0,0
2026-10-07 02:50:51,19.46,51.4,413.6,0,0,0,0,0
2026-10-07 02:51:21,19.33,51.07,410.6,0,0,0,0,0
2026-10-07 02:51:51,19.76,51.14,408.5,0,0,0,0,0
2026-10-07 02:52:21,19.62,50.74,407.9,0,0,0,0,0
2026-10-07 02:52:51,19.59,50.76,407.1,0,0,0,0,0
2026-10-07 02:53:21,19.66,50.63,406.7,0,0,0,0,0
2026-10-07 02:53:51,19.32,50.98,406.3,0,0,0,0,0
2026-10-07 02:54:21,19.52,51.21,406.2,0,0,0,0,0
2026-10-07 02:54:51,19.59,50.83,406.6,0,0,0,0,0
2026-10-07 02:55:21,19.36,50.02,407.5,0,1,0,0,0
2026-10-07 02:55:51,19.19,50.92,407.9,0,0,0,0,0
2026-10-07 02:56:21,19.73,51.21,407.5,0,0,0,0,0
2026-10-07 02:56:51,19.25,50.4,406.2,0,0,0,0,0
2026-10-07 02:57:21,19.72,50.61,407.0,0,0,0,0,0
2026-10-07 02:57:51,19.43,50.82,405.5,0,0,0,0,0
2026-10-07 02:58:21,19.45,50.22,406.4,0,0,0,0,0
2026-10-07 02:58:51,19.64,51.03,408.1,0,0,0,0,0
2026-10-07 02:59:21,19.78,50.98,406.4,0,0,0,0,0
2026-10-07 02:59:51,19.65,50.74,406.9,0,0,0,0,0
2026-10-07 03:00:21,19.53,51.22,404.9,0,0,0,0,0
2026-10-07 03:00:51,19.61,51.45,405.4,0,0,0,0,0
2026-10-07 03:01:21,19.3,51.33,404.4,0,0,0,0,0
2026-10-07 03:01:51,19.63,50.55,408.2,0,0,0,0,0
2026-10-07 03:02:21,19.59,51.47,408.1,0,0,0,0,0
2026-10-07 03:02:51,19.4,51.15,408.5,0,0,0,0,0
2026-10-07 03:03:21,19.44,50.45,407.1,0,0,0,0,0
2026-10-07 03:03:51,19.36,51.79,406.7,0,0,0,0,0
2026-10-07 03:04:21,19.55,51.09,408.4,0,0,0,0,0
2026-10-07 03:04:51,19.88,50.63,408.6,0,0,0,0,0
2026-10-07 03:05:21,19.31,51.25,408.6,0,0,0,0,0
2026-10-07 03:05:51,19.52,51.13,408.1,0,0,0,0,0
2026-10-07 03:06:21,19.61,51.04,408.0,0,0,0,0,0
2026-10-07 03:06:51,19.39,51.31,406.2,0,0,0,0,0
2026-10-07 03:07:21,19.64,50.62,405.8,0,0,0,0,0
2026-10-07 03:07:51,19.37,51.24,404.3,0,0,0,0,0
2026-10-07 03:08:21,19.7,50.94,404.4,0,0,0,0,0
2026-10-07 03:08:51,19.61,51.31,402.9,0,0,0,0,0
2026-10-07 03:09:21,19.46,51.28,401.7,0,0,0,0,0
2026-10-07 03:09:51,19.62,50.98,401.5,0,0,0,0,0
2026-10-07 03:10:21,19.55,50.88,401.3,0,0,0,0,0
2026-10-07 03:10:51,19.72,51.68,400.1,0,0,0,0,0
2026-10-07 03:11:21,19.59,50.6,398.1,0,0,0,0,0
2026-10-07 03:11:51,19.32,51.11,399.2,0,0,0,0,0
2026-10-07 03:12:21,19.49,51.45,400.1,0,0,0,0,0
2026-10-07 03:12:51,20.25,52.56,406.5,1,9,0,0,0
2026-10-07 03:13:21,19.49,50.26,405.9,0,0,0,0,0
2026-10-07 03:13:51,19.47,51.0,407.0,0,0,0,0,0
2026-10-07 03:14:21,19.29,50.55,406.0,0,0,0,0,0
2026-10-07 03:14:51,19.47,50.68,405.7,0,0,0,0,0
2026-10-07 03:15:21,19.41,50.93,405.4,0,0,0,0,0
2026-10-07 03:15:51,19.21,51.31,403.4,0,0,0,0,0
2026-10-07 03:16:21,19.48,51.37,400.9,0,0,0,0,0
2026-10-07 03:16:51,19.61,50.98,403.2,0,0,0,0,0
2026-10-07 03:17:21,19.47,51.3,401.9,0,0,0,0,0
2026-10-07 03:17:51,19.6,50.92,401.2,0,0,0,0,0
2026-10-07 03:18:21,19.38,51.42,401.2,0,1,0,0,0
2026-10-07 03:18:51,19.51,51.42,402.6,0,1,0,0,0
2026-10-07 03:19:21,19.49,51.14,402.7,0,0,0,0,0
2026-10-07 03:19:51,19.57,50.72,402.5,0,0,0,0,0
2026-10-07 03:20:21,19.56,51.18,403.4,0,0,0,0,0
2026-10-07 03:20:51,19.47,50.8,403.1,0,0,0,0,0
2026-10-07 03:21:21,19.61,51.14,404.1,0,0,0,0,0
2026-10-07 03:21:51,19.39,51.16,403.4,0,0,0,0,0
2026-10-07 03:22:21,19.35,50.74,400.0,0,0,0,0,0
2026-10-07 03:22:51,19.32,50.87,399.0,0,0,0,0,0
2026-10-07 03:23:21,19.4,50.5,399.3,0,0,0,0,0
2026-10-07 03:23:51,19.35,51.33,401.4,0,1,0,0,0
2026-10-07 03:24:21,19.37,50.77,401.1,0,0,0,0,0
2026-10-07 03:24:51,19.5,50.56,400.2,0,0,0,0,0
2026-10-07 03:25:21,19.28,50.72,401.6,0,1,0,0,0
2026-10-07 03:25:51,19.6,51.09,403.0,0,0,0,0,0
2026-10-07 03:26:21,19.62,51.29,402.1,0,0,0,0,0
2026-10-07 03:26:51,19.62,50.53,401.6,0,0,0,0,0
2026-10-07 03:27:21,19.58,51.01,402.2,0,0,0,0,0
2026-10-07 03:27:51,19.52,51.53,401.5,0,0,0,0,0
2026-10-07 03:28:21,19.58,50.89,400.9,0,0,0,0,0
2026-10-07 03:28:51,19.58,50.77,401.6,0,0,0,0,0
2026-10-07 03:29:21,19.47,50.26,400.4,0,0,0,0,0
2026-10-07 03:29:51,20.45,52.23,402.9,1,5,0,0,0
2026-10-07 03:30:21,19.64,50.75,404.5,0,0,0,0,0
2026-10-07 03:30:51,19.58,50.52,405.1,0,0,0,0,0
2026-10-07 03:31:21,19.37,50.72,406.7,0,0,0,0,0
2026-10-07 03:31:51,19.53,51.63,407.5,0,0,0,0,0
2026-10-07 03:32:21,19.69,50.99,408.4,0,0,0,0,0
2026-10-07 03:32:51,19.47,50.99,411.2,0,0,0,0,0
2026-10-07 03:33:21,19.66,51.21,409.8,0,0,0,0,0
2026-10-07 03:33:51,19.85,51.53,410.3,0,0,0,0,0
2026-10-07 03:34:21,19.56,51.14,406.6,0,0,0,0,0
2026-10-07 03:34:51,19.37,50.36,407.8,0,0,0,0,0
2026-10-07 03:35:21,19.65,50.73,407.7,0,0,0,0,0
2026-10-07 03:35:51,19.61,51.08,405.8,0,0,0,0,0
2026-10-07 03:36:21,19.2,50.54,406.2,0,0,0,0,0
2026-10-07 03:36:51,19.46,50.83,408.1,0,0,0,0,0
2026-10-07 03:37:21,20.4,52.38,412.1,1,12,0,0,0
2026-10-07 03:37:51,19.83,51.62,409.5,0,0,0,0,0
2026-10-07 03:38:21,19.38,51.27,409.9,0,0,0,0,0
2026-10-07 03:38:51,19.7,50.82,408.4,0,1,0,0,0
2026-10-07 03:39:21,19.53,50.88,409.1,0,0,0,0,0
2026-10-07 03:39:51,19.63,51.26,408.1,0,0,0,0,0
2026-10-07 03:40:21,19.81,51.08,408.6,0,0,0,0,0
2026-10-07 03:40:51,19.59,51.02,407.2,0,0,0,0,0
2026-10-07 03:41:21,19.53,51.2,405.9,0,1,0,0,0
2026-10-07 03:41:51,19.53,50.46,404.1,0,0,0,0,0
2026-10-07 03:42:21,19.71,50.9,404.1,0,0,0,0,0
2026-10-07 03:42:51,19.4,51.04,402.5,0,0,0,0,0
2026-10-07 03:43:21,19.79,50.97,401.4,0,0,0,0,0
2026-10-07 03:43:51,19.7,51.19,399.7,0,0,0,0,0
2026-10-07 03:44:21,19.6,51.25,401.2,0,0,0,0,0
2026-10-07 03:44:51,19.48,51.07,400.2,0,1,0,0,0
2026-10-07 03:45:21,19.43,51.74,401.6,0,0,0,0,0
2026-10-07 03:45:51,19.56,51.18,401.8,0,1,0,0,0
2026-10-07 03:46:21,19.57,51.33,401.6,0,0,0,0,0
2026-10-07 03:46:51,19.5,51.12,399.1,0,0,0,0,0
2026-10-07 03:47:21,19.71,50.77,397.9,0,0,0,0,0
2026-10-07 03:47:51,20.35,53.02,400.8,1,8,0,0,0
2026-10-07 03:48:21,19.51,50.87,401.1,0,0,0,0,0
2026-10-07 03:48:51,19.5,50.83,400.7,0,0,0,0,0
2026-10-07 03:49:21,19.74,50.93,399.5,0,0,0,0,0
2026-10-07 03:49:51,19.68,51.31,398.8,0,0,0,0,0
2026-10-07 03:50:21,19.78,50.85,399.2,0,0,0,0,0
2026-10-07 03:50:51,19.39,51.13,398.2,0,0,0,0,0
2026-10-07 03:51:21,19.79,51.04,396.9,0,0,0,0,0
2026-10-07 03:51:51,20.25,52.12,400.8,1,10,0,0,0
2026-10-07 03:52:21,19.68,50.59,401.4,0,0,0,0,0
2026-10-07 03:52:51,-20.0,50.46,399.6,0,0,0,1,2
2026-10-07 03:53:21,19.82,50.47,399.0,0,0,0,0,0
2026-10-07 03:53:51,19.49,51.13,398.2,0,0,0,0,0
2026-10-07 03:54:21,19.52,50.57,398.3,0,0,0,0,0
2026-10-07 03:54:51,19.88,51.21,398.6,0,0,0,0,0
2026-10-07 03:55:21,19.67,50.73,396.0,0,0,0,0,0
2026-10-07 03:55:51,19.45,50.73,397.1,0,0,0,0,0
2026-10-07 03:56:21,19.88,51.15,397.1,0,0,0,0,0
2026-10-07 03:56:51,19.61,50.75,400.5,0,0,0,0,0
2026-10-07 03:57:21,19.83,50.44,399.3,0,0,0,0,0
2026-10-07 03:57:51,19.76,50.81,398.7,0,0,0,0,0
2026-10-07 03:58:21,19.5,51.4,398.8,0,0,0,0,0
2026-10-07 03:58:51,19.56,50.79,397.7,0,0,0,0,0
2026-10-07 03:59:21,19.46,50.64,397.5,0,1,0,0,0
2026-10-07 03:59:51,19.57,51.07,397.6,0,0,0,0,0
2026-10-07 04:00:21,19.45,51.02,397.9,0,0,0,0,0
2026-10-07 04:00:51,19.48,50.68,396.7,0,0,0,0,0
2026-10-07 04:01:21,19.85,51.48,397.2,0,0,0,0,0
2026-10-07 04:01:51,19.58,50.39,395.0,0,0,0,0,0
2026-10-07 04:02:21,19.57,51.1,394.7,0,0,0,0,0
2026-10-07 04:02:51,19.64,100.0,393.7,0,0,0,1,1
2026-10-07 04:03:21,19.39,51.52,393.5,0,0,0,0,0
2026-10-07 04:03:51,19.82,51.56,394.7,0,0,0,0,0
2026-10-07 04:04:21,19.67,51.5,391.4,0,0,0,0,0
2026-10-07 04:04:51,20.26,51.93,395.3,1,3,0,0,0
2026-10-07 04:05:21,19.65,50.24,395.7,0,1,0,0,0
2026-10-07 04:05:51,20.43,52.71,398.1,1,7,0,0,0
2026-10-07 04:06:21,19.43,50.72,396.9,0,0,0,0,0
2026-10-07 04:06:51,19.96,51.23,393.7,0,0,0,0,0
2026-10-07 04:07:21,19.47,51.51,392.7,0,0,0,0,0
2026-10-07 04:07:51,19.61,50.92,391.9,0,0,0,0,0
2026-10-07 04:08:21,19.61,50.97,393.4,0,0,0,0,0
2026-10-07 04:08:51,19.73,50.98,393.5,0,0,0,0,0
2026-10-07 04:09:21,19.6,50.89,392.8,0,0,0,0,0
2026-10-07 04:09:51,19.61,50.97,392.8,0,0,0,0,0
2026-10-07 04:10:21,19.49,51.28,390.9,0,0,0,0,0
2026-10-07 04:10:51,19.63,50.94,389.0,0,0,0,0,0
2026-10-07 04:11:21,19.69,50.9,389.7,0,0,0,0,0
2026-10-07 04:11:51,19.83,50.83,387.1,0,1,0,0,0
2026-10-07 04:12:21,19.73,51.75,387.6,0,0,0,0,0
2026-10-07 04:12:51,19.56,50.76,387.9,0,0,0,0,0
2026-10-07 04:13:21,19.51,50.48,387.0,0,0,0,0,0
2026-10-07 04:13:51,20.55,52.23,388.2,1,5,0,0,0
2026-10-07 04:14:21,19.45,50.89,390.1,0,0,0,0,0
2026-10-07 04:14:51,19.59,50.07,388.7,0,0,0,0,0
2026-10-07 04:15:21,19.68,51.13,391.2,0,0,0,0,0
2026-10-07 04:15:51,19.5,50.75,390.3,0,0,0,0,0
2026-10-07 04:16:21,19.73,51.29,387.8,0,0,0,0,0
2026-10-07 04:16:51,19.72,50.77,385.6,0,0,0,0,0
2026-10-07 04:17:21,19.44,50.83,384.6,0,0,0,0,0
2026-10-07 04:17:51,19.64,50.98,386.1,0,0,0,0,0
2026-10-07 04:18:21,19.62,50.75,385.0,0,0,0,0,0
2026-10-07 04:18:51,19.62,51.76,384.5,0,0,0,0,0
2026-10-07 04:19:21,19.49,50.93,384.0,0,0,0,0,0
2026-10-07 04:19:51,19.48,50.52,381.9,0,1,0,0,0
2026-10-07 04:20:21,19.73,50.82,381.1,0,0,0,0,0
2026-10-07 04:20:51,19.63,51.29,380.6,0,0,0,0,0
2026-10-07 04:21:21,19.76,50.66,378.8,0,0,0,0,0
2026-10-07 04:21:51,19.78,50.77,375.7,0,0,0,0,0
2026-10-07 04:22:21,19.34,50.36,378.5,0,0,0,0,0
2026-10-07 04:22:51,19.72,50.88,377.0,0,0,0,0,0
2026-10-07 04:23:21,19.66,50.89,377.5,0,0,0,0,0
2026-10-07 04:23:51,19.69,51.03,378.9,0,0,0,0,0
2026-10-07 04:24:21,19.77,51.11,377.0,0,0,0,0,0
2026-10-07 04:24:51,19.6,50.86,377.2,0,0,0,0,0
2026-10-07 04:25:21,19.74,50.62,376.9,0,0,0,0,0
2026-10-07 04:25:51,19.36,50.94,377.0,0,0,0,0,0
2026-10-07 04:26:21,19.57,50.98,377.9,0,0,0,0,0
2026-10-07 04:26:51,19.68,50.39,379.1,0,0,0,0,0
2026-10-07 04:27:21,19.57,50.8,378.5,0,0,0,0,0
2026-10-07 04:27:51,19.81,51.15,376.5,0,0,0,0,0
2026-10-07 04:28:21,20.04,51.11,375.7,0,0,0,0,0
2026-10-07 04:28:51,19.61,50.65,375.5,0,0,0,0,0
2026-10-07 04:29:21,19.77,51.02,375.2,0,0,0,0,0
2026-10-07 04:29:51,19.45,50.91,374.5,0,0,0,0,0
2026-10-07 04:30:21,19.7,50.64,375.7,0,0,0,0,0
2026-10-07 04:30:51,20.38,52.07,377.2,1,9,0,0,0
2026-10-07 04:31:21,19.81,50.76,377.9,0,0,0,0,0
2026-10-07 04:31:51,19.66,49.76,377.7,0,0,0,0,0
2026-10-07 04:32:21,19.5,50.03,377.0,0,0,0,0,0
2026-10-07 04:32:51,19.78,50.09,378.4,0,0,0,0,0
2026-10-07 04:33:21,19.61,50.93,380.0,0,0,0,0,0
2026-10-07 04:33:51,19.8,49.66,378.5,0,0,0,0,0
2026-10-07 04:34:21,19.62,50.32,379.7,0,0,0,0,0
2026-10-07 04:34:51,19.75,50.77,379.3,0,0,0,0,0
2026-10-07 04:35:21,20.57,51.87,382.6,1,6,0,0,0
2026-10-07 04:35:51,19.65,51.09,381.2,0,0,0,0,0
2026-10-07 04:36:21,19.64,50.91,380.9,0,0,0,0,0
2026-10-07 04:36:51,19.8,50.82,382.1,0,0,0,0,0
2026-10-07 04:37:21,19.68,50.94,381.7,0,0,0,0,0
2026-10-07 04:37:51,19.5,50.87,381.3,0,0,0,0,0
2026-10-07 04:38:21,19.63,51.26,380.4,0,0,0,0,0
2026-10-07 04:38:51,19.75,50.24,378.8,0,0,0,0,0
2026-10-07 04:39:21,19.9,51.2,378.2,0,0,0,0,0
2026-10-07 04:39:51,19.59,50.94,377.3,0,0,0,0,0
2026-10-07 04:40:21,20.02,50.89,378.6,0,0,0,0,0
2026-10-07 04:40:51,19.89,50.85,378.9,0,0,0,0,0
2026-10-07 04:41:21,19.89,50.45,379.5,0,0,0,0,0
2026-10-07 04:41:51,19.51,50.33,380.4,0,0,0,0,0
2026-10-07 04:42:21,19.8,50.69,380.6,0,1,0,0,0
2026-10-07 04:42:51,19.7,50.7,378.6,0,1,0,0,0
2026-10-07 04:43:21,19.96,51.17,376.9,0,0,0,0,0
2026-10-07 04:43:51,19.68,50.7,376.6,0,0,0,0,0
2026-10-07 04:44:21,20.68,51.92,380.8,1,10,0,0,0
2026-10-07 04:44:51,19.95,51.29,381.7,0,0,0,0,0
2026-10-07 04:45:21,19.62,51.56,381.0,0,0,0,0,0
2026-10-07 04:45:51,20.04,50.74,381.1,0,0,0,0,0
2026-10-07 04:46:21,19.84,50.87,381.4,0,0,0,0,0
2026-10-07 04:46:51,19.76,50.54,380.0,0,0,0,0,0
2026-10-07 04:47:21,19.77,50.6,380.3,0,0,0,0,0
2026-10-07 04:47:51,19.59,50.13,379.6,0,0,0,0,0
2026-10-07 04:48:21,19.75,50.56,378.9,0,0,0,0,0
2026-10-07 04:48:51,19.88,50.26,377.7,0,0,0,0,0
2026-10-07 04:49:21,19.99,50.87,377.6,0,0,0,0,0
2026-10-07 04:49:51,19.75,50.5,377.5,0,0,0,0,0
2026-10-07 04:50:21,19.85,51.01,378.8,0,0,0,0,0
2026-10-07 04:50:51,19.48,50.23,379.3,0,0,0,0,0
2026-10-07 04:51:21,20.2,50.75,378.7,0,0,0,0,0
2026-10-07 04:51:51,19.97,50.36,379.3,0,0,0,0,0
2026-10-07 04:52:21,20.0,50.37,379.3,0,0,0,0,0
2026-10-07 04:52:51,19.88,50.4,377.9,0,0,0,0,0
2026-10-07 04:53:21,19.72,50.77,376.5,0,0,0,0,0
2026-10-07 04:53:51,19.69,50.8,377.8,0,0,0,0,0
2026-10-07 04:54:21,19.92,50.6,377.8,0,0,0,0,0
2026-10-07 04:54:51,19.85,51.14,378.0,0,0,0,0,0
2026-10-07 04:55:21,20.64,52.52,379.5,1,4,0,0,0
2026-10-07 04:55:51,19.83,50.03,380.0,0,0,0,0,0
2026-10-07 04:56:21,20.35,50.48,378.7,0,0,0,0,0
2026-10-07 04:56:51,19.96,50.56,379.9,0,0,0,0,0
2026-10-07 04:57:21,19.59,50.71,379.8,0,1,0,0,0
2026-10-07 04:57:51,20.73,52.29,382.2,1,4,0,0,0
2026-10-07 04:58:21,19.76,50.72,381.7,0,0,0,0,0
2026-10-07 04:58:51,19.98,51.13,378.8,0,0,0,0,0
2026-10-07 04:59:21,19.96,50.78,377.7,0,0,0,0,0
2026-10-07 04:59:51,19.98,50.27,380.5,0,0,0,0,0
2026-10-07 05:00:21,19.91,50.52,381.0,0,1,0,0,0
2026-10-07 05:00:51,20.03,50.36,380.5,0,0,0,0,0
2026-10-07 05:01:21,19.71,51.04,380.0,0,0,0,0,0
2026-10-07 05:01:51,19.54,50.86,379.2,0,0,0,0,0
2026-10-07 05:02:21,19.95,50.49,379.2,0,0,0,0,0
2026-10-07 05:02:51,19.91,50.81,379.5,0,0,0,0,0
2026-10-07 05:03:21,20.08,50.8,379.3,0,0,0,0,0
2026-10-07 05:03:51,19.85,50.74,378.3,0,0,0,0,0
2026-10-07 05:04:21,19.92,50.51,378.6,0,0,0,0,0
2026-10-07 05:04:51,19.89,50.48,378.0,0,0,0,0,0
2026-10-07 05:05:21,19.75,50.28,377.1,0,0,0,0,0
2026-10-07 05:05:51,20.11,50.56,378.7,0,0,0,0,0
2026-10-07 05:06:21,19.73,51.04,378.1,0,0,0,0,0
2026-10-07 05:06:51,19.56,50.43,377.1,0,0,0,0,0
2026-10-07 05:07:21,19.57,50.6,376.4,0,0,0,0,0
2026-10-07 05:07:51,19.76,50.55,375.3,0,0,0,0,0
2026-10-07 05:08:21,20.75,52.75,377.6,1,10,0,0,0
2026-10-07 05:08:51,20.05,49.85,375.8,0,0,0,0,0
2026-10-07 05:09:21,20.13,50.73,374.7,0,0,0,0,0
2026-10-07 05:09:51,19.88,50.54,374.9,0,1,0,0,0
2026-10-07 05:10:21,20.0,50.74,375.6,0,0,0,0,0
2026-10-07 05:10:51,19.85,50.77,375.5,0,0,0,0,0
2026-10-07 05:11:21,20.02,50.98,378.1,0,0,0,0,0
2026-10-07 05:11:51,20.07,50.63,375.9,0,0,0,0,0
2026-10-07 05:12:21,19.78,50.55,374.6,0,0,0,0,0
2026-10-07 05:12:51,19.86,50.3,372.9,0,0,0,0,0
2026-10-07 05:13:21,19.86,50.36,373.2,0,0,0,0,0
2026-10-07 05:13:51,19.83,50.13,373.8,0,0,0,0,0
2026-10-07 05:14:21,20.11,50.5,372.4,0,0,0,0,0
2026-10-07 05:14:51,19.86,50.84,373.0,0,0,0,0,0
2026-10-07 05:15:21,19.95,50.79,372.0,0,0,0,0,0
2026-10-07 05:15:51,19.87,49.77,370.2,0,0,0,0,0
2026-10-07 05:16:21,19.93,50.39,370.6,0,0,0,0,0
2026-10-07 05:16:51,19.73,50.42,370.8,0,0,0,0,0
2026-10-07 05:17:21,19.92,50.3,370.0,0,0,0,0,0
2026-10-07 05:17:51,20.17,50.55,371.2,0,0,0,0,0
2026-10-07 05:18:21,19.8,50.25,370.4,0,0,0,0,0
2026-10-07 05:18:51,19.99,50.73,371.3,0,1,0,0,0
2026-10-07 05:19:21,20.33,50.76,371.0,0,0,0,0,0
2026-10-07 05:19:51,19.84,51.06,372.1,0,0,0,0,0
2026-10-07 05:20:21,20.07,50.57,372.2,0,0,0,0,0
2026-10-07 05:20:51,20.02,50.89,374.1,0,0,0,0,0
2026-10-07 05:21:21,19.94,49.94,373.3,0,0,0,0,0
2026-10-07 05:21:51,20.18,50.26,374.5,0,0,0,0,0
2026-10-07 05:22:21,20.28,50.15,371.8,0,0,0,0,0
2026-10-07 05:22:51,19.99,50.42,370.8,0,0,0,0,0
2026-10-07 05:23:21,20.04,50.58,370.0,0,0,0,0,0
2026-10-07 05:23:51,20.16,50.28,370.0,0,0,0,0,0
2026-10-07 05:24:21,20.13,50.77,370.0,0,0,0,0,0
2026-10-07 05:24:51,19.95,50.98,370.0,0,0,0,0,0
2026-10-07 05:25:21,19.88,50.49,370.7,0,0,0,0,0
2026-10-07 05:25:51,20.22,50.48,372.5,0,0,0,0,0
2026-10-07 05:26:21,19.78,50.94,373.1,0,0,0,0,0
2026-10-07 05:26:51,20.04,50.11,373.1,0,0,0,0,0
2026-10-07 05:27:21,20.37,50.45,372.1,0,0,0,0,0
2026-10-07 05:27:51,20.0,50.38,371.1,0,0,0,0,0
2026-10-07 05:28:21,20.11,49.91,372.1,0,0,0,0,0
2026-10-07 05:28:51,19.9,50.76,370.8,0,0,0,0,0
2026-10-07 05:29:21,20.18,50.52,370.0,0,0,0,0,0
2026-10-07 05:29:51,19.83,50.36,370.0,0,0,0,0,0
2026-10-07 05:30:21,20.11,50.95,370.0,0,0,0,0,0
2026-10-07 05:30:51,20.8,52.14,377.0,1,4,0,0,0
2026-10-07 05:31:21,20.02,50.21,377.2,0,0,0,0,0
2026-10-07 05:31:51,19.85,50.27,377.0,0,1,0,0,0
2026-10-07 05:32:21,20.27,50.91,375.8,0,0,0,0,0
2026-10-07 05:32:51,20.03,49.99,378.3,0,0,0,0,0
2026-10-07 05:33:21,20.27,50.36,377.3,0,0,0,0,0
2026-10-07 05:33:51,20.11,50.06,378.1,0,0,0,0,0
2026-10-07 05:34:21,19.83,50.27,378.4,0,0,0,0,0
2026-10-07 05:34:51,20.12,50.64,378.0,0,0,0,0,0
2026-10-07 05:35:21,20.17,50.28,379.4,0,0,0,0,0
2026-10-07 05:35:51,19.8,50.12,378.9,0,0,0,0,0
2026-10-07 05:36:21,19.88,50.47,379.5,0,0,0,0,0
2026-10-07 05:36:51,20.9,51.71,383.4,1,5,0,0,0
2026-10-07 05:37:21,19.96,50.68,381.2,0,0,0,0,0
2026-10-07 05:37:51,19.92,50.38,381.7,0,0,0,0,0
2026-10-07 05:38:21,20.15,50.18,380.9,0,0,0,0,0
2026-10-07 05:38:51,20.27,50.34,380.7,0,0,0,0,0
2026-10-07 05:39:21,20.16,50.89,381.1,0,0,0,0,0
2026-10-07 05:39:51,20.12,50.31,379.6,0,0,0,0,0
2026-10-07 05:40:21,19.9,50.6,379.6,0,0,0,0,0
2026-10-07 05:40:51,20.04,50.23,379.7,0,0,0,0,0
2026-10-07 05:41:21,20.13,50.17,377.8,0,0,0,0,0
2026-10-07 05:41:51,19.9,50.27,377.7,0,0,0,0,0
2026-10-07 05:42:21,20.07,49.84,376.6,0,1,0,0,0
2026-10-07 05:42:51,19.87,50.45,376.3,0,1,0,0,0
2026-10-07 05:43:21,20.45,49.96,377.2,0,0,0,0,0
2026-10-07 05:43:51,20.14,50.08,376.7,0,0,0,0,0
2026-10-07 05:44:21,19.84,50.17,376.8,0,0,0,0,0
2026-10-07 05:44:51,20.98,51.74,378.1,1,10,0,0,0
2026-10-07 05:45:21,20.44,50.05,377.7,0,0,0,0,0
2026-10-07 05:45:51,20.24,50.15,377.4,0,0,0,0,0
2026-10-07 05:46:21,20.16,50.26,376.8,0,0,0,0,0
2026-10-07 05:46:51,20.37,50.56,376.4,0,0,0,0,0
2026-10-07 05:47:21,20.02,49.97,378.5,0,0,0,0,0
2026-10-07 05:47:51,20.22,49.68,379.0,0,0,0,0,0
2026-10-07 05:48:21,20.97,52.36,383.9,1,7,0,0,0
2026-10-07 05:48:51,20.14,50.01,383.0,0,0,0,0,0
2026-10-07 05:49:21,20.02,50.38,381.8,0,0,0,0,0
2026-10-07 05:49:51,20.36,50.56,382.0,0,1,0,0,0
2026-10-07 05:50:21,20.22,50.21,381.5,0,0,0,0,0
2026-10-07 05:50:51,20.05,50.63,378.8,0,0,0,0,0
2026-10-07 05:51:21,20.71,51.74,383.2,1,8,0,0,0
2026-10-07 05:51:51,20.25,50.14,382.9,0,0,0,0,0
2026-10-07 05:52:21,20.06,50.48,381.7,0,0,0,0,0
2026-10-07 05:52:51,21.23,51.95,384.5,1,10,0,0,0
2026-10-07 05:53:21,20.15,50.55,384.0,0,0,0,0,0
2026-10-07 05:53:51,20.33,49.85,383.3,0,0,0,0,0
2026-10-07 05:54:21,20.28,50.9,384.6,0,0,0,0,0
2026-10-07 05:54:51,20.93,51.54,388.8,1,13,0,0,0
2026-10-07 05:55:21,20.29,50.03,389.1,0,0,0,0,0
2026-10-07 05:55:51,20.03,50.33,390.5,0,0,0,0,0
2026-10-07 05:56:21,20.2,50.24,389.4,0,0,0,0,0
2026-10-07 05:56:51,20.04,50.53,388.4,0,0,0,0,0
2026-10-07 05:57:21,20.07,49.9,387.7,0,0,0,0,0
2026-10-07 05:57:51,75.0,50.47,386.3,0,0,0,1,2
2026-10-07 05:58:21,20.24,50.32,385.8,0,0,0,0,0
2026-10-07 05:58:51,20.42,50.51,387.2,0,1,0,0,0
2026-10-07 05:59:21,20.31,50.8,386.9,0,0,0,0,0
2026-10-07 05:59:51,20.29,50.83,386.6,0,0,0,0,0
2026-10-07 06:00:21,20.39,49.92,386.6,0,0,0,0,0
2026-10-07 06:00:51,20.29,49.83,385.9,0,0,0,0,0
2026-10-07 06:01:21,20.42,49.99,387.5,0,0,0,0,0
2026-10-07 06:01:51,20.14,50.06,385.9,0,0,0,0,0
2026-10-07 06:02:21,20.12,50.21,385.9,0,0,0,0,0
2026-10-07 06:02:51,20.51,50.21,385.5,0,0,0,0,0
2026-10-07 06:03:21,20.29,49.99,383.5,0,0,0,0,0
2026-10-07 06:03:51,20.24,50.66,380.2,0,0,0,0,0
2026-10-07 06:04:21,19.95,49.94,380.7,0,0,0,0,0
2026-10-07 06:04:51,20.56,50.48,380.0,0,0,0,0,0
2026-10-07 06:05:21,20.34,50.48,380.4,0,0,0,0,0
2026-10-07 06:05:51,20.03,49.82,379.8,0,0,0,0,0
2026-10-07 06:06:21,20.45,50.25,379.8,0,0,0,0,0
2026-10-07 06:06:51,20.28,50.1,379.8,0,0,0,0,0
2026-10-07 06:07:21,20.33,49.92,377.7,0,0,0,0,0
2026-10-07 06:07:51,20.29,49.58,378.2,0,0,0,0,0
2026-10-07 06:08:21,20.42,49.77,379.5,0,0,0,0,0
2026-10-07 06:08:51,20.38,49.86,377.2,0,0,0,0,0
2026-10-07 06:09:21,20.33,49.23,376.9,0,0,0,0,0
2026-10-07 06:09:51,20.23,49.5,376.4,0,0,0,0,0
2026-10-07 06:10:21,20.64,50.0,376.0,0,0,0,0,0
2026-10-07 06:10:51,20.22,50.35,374.8,0,0,0,0,0
2026-10-07 06:11:21,20.21,50.45,372.0,0,0,0,0,0
2026-10-07 06:11:51,19.98,49.97,371.5,0,0,0,0,0
2026-10-07 06:12:21,20.3,49.84,371.3,0,0,0,0,0
2026-10-07 06:12:51,20.49,50.22,370.1,0,0,0,0,0
2026-10-07 06:13:21,20.54,50.59,370.0,0,0,0,0,0
2026-10-07 06:13:51,20.38,49.92,370.0,0,0,0,0,0
2026-10-07 06:14:21,20.51,50.26,370.0,0,0,0,0,0
2026-10-07 06:14:51,20.4,49.73,370.6,0,0,0,0,0
2026-10-07 06:15:21,20.27,50.32,370.0,0,0,0,0,0
2026-10-07 06:15:51,20.24,50.16,370.4,0,1,0,0,0
2026-10-07 06:16:21,20.36,49.93,370.0,0,0,0,0,0
2026-10-07 06:16:51,20.36,49.59,371.1,0,1,0,0,0
2026-10-07 06:17:21,20.55,50.1,370.0,0,0,0,0,0
2026-10-07 06:17:51,20.19,49.89,370.5,0,0,0,0,0
2026-10-07 06:18:21,20.14,49.99,370.0,0,0,0,0,0
2026-10-07 06:18:51,21.3,51.81,370.6,1,8,0,0,0
2026-10-07 06:19:21,20.47,50.03,370.0,0,0,0,0,0
2026-10-07 06:19:51,21.09,51.16,373.4,1,8,0,0,0
2026-10-07 06:20:21,20.39,49.86,373.5,0,0,0,0,0
2026-10-07 06:20:51,20.09,49.75,373.9,0,0,0,0,0
2026-10-07 06:21:21,20.16,50.41,374.6,0,0,0,0,0
2026-10-07 06:21:51,20.29,49.97,375.7,0,0,0,0,0
2026-10-07 06:22:21,20.67,50.18,374.6,0,0,0,0,0
2026-10-07 06:22:51,20.46,49.94,372.6,0,0,0,0,0
2026-10-07 06:23:21,20.36,49.85,370.1,0,0,0,0,0
2026-10-07 06:23:51,20.5,49.63,370.0,0,0,0,0,0
2026-10-07 06:24:21,20.69,50.19,370.2,0,1,0,0,0
2026-10-07 06:24:51,20.41,49.14,371.6,0,0,0,0,0
2026-10-07 06:25:21,20.3,50.1,372.2,0,0,0,0,0
2026-10-07 06:25:51,20.56,50.08,371.8,0,0,0,0,0
2026-10-07 06:26:21,20.72,49.7,372.8,0,0,0,0,0
2026-10-07 06:26:51,20.38,49.68,374.4,0,0,0,0,0
2026-10-07 06:27:21,20.17,49.08,373.1,0,0,0,0,0
2026-10-07 06:27:51,20.46,49.07,372.5,0,0,0,0,0
2026-10-07 06:28:21,20.57,49.72,373.5,0,0,0,0,0
2026-10-07 06:28:51,20.28,49.83,373.7,0,0,0,0,0
2026-10-07 06:29:21,20.43,49.79,371.6,0,0,0,0,0
2026-10-07 06:29:51,20.32,49.69,372.0,0,0,0,0,0
2026-10-07 06:30:21,20.44,50.65,372.5,0,0,0,0,0
2026-10-07 06:30:51,20.44,50.22,374.2,0,0,0,0,0
2026-10-07 06:31:21,20.51,49.77,373.7,0,1,0,0,0
2026-10-07 06:31:51,20.45,49.79,373.9,0,0,0,0,0
2026-10-07 06:32:21,20.34,49.72,374.8,0,1,0,0,0
2026-10-07 06:32:51,21.29,51.62,378.7,1,10,0,0,0
2026-10-07 06:33:21,20.61,49.95,379.5,0,0,0,0,0
2026-10-07 06:33:51,20.57,50.1,379.3,0,0,0,0,0
2026-10-07 06:34:21,20.46,49.54,380.2,0,0,0,0,0
2026-10-07 06:34:51,21.26,50.74,382.2,1,11,0,0,0
2026-10-07 06:35:21,20.63,49.53,381.8,0,1,0,0,0
2026-10-07 06:35:51,20.54,50.1,382.3,0,0,0,0,0
2026-10-07 06:36:21,20.46,50.13,383.0,0,0,0,0,0
2026-10-07 06:36:51,20.47,49.76,383.2,0,0,0,0,0
2026-10-07 06:37:21,20.75,50.22,383.9,0,0,0,0,0
2026-10-07 06:37:51,20.41,50.05,383.6,0,0,0,0,0
2026-10-07 06:38:21,20.4,49.92,382.2,0,0,0,0,0
2026-10-07 06:38:51,20.41,49.38,382.6,0,0,0,0,0
2026-10-07 06:39:21,20.41,49.27,381.3,0,0,0,0,0
2026-10-07 06:39:51,20.69,49.57,381.4,0,0,0,0,0
2026-10-07 06:40:21,20.56,49.2,381.1,0,0,0,0,0
2026-10-07 06:40:51,20.53,49.96,379.0,0,1,0,0,0
2026-10-07 06:41:21,20.43,50.31,379.2,0,1,0,0,0
2026-10-07 06:41:51,20.76,49.35,378.3,0,0,0,0,0
2026-10-07 06:42:21,20.63,49.38,381.3,0,0,0,0,0
2026-10-07 06:42:51,20.43,49.5,382.2,0,0,0,0,0
2026-10-07 06:43:21,20.36,49.34,382.0,0,0,0,0,0
2026-10-07 06:43:51,20.69,48.88,380.9,0,0,0,0,0
2026-10-07 06:44:21,20.51,48.96,379.1,0,0,0,0,0
2026-10-07 06:44:51,20.65,49.24,377.4,0,0,0,0,0
2026-10-07 06:45:21,20.38,49.97,376.5,0,1,0,0,0
2026-10-07 06:45:51,20.58,49.63,375.7,0,0,0,0,0
2026-10-07 06:46:21,20.74,50.53,374.5,0,0,0,0,0
2026-10-07 06:46:51,21.53,51.95,379.5,1,13,0,0,0
2026-10-07 06:47:21,20.47,49.65,378.6,0,1,0,0,0
2026-10-07 06:47:51,20.95,50.13,378.9,0,0,0,0,0
2026-10-07 06:48:21,20.49,49.3,378.7,0,0,0,0,0
2026-10-07 06:48:51,20.61,48.99,378.3,0,0,0,0,0
2026-10-07 06:49:21,20.48,49.82,378.2,0,0,0,0,0
2026-10-07 06:49:51,20.47,49.8,377.1,0,0,0,0,0
2026-10-07 06:50:21,20.78,49.89,377.8,0,0,0,0,0
2026-10-07 06:50:51,21.76,50.41,381.0,1,5,0,0,0
2026-10-07 06:51:21,20.78,49.19,380.3,0,0,0,0,0
2026-10-07 06:51:51,20.74,49.53,379.7,0,0,0,0,0
2026-10-07 06:52:21,20.81,48.94,378.4,0,0,0,0,0
2026-10-07 06:52:51,20.44,49.33,378.3,0,0,0,0,0
2026-10-07 06:53:21,20.56,49.41,378.2,0,0,0,0,0
2026-10-07 06:53:51,20.76,49.79,377.6,0,0,0,0,0
2026-10-07 06:54:21,20.39,49.2,376.3,0,0,0,0,0
2026-10-07 06:54:51,20.57,49.4,377.8,0,0,0,0,0
2026-10-07 06:55:21,20.68,49.52,378.1,0,0,0,0,0
2026-10-07 06:55:51,20.75,49.58,376.9,0,0,0,0,0
2026-10-07 06:56:21,20.59,49.74,377.3,0,0,0,0,0
2026-10-07 06:56:51,20.78,49.71,377.0,0,0,0,0,0
2026-10-07 06:57:21,20.58,49.27,374.9,0,0,0,0,0
2026-10-07 06:57:51,20.72,49.71,374.2,0,0,0,0,0
2026-10-07 06:58:21,20.63,50.01,373.7,0,1,0,0,0
2026-10-07 06:58:51,20.69,49.02,373.2,0,0,0,0,0
2026-10-07 06:59:21,20.42,49.04,373.2,0,0,0,0,0
2026-10-07 06:59:51,20.82,49.08,375.4,0,0,0,0,0
2026-10-07 07:00:21,20.67,49.67,375.8,0,0,0,0,0
2026-10-07 07:00:51,20.72,49.18,374.7,0,0,0,0,0
2026-10-07 07:01:21,20.62,49.51,375.0,0,0,0,0,0
2026-10-07 07:01:51,20.68,49.45,375.1,0,0,0,0,0
2026-10-07 07:02:21,21.56,51.17,377.7,1,13,0,0,0
2026-10-07 07:02:51,20.67,49.65,379.9,0,1,0,0,0
2026-10-07 07:03:21,20.88,49.6,381.3,0,0,0,0,0
2026-10-07 07:03:51,20.83,49.41,379.6,0,0,0,0,0
2026-10-07 07:04:21,20.76,48.69,379.2,0,0,0,0,0
2026-10-07 07:04:51,20.77,49.8,378.9,0,0,0,0,0
2026-10-07 07:05:21,20.7,49.2,378.1,0,1,0,0,0
2026-10-07 07:05:51,20.66,49.42,378.5,0,0,0,0,0
2026-10-07 07:06:21,21.06,49.51,377.2,0,0,0,0,0
2026-10-07 07:06:51,20.74,49.57,378.5,0,0,0,0,0
2026-10-07 07:07:21,20.81,49.23,379.4,0,0,0,0,0
2026-10-07 07:07:51,20.77,49.94,381.7,0,0,0,0,0
2026-10-07 07:08:21,20.83,49.69,382.5,0,0,0,0,0
2026-10-07 07:08:51,20.93,49.31,381.9,0,0,0,0,0
2026-10-07 07:09:21,20.75,49.58,383.2,0,1,0,0,0
2026-10-07 07:09:51,20.87,49.39,385.8,0,0,0,0,0
2026-10-07 07:10:21,20.85,49.38,384.3,0,0,0,0,0
2026-10-07 07:10:51,20.75,49.18,384.3,0,0,0,0,0
2026-10-07 07:11:21,20.9,49.54,384.8,0,0,0,0,0
2026-10-07 07:11:51,20.91,49.05,385.5,0,0,0,0,0
2026-10-07 07:12:21,20.82,49.33,385.5,0,0,0,0,0
2026-10-07 07:12:51,21.1,49.07,386.8,0,0,0,0,0
2026-10-07 07:13:21,20.88,49.75,385.3,0,0,0,0,0
2026-10-07 07:13:51,20.61,49.48,385.2,0,0,0,0,0
2026-10-07 07:14:21,20.95,49.41,385.5,0,0,0,0,0
2026-10-07 07:14:51,20.95,49.26,383.9,0,0,0,0,0
2026-10-07 07:15:21,20.91,49.74,383.7,0,0,0,0,0
2026-10-07 07:15:51,20.94,49.43,382.1,0,1,0,0,0
2026-10-07 07:16:21,20.66,49.42,381.8,0,0,0,0,0
2026-10-07 07:16:51,20.69,49.46,382.0,0,0,0,0,0
2026-10-07 07:17:21,20.88,49.27,382.0,0,1,0,0,0
2026-10-07 07:17:51,21.04,48.83,381.2,0,0,0,0,0
2026-10-07 07:18:21,20.93,48.91,381.4,0,0,0,0,0
2026-10-07 07:18:51,20.87,49.75,380.4,0,0,0,0,0
2026-10-07 07:19:21,20.86,49.33,379.0,0,0,0,0,0
2026-10-07 07:19:51,20.89,48.98,380.0,0,0,0,0,0
2026-10-07 07:20:21,20.97,48.99,378.7,0,1,0,0,0
2026-10-07 07:20:51,20.97,49.58,378.7,0,0,0,0,0
2026-10-07 07:21:21,20.8,48.93,376.4,0,0,0,0,0
2026-10-07 07:21:51,20.89,48.86,377.5,0,0,0,0,0
2026-10-07 07:22:21,21.32,50.37,378.3,1,8,0,0,0
2026-10-07 07:22:51,20.84,48.6,377.3,0,0,0,0,0
2026-10-07 07:23:21,21.76,49.93,379.7,1,10,0,0,0
2026-10-07 07:23:51,20.82,49.63,381.9,0,0,0,0,0
2026-10-07 07:24:21,20.87,49.06,383.2,0,0,0,0,0
2026-10-07 07:24:51,21.05,48.55,381.4,0,1,0,0,0
2026-10-07 07:25:21,21.44,49.14,382.1,0,0,0,0,0
2026-10-07 07:25:51,20.78,49.35,381.0,0,0,0,0,0
2026-10-07 07:26:21,21.68,50.96,382.4,1,7,0,0,0
2026-10-07 07:26:51,20.89,48.67,383.2,0,0,0,0,0
2026-10-07 07:27:21,21.04,49.0,384.3,0,0,0,0,0
2026-10-07 07:27:51,20.76,49.04,382.7,0,0,0,0,0
2026-10-07 07:28:21,21.01,48.81,383.4,0,0,0,0,0
2026-10-07 07:28:51,21.3,49.62,383.3,0,0,0,0,0
2026-10-07 07:29:21,21.18,49.11,380.7,0,1,0,0,0
2026-10-07 07:29:51,21.0,49.18,380.6,0,0,0,0,0
2026-10-07 07:30:21,21.09,48.69,377.6,0,1,0,0,0
2026-10-07 07:30:51,20.93,49.33,378.0,0,0,0,0,0
2026-10-07 07:31:21,20.91,49.15,377.8,0,0,0,0,0
2026-10-07 07:31:51,21.3,49.49,379.6,0,0,0,0,0
2026-10-07 07:32:21,21.11,49.55,380.2,0,0,0,0,0
2026-10-07 07:32:51,20.89,49.11,380.7,0,0,0,0,0
2026-10-07 07:33:21,21.0,49.36,381.5,0,0,0,0,0
2026-10-07 07:33:51,21.39,48.84,381.0,0,0,0,0,0
2026-10-07 07:34:21,21.08,49.3,380.3,0,0,0,0,0
2026-10-07 07:34:51,21.24,48.95,381.4,0,0,0,0,0
2026-10-07 07:35:21,21.01,49.11,379.2,0,0,0,0,0
2026-10-07 07:35:51,21.25,48.35,377.7,0,0,0,0,0
2026-10-07 07:36:21,21.41,48.98,379.4,0,0,0,0,0
2026-10-07 07:36:51,21.1,48.26,379.8,0,0,0,0,0
2026-10-07 07:37:21,20.98,48.69,381.0,0,0,0,0,0
2026-10-07 07:37:51,21.01,49.41,381.6,0,0,0,0,0
2026-10-07 07:38:21,20.89,48.63,381.3,0,0,0,0,0
2026-10-07 07:38:51,21.18,49.15,382.8,0,0,0,0,0
2026-10-07 07:39:21,20.93,49.07,383.0,0,1,0,0,0
2026-10-07 07:39:51,21.17,48.99,382.7,0,0,0,0,0
2026-10-07 07:40:21,21.09,49.06,384.4,0,0,0,0,0
2026-10-07 07:40:51,21.02,48.71,381.6,0,0,0,0,0
2026-10-07 07:41:21,21.34,48.89,381.7,0,0,0,0,0
2026-10-07 07:41:51,20.79,48.48,382.2,0,0,0,0,0
2026-10-07 07:42:21,21.16,49.13,379.8,0,1,0,0,0
2026-10-07 07:42:51,21.22,48.9,379.6,0,0,0,0,0
2026-10-07 07:43:21,21.36,49.06,380.0,0,0,0,0,0
2026-10-07 07:43:51,21.21,49.4,381.0,0,0,0,0,0
2026-10-07 07:44:21,21.51,48.7,381.1,0,0,0,0,0
2026-10-07 07:44:51,21.19,49.43,379.8,0,0,0,0,0
2026-10-07 07:45:21,21.11,48.74,380.0,0,0,0,0,0
2026-10-07 07:45:51,22.0,50.39,383.2,1,11,0,0,0
2026-10-07 07:46:21,-20.0,48.82,381.8,0,0,0,1,2
2026-10-07 07:46:51,21.2,49.33,380.9,0,0,0,0,0
2026-10-07 07:47:21,21.07,49.07,379.8,0,0,0,0,0
2026-10-07 07:47:51,20.9,49.01,378.8,0,1,0,0,0
2026-10-07 07:48:21,22.06,50.61,382.2,1,13,0,0,0
2026-10-07 07:48:51,21.38,48.82,382.2,0,1,0,0,0
2026-10-07 07:49:21,21.31,48.64,381.1,0,0,0,0,0
2026-10-07 07:49:51,21.43,48.48,380.0,0,0,0,0,0
2026-10-07 07:50:21,21.03,49.05,379.0,0,0,0,0,0
2026-10-07 07:50:51,20.99,48.71,377.3,0,0,0,0,0
2026-10-07 07:51:21,21.41,48.73,375.5,0,0,0,0,0
2026-10-07 07:51:51,21.22,48.44,375.5,0,0,0,0,0
2026-10-07 07:52:21,21.15,49.39,376.5,0,0,0,0,0
2026-10-07 07:52:51,21.29,49.13,376.4,0,0,0,0,0
2026-10-07 07:53:21,21.33,49.04,375.3,0,1,0,0,0
2026-10-07 07:53:51,21.42,48.85,375.7,0,0,0,0,0
2026-10-07 07:54:21,21.23,48.21,376.4,0,0,0,0,0
2026-10-07 07:54:51,21.4,48.77,374.2,0,0,0,0,0
2026-10-07 07:55:21,21.25,48.8,374.5,0,0,0,0,0
2026-10-07 07:55:51,21.34,48.88,373.3,0,0,0,0,0
2026-10-07 07:56:21,21.39,49.44,372.7,0,0,0,0,0
2026-10-07 07:56:51,21.52,49.33,372.4,0,0,0,0,0
2026-10-07 07:57:21,21.42,48.65,372.9,0,0,0,0,0
2026-10-07 07:57:51,21.04,48.52,374.4,0,1,0,0,0
2026-10-07 07:58:21,21.15,49.46,373.3,0,0,0,0,0
2026-10-07 07:58:51,21.23,49.07,372.8,0,0,0,0,0
2026-10-07 07:59:21,21.26,49.01,374.1,0,0,0,0,0
2026-10-07 07:59:51,21.16,48.96,373.2,0,0,0,0,0
2026-10-07 08:00:21,21.34,48.85,372.1,0,0,0,0,0
2026-10-07 08:00:51,21.27,49.33,372.4,0,0,0,0,0
2026-10-07 08:01:21,21.4,48.58,372.9,0,0,0,0,0
2026-10-07 08:01:51,21.52,48.04,372.6,0,0,0,0,0
2026-10-07 08:02:21,21.5,48.69,370.3,0,1,0,0,0
2026-10-07 08:02:51,21.33,48.78,371.9,0,0,0,0,0
2026-10-07 08:03:21,21.3,48.64,371.3,0,1,0,0,0
2026-10-07 08:03:51,21.41,48.51,371.2,0,0,0,0,0
2026-10-07 08:04:21,21.24,48.6,371.8,0,0,0,0,0
2026-10-07 08:04:51,21.17,49.32,370.2,0,0,0,0,0
2026-10-07 08:05:21,21.46,48.65,370.0,0,1,0,0,0
2026-10-07 08:05:51,21.58,49.08,370.5,0,0,0,0,0
2026-10-07 08:06:21,21.47,48.56,370.0,0,0,0,0,0
2026-10-07 08:06:51,22.25,50.25,373.8,1,13,0,0,0
2026-10-07 08:07:21,21.13,48.29,374.8,0,0,0,0,0
2026-10-07 08:07:51,21.5,48.71,374.3,0,0,0,0,0
2026-10-07 08:08:21,21.19,48.71,373.2,0,0,0,0,0
2026-10-07 08:08:51,21.63,48.78,373.1,0,0,0,0,0
2026-10-07 08:09:21,21.51,48.88,374.7,0,0,0,0,0
2026-10-07 08:09:51,21.59,48.31,372.9,0,0,0,0,0
2026-10-07 08:10:21,21.35,48.01,374.6,0,0,0,0,0
2026-10-07 08:10:51,21.2,48.6,375.5,0,0,0,0,0
2026-10-07 08:11:21,21.36,48.8,375.4,0,0,0,0,0
2026-10-07 08:11:51,21.62,48.37,377.4,0,0,0,0,0
2026-10-07 08:12:21,21.47,48.51,376.7,0,0,0,0,0
2026-10-07 08:12:51,21.61,48.98,376.1,0,0,0,0,0
2026-10-07 08:13:21,21.66,48.67,377.9,0,0,0,0,0
2026-10-07 08:13:51,21.79,49.21,376.5,0,0,0,0,0
2026-10-07 08:14:21,21.57,48.13,377.7,0,0,0,0,0
2026-10-07 08:14:51,21.45,48.22,377.2,0,0,0,0,0
2026-10-07 08:15:21,21.49,49.15,376.5,0,0,0,0,0
2026-10-07 08:15:51,21.54,48.74,377.9,0,0,0,0,0
2026-10-07 08:16:21,21.51,48.65,377.4,0,0,0,0,0
2026-10-07 08:16:51,21.45,48.58,377.7,0,0,0,0,0
2026-10-07 08:17:21,21.1,48.13,377.3,0,0,0,0,0
2026-10-07 08:17:51,21.17,48.12,376.1,0,0,0,0,0
2026-10-07 08:18:21,21.35,48.85,375.8,0,0,0,0,0
2026-10-07 08:18:51,21.7,47.94,375.3,0,0,0,0,0
2026-10-07 08:19:21,21.79,48.66,374.8,0,0,0,0,0
2026-10-07 08:19:51,22.22,49.43,376.4,1,13,0,0,0
2026-10-07 08:20:21,21.66,48.61,375.9,0,1,0,0,0
2026-10-07 08:20:51,21.64,49.3,375.3,0,0,0,0,0
2026-10-07 08:21:21,21.72,48.31,375.7,0,0,0,0,0
2026-10-07 08:21:51,21.79,48.75,374.5,0,1,0,0,0
2026-10-07 08:22:21,21.68,49.11,374.1,0,0,0,0,0
2026-10-07 08:22:51,21.41,48.79,374.2,0,0,0,0,0
2026-10-07 08:23:21,21.63,48.75,376.3,0,0,0,0,0
2026-10-07 08:23:51,21.54,48.94,375.2,0,0,0,0,0
2026-10-07 08:24:21,21.58,48.63,376.2,0,0,0,0,0
2026-10-07 08:24:51,22.47,50.1,377.6,1,3,0,0,0
2026-10-07 08:25:21,21.74,48.38,376.1,0,0,0,0,0
2026-10-07 08:25:51,21.77,48.37,375.7,0,0,0,0,0
2026-10-07 08:26:21,21.55,48.19,375.5,0,0,0,0,0
2026-10-07 08:26:51,21.66,48.59,374.1,0,0,0,0,0
2026-10-07 08:27:21,21.46,48.76,372.4,0,1,0,0,0
2026-10-07 08:27:51,21.44,48.28,372.8,0,0,0,0,0
2026-10-07 08:28:21,21.71,48.21,373.2,0,0,0,0,0
2026-10-07 08:28:51,21.84,48.35,372.7,0,0,0,0,0
2026-10-07 08:29:21,21.39,48.66,372.0,0,0,0,0,0
2026-10-07 08:29:51,21.65,48.35,371.6,0,0,0,0,0
2026-10-07 08:30:21,21.73,48.5,372.4,0,0,0,0,0
2026-10-07 08:30:51,21.64,48.04,372.7,0,0,0,0,0
2026-10-07 08:31:21,22.38,50.4,375.6,1,9,0,0,0
2026-10-07 08:31:51,22.32,50.4,378.2,1,4,0,0,0
2026-10-07 08:32:21,22.47,49.6,382.2,1,13,0,0,0
2026-10-07 08:32:51,22.67,49.86,384.7,1,8,0,0,0
2026-10-07 08:33:21,22.8,49.95,387.4,1,13,0,0,0
2026-10-07 08:33:51,22.59,50.04,389.7,1,9,0,0,0
2026-10-07 08:34:21,22.33,49.32,392.3,1,12,0,0,0
2026-10-07 08:34:51,22.42,49.87,395.9,1,4,0,0,0
2026-10-07 08:35:21,22.55,49.37,397.3,1,8,0,0,0
2026-10-07 08:35:51,22.21,50.02,400.0,1,7,0,0,0
2026-10-07 08:36:21,22.56,49.86,404.0,1,9,0,0,0
2026-10-07 08:36:51,22.63,49.57,404.7,1,3,0,0,0
2026-10-07 08:37:21,22.5,49.8,409.4,1,13,0,0,0
2026-10-07 08:37:51,22.69,50.62,414.9,1,8,0,0,0
2026-10-07 08:38:21,22.73,50.02,416.9,1,13,0,0,0
2026-10-07 08:38:51,21.85,47.79,415.0,0,0,0,0,0
2026-10-07 08:39:21,21.65,48.53,412.4,0,0,0,0,0
2026-10-07 08:39:51,22.63,49.7,415.8,1,4,0,0,0
2026-10-07 08:40:21,21.61,48.21,412.9,0,0,0,0,0
2026-10-07 08:40:51,22.51,49.74,414.5,1,11,0,0,0
2026-10-07 08:41:21,22.69,49.44,421.7,1,9,0,0,0
2026-10-07 08:41:51,22.78,49.37,426.6,1,10,0,0,0
2026-10-07 08:42:21,21.88,48.53,425.8,0,0,0,0,0
2026-10-07 08:42:51,22.56,49.68,428.8,1,5,0,0,0
2026-10-07 08:43:21,22.5,49.86,428.1,1,8,0,0,0
2026-10-07 08:43:51,22.61,49.61,431.7,1,9,0,0,0
2026-10-07 08:44:21,21.86,48.88,429.0,0,0,0,0,0
2026-10-07 08:44:51,21.87,47.87,426.5,0,0,0,0,0
2026-10-07 08:45:21,22.81,48.61,431.0,1,5,0,0,0
2026-10-07 08:45:51,22.56,49.29,437.4,1,11,0,0,0
2026-10-07 08:46:21,22.4,49.3,442.4,1,3,0,0,0
2026-10-07 08:46:51,22.8,49.78,443.3,1,10,0,0,0
2026-10-07 08:47:21,22.56,48.84,448.5,1,3,0,0,0
2026-10-07 08:47:51,22.77,49.39,455.0,1,11,0,0,0
2026-10-07 08:48:21,21.87,47.97,451.5,0,0,0,0,0
2026-10-07 08:48:51,22.45,50.19,456.4,1,6,0,0,0
2026-10-07 08:49:21,22.59,49.09,464.0,1,8,0,0,0
2026-10-07 08:49:51,22.6,49.26,470.5,1,6,0,0,0
2026-10-07 08:50:21,22.28,48.12,468.7,0,0,0,0,0
2026-10-07 08:50:51,22.6,48.94,474.7,1,5,0,0,0
2026-10-07 08:51:21,22.85,49.41,479.5,1,13,0,0,0
2026-10-07 08:51:51,22.54,49.92,488.1,1,5,0,0,0
2026-10-07 08:52:21,22.49,49.07,493.0,1,9,0,0,0
2026-10-07 08:52:51,22.71,49.64,499.5,1,9,0,0,0
2026-10-07 08:53:21,21.74,48.12,498.1,0,0,0,0,0
2026-10-07 08:53:51,22.81,49.38,505.1,1,8,0,0,1
2026-10-07 08:54:21,22.8,49.35,514.3,1,13,0,0,1
2026-10-07 08:54:51,22.74,49.03,519.5,1,9,0,0,1
2026-10-07 08:55:21,22.72,49.67,524.6,1,11,0,0,1
2026-10-07 08:55:51,21.95,47.64,520.5,0,0,0,0,1
2026-10-07 08:56:21,22.97,49.28,526.4,1,7,0,0,1
2026-10-07 08:56:51,23.09,50.01,531.4,1,9,0,0,1
2026-10-07 08:57:21,22.76,50.06,536.4,1,10,0,0,1
2026-10-07 08:57:51,22.52,49.96,542.2,1,10,0,0,1
2026-10-07 08:58:21,22.81,49.11,542.6,1,11,0,0,1
2026-10-07 08:58:51,22.67,49.58,550.7,1,6,0,0,1
2026-10-07 08:59:21,22.74,49.63,555.6,1,10,0,0,1
2026-10-07 08:59:51,23.1,49.86,562.1,1,4,0,0,1
2026-10-07 09:00:21,21.94,47.87,560.5,0,1,0,0,1
2026-10-07 09:00:51,22.77,49.69,565.5,1,5,0,0,1
2026-10-07 09:01:21,22.84,49.73,572.3,1,3,0,0,1
2026-10-07 09:01:51,22.87,49.24,576.8,1,11,0,0,1
2026-10-07 09:02:21,22.63,49.67,582.3,1,5,0,0,1
2026-10-07 09:02:51,22.76,49.95,585.9,1,6,0,0,1
2026-10-07 09:03:21,22.81,49.64,593.3,1,8,0,0,1
2026-10-07 09:03:51,22.19,47.93,591.0,0,0,0,0,1
2026-10-07 09:04:21,22.68,49.8,592.9,1,3,0,0,1
2026-10-07 09:04:51,22.92,48.91,597.9,1,7,0,0,1
2026-10-07 09:05:21,22.76,49.5,607.3,1,7,0,0,1
2026-10-07 09:05:51,22.73,49.75,614.5,1,13,0,0,1
2026-10-07 09:06:21,22.73,49.3,621.3,1,12,0,0,1
2026-10-07 09:06:51,22.87,49.15,630.2,1,5,0,0,1
2026-10-07 09:07:21,22.96,49.51,634.7,1,13,0,0,1
2026-10-07 09:07:51,23.06,49.06,642.8,1,13,0,0,1
2026-10-07 09:08:21,22.75,49.72,646.8,1,9,0,0,1
2026-10-07 09:08:51,22.79,49.35,650.5,1,6,0,0,1
2026-10-07 09:09:21,22.94,48.97,655.2,1,8,0,0,1
2026-10-07 09:09:51,22.9,49.52,661.4,1,12,0,0,1
2026-10-07 09:10:21,23.03,49.45,670.2,1,10,0,0,1
2026-10-07 09:10:51,23.06,48.8,672.0,1,9,0,0,1
2026-10-07 09:11:21,23.09,49.28,677.1,1,13,0,0,1
2026-10-07 09:11:51,22.93,48.48,682.4,1,13,0,0,1
2026-10-07 09:12:21,22.83,49.92,689.5,1,3,0,0,1
2026-10-07 09:12:51,22.37,48.08,687.8,0,0,0,0,1
2026-10-07 09:13:21,22.97,49.21,692.3,1,6,0,0,1
2026-10-07 09:13:51,21.98,47.54,690.6,0,0,0,0,1
2026-10-07 09:14:21,22.99,49.26,695.2,1,11,0,0,1
2026-10-07 09:14:51,22.93,50.16,696.9,1,7,0,0,1
2026-10-07 09:15:21,22.69,48.76,700.6,1,3,0,0,1
2026-10-07 09:15:51,23.01,49.45,707.9,1,11,0,0,1
2026-10-07 09:16:21,23.06,49.21,712.9,1,6,0,0,1
2026-10-07 09:16:51,22.34,48.08,710.9,0,0,0,0,1
2026-10-07 09:17:21,22.84,49.53,718.8,1,6,0,0,1
2026-10-07 09:17:51,23.04,48.94,726.2,1,13,0,0,1
2026-10-07 09:18:21,23.2,49.42,729.1,1,10,0,0,1
2026-10-07 09:18:51,22.35,48.19,727.9,0,0,0,0,1
2026-10-07 09:19:21,23.01,49.45,733.4,1,12,0,0,1
2026-10-07 09:19:51,22.95,49.37,742.8,1,6,0,0,1
2026-10-07 09:20:21,22.94,49.24,748.5,1,3,0,0,1
2026-10-07 09:20:51,22.34,47.13,746.8,0,0,0,0,1
2026-10-07 09:21:21,22.96,49.3,753.5,1,6,0,0,1
2026-10-07 09:21:51,21.99,47.5,752.8,0,0,0,0,1
2026-10-07 09:22:21,23.1,49.62,755.9,1,10,0,0,1
2026-10-07 09:22:51,23.0,48.87,760.2,1,4,0,0,1
2026-10-07 09:23:21,23.02,49.45,766.6,1,11,0,0,1
2026-10-07 09:23:51,22.95,49.17,774.9,1,13,0,0,1
2026-10-07 09:24:21,22.35,48.03,774.0,0,0,0,0,1
2026-10-07 09:24:51,23.17,49.1,779.3,1,3,0,0,1
2026-10-07 09:25:21,22.82,49.21,784.4,1,4,0,0,1
2026-10-07 09:25:51,21.87,48.71,783.4,1,13,1,0,1
2026-10-07 09:26:21,21.17,47.98,776.0,0,0,1,0,1
2026-10-07 09:26:51,21.79,49.39,780.2,1,3,1,0,1
2026-10-07 09:27:21,21.85,49.91,782.0,1,12,1,0,1
2026-10-07 09:27:51,22.01,49.49,786.4,1,5,1,0,1
2026-10-07 09:28:21,21.99,49.06,790.6,1,12,1,0,1
2026-10-07 09:28:51,21.95,48.76,792.5,1,8,1,0,1
2026-10-07 09:29:21,21.89,48.55,794.9,1,3,1,0,1
2026-10-07 09:29:51,21.81,49.84,799.0,1,6,1,0,1
2026-10-07 09:30:21,21.99,49.4,800.1,1,5,1,0,1
2026-10-07 09:30:51,21.77,49.1,797.5,1,9,1,0,1
2026-10-07 09:31:21,21.04,47.74,791.2,0,0,1,0,1
2026-10-07 09:31:51,22.06,49.33,794.5,1,7,1,0,1
2026-10-07 09:32:21,21.85,48.94,796.1,1,4,1,0,1
2026-10-07 09:32:51,21.44,47.2,790.0,0,0,1,0,1
2026-10-07 09:33:21,21.72,48.52,793.8,1,11,1,0,1
2026-10-07 09:33:51,22.16,49.36,797.2,1,9,1,0,1
2026-10-07 09:34:21,21.18,47.72,792.7,0,0,1,0,1
2026-10-07 09:34:51,21.95,48.9,795.0,1,4,1,0,1
2026-10-07 09:35:21,22.13,48.75,799.0,1,4,1,0,1
2026-10-07 09:35:51,22.02,48.64,802.7,1,4,1,0,1
2026-10-07 09:36:21,21.89,48.95,803.0,1,9,1,0,1
2026-10-07 09:36:51,22.07,49.05,808.0,1,10,1,0,1
2026-10-07 09:37:21,22.02,48.66,809.0,1,5,1,0,1
2026-10-07 09:37:51,22.03,49.36,812.9,1,7,1,0,1
2026-10-07 09:38:21,21.3,47.61,806.7,0,0,1,0,1
2026-10-07 09:38:51,21.12,47.71,799.3,0,0,1,0,1
2026-10-07 09:39:21,21.91,49.26,802.7,1,7,1,0,1
2026-10-07 09:39:51,21.97,48.68,802.6,1,4,1,0,1
2026-10-07 09:40:21,22.34,48.58,801.9,1,6,1,0,1
2026-10-07 09:40:51,22.22,49.33,805.3,1,10,1,0,1
2026-10-07 09:41:21,22.01,48.9,804.3,1,7,1,0,1
2026-10-07 09:41:51,21.9,48.8,808.2,1,12,1,0,1
2026-10-07 09:42:21,21.13,48.02,799.8,0,0,1,0,1
2026-10-07 09:42:51,21.85,49.46,801.8,1,8,1,0,1
2026-10-07 09:43:21,21.88,49.57,802.7,1,5,1,0,1
2026-10-07 09:43:51,22.05,48.95,805.5,1,10,1,0,1
2026-10-07 09:44:21,22.24,48.77,809.0,1,13,1,0,1
2026-10-07 09:44:51,22.0,48.76,808.7,1,6,1,0,1
2026-10-07 09:45:21,22.27,48.87,809.8,1,6,1,0,1
2026-10-07 09:45:51,22.36,48.51,812.8,1,3,1,0,1
2026-10-07 09:46:21,22.3,48.95,816.8,1,3,1,0,1
2026-10-07 09:46:51,22.18,48.91,819.3,1,13,1,0,1
2026-10-07 09:47:21,22.2,49.17,819.0,1,13,1,0,1
2026-10-07 09:47:51,22.28,49.22,819.4,1,6,1,0,1
2026-10-07 09:48:21,21.05,47.03,811.7,0,0,1,0,1
2026-10-07 09:48:51,22.06,48.52,817.2,1,4,1,0,1
2026-10-07 09:49:21,22.16,49.54,817.3,1,5,1,0,1
2026-10-07 09:49:51,22.16,49.2,817.0,1,8,1,0,1
2026-10-07 09:50:21,22.26,48.6,818.0,1,11,1,0,1
2026-10-07 09:50:51,22.1,48.43,816.1,1,10,1,0,1
2026-10-07 09:51:21,22.06,49.73,815.2,1,8,1,0,1
2026-10-07 09:51:51,22.21,49.5,819.3,1,12,1,0,1
2026-10-07 09:52:21,22.21,49.34,816.6,1,9,1,0,1
2026-10-07 09:52:51,21.0,46.85,810.8,0,0,1,0,1
2026-10-07 09:53:21,22.15,49.3,810.4,1,6,1,0,1
2026-10-07 09:53:51,21.38,47.83,803.6,0,1,1,0,1
2026-10-07 09:54:21,22.19,48.97,807.0,1,3,1,0,1
2026-10-07 09:54:51,22.11,49.11,811.6,1,13,1,0,1
2026-10-07 09:55:21,22.59,48.22,816.2,1,6,1,0,1
2026-10-07 09:55:51,22.0,48.84,815.3,1,9,1,0,1
2026-10-07 09:56:21,21.58,47.21,808.2,0,0,1,0,1
2026-10-07 09:56:51,22.25,48.23,808.3,1,6,1,0,1
2026-10-07 09:57:21,22.15,49.13,807.3,1,5,1,0,1
2026-10-07 09:57:51,22.37,49.34,806.5,1,3,1,0,1
2026-10-07 09:58:21,22.33,49.01,809.5,1,8,1,0,1
2026-10-07 09:58:51,22.18,49.56,814.0,1,8,1,0,1
2026-10-07 09:59:21,22.05,48.51,814.7,1,8,1,0,1
2026-10-07 09:59:51,21.79,48.59,809.8,1,9,1,0,1
2026-10-07 10:00:21,22.39,48.82,812.2,1,5,1,0,1
2026-10-07 10:00:51,22.03,47.93,813.8,1,8,1,0,1
2026-10-07 10:01:21,22.41,48.4,817.2,1,7,1,0,1
2026-10-07 10:01:51,21.97,48.71,819.1,1,7,1,0,1
2026-10-07 10:02:21,21.21,47.39,812.3,0,1,1,0,1
2026-10-07 10:02:51,22.5,48.77,814.2,1,12,1,0,1
2026-10-07 10:03:21,22.1,49.08,818.4,1,3,1,0,1
2026-10-07 10:03:51,22.56,49.43,820.4,1,3,1,0,1
2026-10-07 10:04:21,21.44,47.45,814.6,0,0,1,0,1
2026-10-07 10:04:51,22.37,48.8,813.6,1,12,1,0,1
2026-10-07 10:05:21,22.44,49.11,814.1,1,5,1,0,1
2026-10-07 10:05:51,22.51,48.93,818.2,1,10,1,0,1
2026-10-07 10:06:21,21.53,47.23,812.2,0,0,1,0,1
2026-10-07 10:06:51,21.49,46.82,806.7,0,0,1,0,1
2026-10-07 10:07:21,22.47,47.74,807.9,1,11,1,0,1
2026-10-07 10:07:51,22.41,48.62,807.7,1,6,1,0,1
2026-10-07 10:08:21,22.33,48.51,813.9,1,5,1,0,1
2026-10-07 10:08:51,21.65,46.69,806.8,0,0,1,0,1
2026-10-07 10:09:21,22.14,48.12,808.6,1,5,1,0,1
2026-10-07 10:09:51,22.15,48.97,811.4,1,6,1,0,1
2026-10-07 10:10:21,22.36,48.16,814.0,1,4,1,0,1
2026-10-07 10:10:51,21.64,47.3,809.4,0,0,1,0,1
2026-10-07 10:11:21,22.44,48.76,811.9,1,10,1,0,1
2026-10-07 10:11:51,22.26,48.81,813.1,1,11,1,0,1
2026-10-07 10:12:21,22.24,48.47,814.8,1,4,1,0,1
2026-10-07 10:12:51,22.44,48.54,817.4,1,7,1,0,1
2026-10-07 10:13:21,22.2,48.61,817.0,1,12,1,0,1
2026-10-07 10:13:51,21.76,47.29,811.2,0,0,1,0,1
2026-10-07 10:14:21,22.31,48.7,809.6,1,9,1,0,1
2026-10-07 10:14:51,22.2,48.73,811.7,1,5,1,0,1
2026-10-07 10:15:21,21.6,47.75,807.3,0,0,1,0,1
2026-10-07 10:15:51,22.34,47.93,811.7,1,12,1,0,1
2026-10-07 10:16:21,22.61,47.92,808.9,1,4,1,0,1
2026-10-07 10:16:51,22.2,48.87,2500.0,1,13,1,1,2
2026-10-07 10:17:21,22.34,49.02,1250.0,1,7,1,0,2
2026-10-07 10:17:51,21.68,47.03,1243.1,0,0,1,0,2
2026-10-07 10:18:21,22.57,48.57,1247.6,1,11,1,0,2
2026-10-07 10:18:51,22.5,48.69,1245.1,1,5,1,0,2
2026-10-07 10:19:21,22.14,48.54,1249.9,1,3,1,0,2
2026-10-07 10:19:51,22.21,49.03,1250.0,1,11,1,0,2
2026-10-07 10:20:21,22.43,48.55,1250.0,1,5,1,0,2
2026-10-07 10:20:51,22.68,49.07,1250.0,1,12,1,0,2
2026-10-07 10:21:21,22.65,48.2,1247.5,1,8,1,0,2
2026-10-07 10:21:51,22.35,48.71,1247.3,1,10,1,0,2
2026-10-07 10:22:21,22.67,48.82,1248.4,1,4,1,0,2
2026-10-07 10:22:51,22.61,48.31,1249.9,1,5,1,0,2
2026-10-07 10:23:21,22.69,48.5,1250.0,1,4,1,0,2
2026-10-07 10:23:51,22.51,48.5,1250.0,1,5,1,0,2
2026-10-07 10:24:21,22.67,48.39,1250.0,1,11,1,0,2
2026-10-07 10:24:51,22.39,48.62,1250.0,1,6,1,0,2
2026-10-07 10:25:21,21.75,46.98,1243.0,0,1,1,0,2
2026-10-07 10:25:51,21.83,46.72,1237.2,0,0,1,0,2
2026-10-07 10:26:21,22.46,48.27,1239.9,1,6,1,0,2
2026-10-07 10:26:51,21.89,46.75,1231.6,0,0,1,0,2
2026-10-07 10:27:21,22.75,48.52,1235.2,1,5,1,0,2
2026-10-07 10:27:51,22.49,47.86,1238.3,1,7,1,0,2
2026-10-07 10:28:21,22.61,48.42,1239.3,1,6,1,0,2
2026-10-07 10:28:51,22.67,48.89,1244.6,1,12,1,0,2
2026-10-07 10:29:21,22.54,48.08,1245.5,1,7,1,0,2
2026-10-07 10:29:51,22.61,48.66,1244.3,1,4,1,0,2
2026-10-07 10:30:21,22.5,48.49,1244.8,1,3,1,0,2
2026-10-07 10:30:51,22.65,48.36,1248.8,1,7,1,0,2
2026-10-07 10:31:21,22.62,48.02,1250.0,1,10,1,0,2
2026-10-07 10:31:51,22.7,48.33,1250.0,1,12,1,0,2
2026-10-07 10:32:21,22.56,48.44,1250.0,1,12,1,0,2
2026-10-07 10:32:51,22.47,48.4,1250.0,1,9,1,0,2
2026-10-07 10:33:21,22.67,48.2,1250.0,1,5,1,0,2
2026-10-07 10:33:51,23.01,48.01,1250.0,1,7,1,0,2
2026-10-07 10:34:21,22.48,48.31,1247.7,1,3,1,0,2
2026-10-07 10:34:51,22.61,48.56,1250.0,1,8,1,0,2
2026-10-07 10:35:21,22.74,47.78,1248.5,1,9,1,0,2
2026-10-07 10:35:51,22.32,48.69,1246.8,1,7,1,0,2
2026-10-07 10:36:21,22.53,48.74,1249.4,1,6,1,0,2
2026-10-07 10:36:51,22.67,48.81,1250.0,1,10,1,0,2
2026-10-07 10:37:21,21.83,47.45,1243.3,0,0,1,0,2
2026-10-07 10:37:51,22.66,48.09,1246.1,1,8,1,0,2
2026-10-07 10:38:21,22.55,48.36,1249.2,1,6,1,0,2
2026-10-07 10:38:51,22.68,48.54,1250.0,1,7,1,0,2
2026-10-07 10:39:21,22.03,46.99,1244.7,0,0,1,0,2
2026-10-07 10:39:51,22.66,48.41,1245.1,1,12,1,0,2
2026-10-07 10:40:21,22.69,48.6,1250.0,1,5,1,0,2
2026-10-07 10:40:51,22.72,48.32,1250.0,1,5,1,0,2
2026-10-07 10:41:21,21.77,46.84,1243.7,0,0,1,0,2
2026-10-07 10:41:51,21.9,46.73,1236.5,0,0,1,0,2
2026-10-07 10:42:21,21.85,46.83,1231.6,0,0,1,0,2
2026-10-07 10:42:51,22.78,48.3,1233.8,1,6,1,0,2
2026-10-07 10:43:21,22.57,48.0,1236.9,1,7,1,0,2
2026-10-07 10:43:51,22.57,47.83,1238.4,1,10,1,0,2
2026-10-07 10:44:21,22.63,48.07,1242.0,1,8,1,0,2
2026-10-07 10:44:51,21.9,47.02,1235.7,0,0,1,0,2
2026-10-07 10:45:21,22.72,48.56,1235.6,1,8,1,0,2
2026-10-07 10:45:51,22.85,48.1,1234.6,1,5,1,0,2
2026-10-07 10:46:21,22.88,48.61,1238.6,1,13,1,0,2
2026-10-07 10:46:51,22.42,48.13,1240.6,1,12,1,0,2
2026-10-07 10:47:21,23.04,47.75,1242.7,1,8,1,0,2
2026-10-07 10:47:51,22.89,48.37,1247.2,1,12,1,0,2
2026-10-07 10:48:21,22.84,48.11,1244.1,1,7,1,0,2
2026-10-07 10:48:51,22.87,48.13,1243.1,1,10,1,0,2
2026-10-07 10:49:21,22.79,48.07,1245.2,1,3,1,0,2
2026-10-07 10:49:51,22.67,48.19,1246.4,1,11,1,0,2
2026-10-07 10:50:21,22.62,48.48,1245.4,1,11,1,0,2
2026-10-07 10:50:51,22.81,47.92,1244.2,1,10,1,0,2
2026-10-07 10:51:21,22.86,48.19,1247.2,1,9,1,0,2
2026-10-07 10:51:51,22.8,47.78,1247.7,1,3,1,0,2
2026-10-07 10:52:21,22.67,47.84,1250.0,1,4,1,0,2
2026-10-07 10:52:51,22.54,48.27,1249.3,1,12,1,0,2
2026-10-07 10:53:21,22.73,48.17,1247.4,1,5,1,0,2
2026-10-07 10:53:51,22.62,47.77,1250.0,1,3,1,0,2
2026-10-07 10:54:21,22.8,48.02,1249.3,1,3,1,0,2
2026-10-07 10:54:51,21.78,46.54,1241.8,0,0,1,0,2
2026-10-07 10:55:21,22.65,48.12,1245.6,1,12,1,0,2
2026-10-07 10:55:51,22.78,48.14,1247.4,1,8,1,0,2
2026-10-07 10:56:21,22.95,48.6,1247.1,1,3,1,0,2
2026-10-07 10:56:51,22.64,48.03,1249.6,1,3,1,0,2
2026-10-07 10:57:21,22.75,48.25,1250.0,1,6,1,0,2
2026-10-07 10:57:51,22.96,48.19,1250.0,1,7,1,0,2
2026-10-07 10:58:21,22.91,48.14,1250.0,1,9,1,0,2
2026-10-07 10:58:51,22.81,48.4,1250.0,1,8,1,0,2
2026-10-07 10:59:21,23.06,48.36,1250.0,1,4,1,0,2
2026-10-07 10:59:51,22.92,47.9,1250.0,1,4,1,0,2
2026-10-07 11:00:21,22.1,46.13,1243.2,0,0,1,0,2
2026-10-07 11:00:51,22.93,47.57,1244.7,1,13,1,0,2
2026-10-07 11:01:21,23.01,47.4,1246.0,1,11,1,0,2
2026-10-07 11:01:51,22.98,47.49,1247.6,1,7,1,0,2
2026-10-07 11:02:21,22.83,47.85,1250.0,1,11,1,0,2
2026-10-07 11:02:51,22.1,45.9,1245.2,0,0,1,0,2
2026-10-07 11:03:21,22.8,47.83,1247.4,1,5,1,0,2
2026-10-07 11:03:51,22.51,48.54,1247.8,1,10,1,0,2
2026-10-07 11:04:21,22.67,47.38,1249.3,1,9,1,0,2
2026-10-07 11:04:51,22.95,48.04,1250.0,1,3,1,0,2
2026-10-07 11:05:21,22.12,46.0,1241.7,0,0,1,0,2
2026-10-07 11:05:51,23.11,47.38,1243.0,1,3,1,0,2
2026-10-07 11:06:21,22.65,47.73,1243.2,1,5,1,0,2
2026-10-07 11:06:51,22.85,48.2,1248.1,1,11,1,0,2
2026-10-07 11:07:21,23.07,47.42,1250.0,1,5,1,0,2
2026-10-07 11:07:51,23.08,48.35,1250.0,1,7,1,0,2
2026-10-07 11:08:21,22.31,46.18,1246.1,0,0,1,0,2
2026-10-07 11:08:51,23.06,47.77,1248.6,1,4,1,0,2
2026-10-07 11:09:21,22.78,47.71,1250.0,1,6,1,0,2
2026-10-07 11:09:51,23.01,47.98,1250.0,1,4,1,0,2
2026-10-07 11:10:21,23.0,47.74,1247.9,1,13,1,0,2
2026-10-07 11:10:51,22.99,48.24,1249.0,1,11,1,0,2
2026-10-07 11:11:21,22.18,46.78,1241.8,0,0,1,0,2
2026-10-07 11:11:51,22.98,48.25,1241.1,1,10,1,0,2
2026-10-07 11:12:21,22.93,47.8,1240.3,1,6,1,0,2
2026-10-07 11:12:51,22.21,46.79,1234.0,0,0,1,0,2
2026-10-07 11:13:21,23.08,47.63,1234.4,1,10,1,0,2
2026-10-07 11:13:51,23.02,47.42,1234.4,1,3,1,0,2
2026-10-07 11:14:21,22.96,47.69,1235.2,1,3,1,0,2
2026-10-07 11:14:51,22.92,47.7,1236.1,1,9,1,0,2
2026-10-07 11:15:21,23.05,48.0,1239.5,1,12,1,0,2
2026-10-07 11:15:51,22.79,48.31,1242.8,1,3,1,0,2
2026-10-07 11:16:21,23.08,47.51,1243.0,1,6,1,0,2
2026-10-07 11:16:51,22.98,47.09,1243.3,1,4,1,0,2
2026-10-07 11:17:21,22.66,47.89,1242.7,1,13,1,0,2
2026-10-07 11:17:51,22.92,48.31,2500.0,1,11,1,1,2
2026-10-07 11:18:21,23.13,48.14,1250.0,1,10,1,0,2
2026-10-07 11:18:51,23.03,47.59,1246.8,1,4,1,0,2
2026-10-07 11:19:21,22.72,48.19,1247.4,1,6,1,0,2
2026-10-07 11:19:51,23.03,47.58,1248.4,1,11,1,0,2
2026-10-07 11:20:21,23.14,48.04,1250.0,1,9,1,0,2
2026-10-07 11:20:51,22.95,47.71,1250.0,1,11,1,0,2
2026-10-07 11:21:21,22.92,48.2,1250.0,1,5,1,0,2
2026-10-07 11:21:51,23.43,47.25,1250.0,1,13,1,0,2
2026-10-07 11:22:21,22.31,46.56,1243.1,0,0,1,0,2
2026-10-07 11:22:51,23.15,48.24,1244.3,1,4,1,0,2
2026-10-07 11:23:21,23.12,47.79,1244.6,1,8,1,0,2
2026-10-07 11:23:51,22.55,46.26,1239.1,0,0,1,0,2
2026-10-07 11:24:21,22.27,45.96,1232.7,0,0,1,0,2
2026-10-07 11:24:51,22.98,48.04,1234.3,1,5,1,0,2
2026-10-07 11:25:21,22.65,48.01,1232.6,1,9,1,0,2
2026-10-07 11:25:51,23.2,47.55,1232.6,1,9,1,0,2
2026-10-07 11:26:21,22.34,46.45,1228.1,0,0,1,0,2
2026-10-07 11:26:51,23.13,47.64,1231.1,1,4,1,0,2
2026-10-07 11:27:21,23.09,48.06,1235.0,1,12,1,0,2
2026-10-07 11:27:51,23.05,47.85,1238.6,1,9,1,0,2
2026-10-07 11:28:21,23.13,47.87,1241.3,1,7,1,0,2
2026-10-07 11:28:51,22.23,46.18,1234.9,0,0,1,0,2
2026-10-07 11:29:21,23.42,47.74,1235.5,1,6,1,0,2
2026-10-07 11:29:51,23.09,47.37,1234.2,1,10,1,0,2
2026-10-07 11:30:21,23.03,48.35,1236.0,1,6,1,0,2
2026-10-07 11:30:51,23.28,48.06,1235.7,1,3,1,0,2
2026-10-07 11:31:21,23.31,47.4,1233.9,1,11,1,0,2
2026-10-07 11:31:51,23.13,47.67,1237.4,1,12,1,0,2
2026-10-07 11:32:21,23.0,47.73,1241.9,1,6,1,0,2
2026-10-07 11:32:51,23.1,47.52,1245.1,1,8,1,0,2
2026-10-07 11:33:21,22.27,46.2,1240.0,0,0,1,0,2
2026-10-07 11:33:51,23.22,47.1,1238.7,1,12,1,0,2
2026-10-07 11:34:21,23.32,48.12,1240.2,1,3,1,0,2
2026-10-07 11:34:51,22.14,45.76,1234.8,0,0,1,0,2
2026-10-07 11:35:21,22.5,45.9,1226.6,0,0,1,0,2
2026-10-07 11:35:51,23.52,47.27,1230.1,1,9,1,0,2
2026-10-07 11:36:21,22.53,46.21,1223.4,0,0,1,0,2
2026-10-07 11:36:51,23.36,48.13,1223.1,1,4,1,0,2
2026-10-07 11:37:21,23.19,48.18,1222.1,1,5,1,0,2
2026-10-07 11:37:51,22.96,47.75,1220.0,1,5,1,0,2
2026-10-07 11:38:21,22.94,48.04,1217.5,1,12,1,0,2
2026-10-07 11:38:51,23.38,47.47,1217.9,1,9,1,0,2
2026-10-07 11:39:21,23.28,46.75,1217.2,1,5,1,0,2
2026-10-07 11:39:51,22.69,46.44,1210.0,0,0,1,0,2
2026-10-07 11:40:21,23.21,47.33,1210.5,1,10,1,0,2
2026-10-07 11:40:51,22.44,45.73,1203.9,0,0,1,0,2
2026-10-07 11:41:21,23.34,47.63,1207.1,1,12,1,0,2
2026-10-07 11:41:51,23.4,47.31,1206.6,1,4,1,0,2
2026-10-07 11:42:21,23.18,48.16,1209.8,1,3,1,0,2
2026-10-07 11:42:51,23.23,47.8,1208.6,1,8,1,0,2
2026-10-07 11:43:21,23.2,47.58,1208.9,1,3,1,0,2
2026-10-07 11:43:51,23.12,47.59,1211.3,1,5,1,0,2
2026-10-07 11:44:21,23.28,47.44,1210.1,1,7,1,0,2
2026-10-07 11:44:51,23.44,47.29,1209.5,1,5,1,0,2
2026-10-07 11:45:21,23.49,47.15,1213.3,1,3,1,0,2
2026-10-07 11:45:51,23.52,47.77,1215.8,1,6,1,0,2
2026-10-07 11:46:21,23.06,47.02,1215.4,1,4,1,0,2
2026-10-07 11:46:51,23.2,47.44,1215.2,1,13,1,0,2
2026-10-07 11:47:21,23.37,47.28,1216.4,1,11,1,0,2
2026-10-07 11:47:51,22.18,45.74,1209.8,0,0,1,0,2
2026-10-07 11:48:21,23.21,47.63,1212.7,1,12,1,0,2
2026-10-07 11:48:51,23.43,47.77,1214.0,1,4,1,0,2
2026-10-07 11:49:21,23.29,47.08,1217.2,1,6,1,0,2
2026-10-07 11:49:51,23.35,47.67,1215.6,1,12,1,0,2
2026-10-07 11:50:21,23.09,47.7,1217.1,1,6,1,0,2
2026-10-07 11:50:51,23.48,48.15,1220.4,1,7,1,0,2
2026-10-07 11:51:21,23.35,46.75,1223.8,1,4,1,0,2
2026-10-07 11:51:51,23.32,46.76,1222.1,1,5,1,0,2
2026-10-07 11:52:21,22.38,46.33,1215.7,0,0,1,0,2
2026-10-07 11:52:51,23.24,46.88,1213.6,1,11,1,0,2
2026-10-07 11:53:21,23.34,47.53,1213.9,1,9,1,0,2
2026-10-07 11:53:51,23.29,47.22,1216.5,1,10,1,0,2
2026-10-07 11:54:21,23.49,47.95,1215.8,1,9,1,0,2
2026-10-07 11:54:51,23.21,47.31,1219.7,1,9,1,0,2
2026-10-07 11:55:21,23.18,46.69,1222.3,1,4,1,0,2
2026-10-07 11:55:51,23.34,47.55,1224.4,1,11,1,0,2
2026-10-07 11:56:21,23.23,46.89,1228.1,1,5,1,0,2
2026-10-07 11:56:51,23.28,47.26,1230.5,1,6,1,0,2
2026-10-07 11:57:21,23.2,47.06,1230.9,1,13,1,0,2
2026-10-07 11:57:51,22.6,46.44,1225.2,0,0,1,0,2
2026-10-07 11:58:21,23.31,47.18,1228.0,1,13,1,0,2
2026-10-07 11:58:51,22.48,46.04,1221.9,0,0,1,0,2
2026-10-07 11:59:21,23.43,47.45,1224.7,1,6,1,0,2
2026-10-07 11:59:51,23.14,47.59,1226.4,1,8,1,0,2
2026-10-07 12:00:21,23.57,48.18,1230.0,1,13,1,0,2
2026-10-07 12:00:51,22.62,45.64,1224.3,0,0,1,0,2
2026-10-07 12:01:21,23.26,47.51,1227.4,1,6,1,0,2
2026-10-07 12:01:51,23.25,47.0,1229.4,1,4,1,0,2
2026-10-07 12:02:21,23.56,47.49,1230.2,1,3,1,0,2
2026-10-07 12:02:51,23.28,47.1,1229.9,1,8,1,0,2
2026-10-07 12:03:21,23.36,47.32,1229.0,1,6,1,0,2
2026-10-07 12:03:51,23.59,47.0,1231.0,1,3,1,0,2
2026-10-07 12:04:21,23.18,47.37,1232.4,1,4,1,0,2
2026-10-07 12:04:51,22.98,46.09,1226.1,0,0,1,0,2
2026-10-07 12:05:21,23.38,47.47,1222.9,1,5,1,0,2
2026-10-07 12:05:51,23.35,46.86,1228.5,1,6,1,0,2
2026-10-07 12:06:21,23.46,46.88,1232.8,1,11,1,0,2
2026-10-07 12:06:51,23.4,46.99,1235.5,1,6,1,0,2
2026-10-07 12:07:21,23.0,47.33,1236.0,1,13,1,0,2
2026-10-07 12:07:51,23.43,47.17,1235.6,1,11,1,0,2
2026-10-07 12:08:21,22.45,46.31,1229.3,0,0,1,0,2
2026-10-07 12:08:51,23.55,47.88,1229.4,1,3,1,0,2
2026-10-07 12:09:21,23.54,48.05,1229.9,1,12,1,0,2
2026-10-07 12:09:51,23.38,47.18,1229.4,1,8,1,0,2
2026-10-07 12:10:21,23.43,47.21,1230.0,1,10,1,0,2
2026-10-07 12:10:51,23.42,47.82,1229.6,1,10,1,0,2
2026-10-07 12:11:21,22.67,46.01,1223.2,0,0,1,0,2
2026-10-07 12:11:51,23.59,47.2,1221.0,1,12,1,0,2
2026-10-07 12:12:21,23.38,47.16,1221.6,1,8,1,0,2
2026-10-07 12:12:51,23.35,46.68,1221.1,1,13,1,0,2
2026-10-07 12:13:21,23.42,46.86,1226.4,1,8,1,0,2
2026-10-07 12:13:51,23.35,47.8,1228.6,1,3,1,0,2
2026-10-07 12:14:21,23.37,46.93,1234.2,1,10,1,0,2
2026-10-07 12:14:51,23.5,47.11,1241.1,1,11,1,0,2
2026-10-07 12:15:21,23.47,47.22,1243.8,1,8,1,0,2
2026-10-07 12:15:51,23.58,47.4,1243.8,1,11,1,0,2
2026-10-07 12:16:21,22.65,46.2,1237.5,0,0,1,0,2
2026-10-07 12:16:51,23.72,47.26,1241.1,1,8,1,0,2
2026-10-07 12:17:21,22.85,45.5,1235.4,0,0,1,0,2
2026-10-07 12:17:51,23.3,47.27,1239.6,1,4,1,0,2
2026-10-07 12:18:21,23.42,47.73,1239.7,1,7,1,0,2
2026-10-07 12:18:51,23.5,47.23,1241.9,1,4,1,0,2
2026-10-07 12:19:21,22.81,46.67,1234.3,0,0,1,0,2
2026-10-07 12:19:51,23.41,46.72,1236.7,1,3,1,0,2
2026-10-07 12:20:21,23.41,47.17,1237.0,1,8,1,0,2
2026-10-07 12:20:51,23.46,47.84,1238.5,1,6,1,0,2
2026-10-07 12:21:21,23.35,47.23,1237.9,1,3,1,0,2
2026-10-07 12:21:51,23.62,47.48,1241.4,1,3,1,0,2
2026-10-07 12:22:21,23.45,46.84,1243.8,1,10,1,0,2
2026-10-07 12:22:51,23.28,47.57,1245.2,1,7,1,0,2
2026-10-07 12:23:21,23.41,47.38,1249.4,1,6,1,0,2
2026-10-07 12:23:51,23.89,47.47,1250.0,1,6,1,0,2
2026-10-07 12:24:21,23.38,47.05,1250.0,1,9,1,0,2
2026-10-07 12:24:51,23.24,47.24,1250.0,1,6,1,0,2
2026-10-07 12:25:21,23.76,46.9,1250.0,1,9,1,0,2
2026-10-07 12:25:51,23.58,47.88,1249.9,1,8,1,0,2
2026-10-07 12:26:21,23.69,47.15,1247.9,1,10,1,0,2
2026-10-07 12:26:51,23.7,47.12,1248.8,1,3,1,0,2
2026-10-07 12:27:21,23.37,47.18,1249.9,1,11,1,0,2
2026-10-07 12:27:51,23.61,47.4,1250.0,1,3,1,0,2
2026-10-07 12:28:21,22.85,45.78,1243.5,0,0,1,0,2
2026-10-07 12:28:51,23.35,46.35,1247.5,1,8,1,0,2
2026-10-07 12:29:21,23.53,47.13,1249.2,1,8,1,0,2
2026-10-07 12:29:51,23.52,47.71,1248.1,1,10,1,0,2
2026-10-07 12:30:21,23.42,47.4,1250.0,1,3,1,0,2
2026-10-07 12:30:51,23.77,46.79,1248.7,1,12,1,0,2
2026-10-07 12:31:21,22.67,45.43,1242.1,0,0,1,0,2
2026-10-07 12:31:51,22.67,45.08,1235.6,0,0,1,0,2
2026-10-07 12:32:21,22.65,46.43,1230.6,0,0,1,0,2
2026-10-07 12:32:51,22.81,45.92,1222.2,0,0,1,0,2
2026-10-07 12:33:21,23.01,45.39,1216.8,0,0,1,0,2
2026-10-07 12:33:51,22.93,46.51,1208.3,0,0,1,0,2
2026-10-07 12:34:21,22.7,45.52,1201.5,0,0,1,0,2
2026-10-07 12:34:51,22.77,45.24,1196.2,0,0,1,0,2
2026-10-07 12:35:21,22.86,45.76,1189.8,0,0,1,0,2
2026-10-07 12:35:51,22.9,45.04,1183.9,0,0,1,0,2
2026-10-07 12:36:21,22.8,45.26,1176.8,0,0,1,0,2
2026-10-07 12:36:51,22.84,45.72,1169.4,0,0,1,0,2
2026-10-07 12:37:21,22.83,45.25,1162.5,0,1,1,0,2
2026-10-07 12:37:51,22.78,45.6,1154.6,0,0,1,0,2
2026-10-07 12:38:21,22.91,45.91,1147.6,0,0,1,0,2
2026-10-07 12:38:51,22.78,45.99,1141.0,0,0,1,0,2
2026-10-07 12:39:21,22.84,45.18,1133.6,0,0,1,0,2
2026-10-07 12:39:51,22.92,45.49,1128.4,0,0,1,0,2
2026-10-07 12:40:21,22.49,45.59,1121.1,0,0,1,0,2
2026-10-07 12:40:51,23.71,47.64,1122.2,1,3,1,0,2
2026-10-07 12:41:21,22.74,45.38,1114.4,0,0,1,0,2
2026-10-07 12:41:51,22.91,45.24,1108.3,0,0,1,0,2
2026-10-07 12:42:21,23.12,45.65,1104.8,0,0,1,0,2
2026-10-07 12:42:51,23.05,46.23,1100.0,0,0,1,0,2
2026-10-07 12:43:21,22.96,45.62,1095.3,0,0,1,0,2
2026-10-07 12:43:51,22.82,45.44,1088.7,0,0,1,0,2
2026-10-07 12:44:21,22.76,45.05,1083.1,0,0,1,0,2
2026-10-07 12:44:51,22.93,45.53,1077.4,0,0,1,0,2
2026-10-07 12:45:21,22.91,45.78,1071.1,0,0,1,0,2
2026-10-07 12:45:51,22.83,45.38,1064.7,0,0,1,0,2
2026-10-07 12:46:21,23.04,45.31,1058.1,0,0,1,0,2
2026-10-07 12:46:51,23.06,45.72,1050.4,0,0,1,0,2
2026-10-07 12:47:21,22.63,45.7,1043.0,0,0,1,0,2
2026-10-07 12:47:51,22.98,45.6,1036.8,0,1,1,0,2
2026-10-07 12:48:21,22.83,45.67,1032.6,0,0,1,0,2
2026-10-07 12:48:51,22.81,45.07,1026.8,0,0,1,0,2
2026-10-07 12:49:21,22.87,45.1,1018.8,0,0,1,0,2
2026-10-07 12:49:51,22.94,46.07,1013.3,0,0,1,0,2
2026-10-07 12:50:21,22.79,45.48,1006.4,0,0,1,0,2
2026-10-07 12:50:51,22.87,45.41,1001.1,0,0,1,0,2
2026-10-07 12:51:21,23.01,44.83,993.8,0,0,1,0,2
2026-10-07 12:51:51,23.13,45.69,986.3,0,0,1,0,2
2026-10-07 12:52:21,22.88,44.79,980.4,0,0,1,0,2
2026-10-07 12:52:51,22.91,45.81,974.1,0,0,1,0,2
2026-10-07 12:53:21,22.89,45.83,968.0,0,0,1,0,2
2026-10-07 12:53:51,23.13,46.06,961.9,0,0,1,0,2
2026-10-07 12:54:21,22.94,45.41,957.9,0,0,1,0,2
2026-10-07 12:54:51,22.65,45.22,952.7,0,0,1,0,2
2026-10-07 12:55:21,23.05,45.19,946.0,0,0,1,0,2
2026-10-07 12:55:51,22.88,45.05,939.5,0,0,1,0,2
2026-10-07 12:56:21,22.99,45.31,933.8,0,0,1,0,2
2026-10-07 12:56:51,23.1,44.64,928.0,0,0,1,0,2
2026-10-07 12:57:21,22.94,44.97,921.1,0,0,1,0,2
2026-10-07 12:57:51,23.02,45.6,913.4,0,0,1,0,2
2026-10-07 12:58:21,22.77,45.59,905.7,0,0,1,0,2
2026-10-07 12:58:51,23.17,45.88,900.1,0,0,1,0,2
2026-10-07 12:59:21,23.28,45.59,892.5,0,0,1,0,2
2026-10-07 12:59:51,22.94,45.25,887.6,0,0,1,0,2
2026-10-07 13:00:21,22.95,45.35,880.6,0,0,1,0,2
2026-10-07 13:00:51,22.93,46.04,875.5,0,0,1,0,2
2026-10-07 13:01:21,23.26,45.67,868.7,0,0,1,0,2
2026-10-07 13:01:51,23.26,44.69,861.7,0,0,1,0,2
2026-10-07 13:02:21,22.72,44.84,855.1,0,0,1,0,2
2026-10-07 13:02:51,23.16,46.23,845.7,0,0,1,0,1
2026-10-07 13:03:21,22.97,44.94,841.3,0,0,1,0,1
2026-10-07 13:03:51,22.89,45.84,834.6,0,0,1,0,1
2026-10-07 13:04:21,22.93,45.25,830.1,0,0,1,0,1
2026-10-07 13:04:51,23.14,45.12,824.7,0,0,1,0,1
2026-10-07 13:05:21,23.18,45.13,818.3,0,0,1,0,1
2026-10-07 13:05:51,22.92,45.29,812.9,0,0,1,0,1
2026-10-07 13:06:21,22.86,45.0,805.1,0,0,1,0,1
2026-10-07 13:06:51,23.02,45.52,797.6,0,0,1,0,1
2026-10-07 13:07:21,22.94,45.58,791.5,0,0,1,0,1
2026-10-07 13:07:51,22.89,44.89,782.8,0,1,1,0,1
2026-10-07 13:08:21,22.93,45.81,778.9,0,0,1,0,1
2026-10-07 13:08:51,23.12,45.01,773.3,0,0,1,0,1
2026-10-07 13:09:21,22.93,45.27,766.6,0,0,1,0,1
2026-10-07 13:09:51,22.76,45.78,759.8,0,1,1,0,1
2026-10-07 13:10:21,23.82,47.0,765.9,1,8,1,0,1
2026-10-07 13:10:51,22.94,44.94,758.9,0,0,1,0,1
2026-10-07 13:11:21,22.93,46.2,752.9,0,0,1,0,1
2026-10-07 13:11:51,22.82,45.29,745.9,0,0,1,0,1
2026-10-07 13:12:21,23.04,45.45,738.6,0,1,1,0,1
2026-10-07 13:12:51,23.06,44.91,732.3,0,0,1,0,1
2026-10-07 13:13:21,22.85,45.13,725.4,0,0,1,0,1
2026-10-07 13:13:51,23.04,45.92,718.1,0,0,1,0,1
2026-10-07 13:14:21,23.03,45.84,712.7,0,0,1,0,1
2026-10-07 13:14:51,22.99,45.98,706.3,0,0,1,0,1
2026-10-07 13:15:21,23.03,44.52,699.0,0,0,1,0,1
2026-10-07 13:15:51,23.11,44.82,693.8,0,0,1,0,1
2026-10-07 13:16:21,23.21,45.34,688.0,0,0,1,0,1
2026-10-07 13:16:51,23.19,45.06,681.1,0,0,1,0,1
2026-10-07 13:17:21,23.18,45.77,673.4,0,0,1,0,1
2026-10-07 13:17:51,23.17,45.36,667.0,0,0,1,0,1
2026-10-07 13:18:21,23.2,45.3,662.1,0,0,1,0,1
2026-10-07 13:18:51,23.74,47.08,664.4,1,10,1,0,1
2026-10-07 13:19:21,23.72,46.96,663.8,1,9,1,0,1
2026-10-07 13:19:51,23.14,45.28,657.9,0,0,1,0,1
2026-10-07 13:20:21,22.92,45.0,652.4,0,0,1,0,1
2026-10-07 13:20:51,23.14,45.85,645.2,0,0,1,0,1
2026-10-07 13:21:21,23.01,45.01,638.8,0,0,1,0,1
2026-10-07 13:21:51,23.18,45.68,632.2,0,0,1,0,1
2026-10-07 13:22:21,23.26,45.18,626.9,0,0,1,0,1
2026-10-07 13:22:51,23.11,45.29,621.2,0,0,1,0,1
2026-10-07 13:23:21,23.07,46.18,615.5,0,0,1,0,1
2026-10-07 13:23:51,23.96,46.19,618.3,1,4,1,0,1
2026-10-07 13:24:21,22.87,44.97,613.3,0,0,1,0,1
2026-10-07 13:24:51,23.25,45.5,607.5,0,0,1,0,1
2026-10-07 13:25:21,23.16,45.16,601.5,0,0,1,0,1
2026-10-07 13:25:51,22.94,45.15,595.1,0,0,1,0,1
2026-10-07 13:26:21,22.88,45.42,588.4,0,0,1,0,1
2026-10-07 13:26:51,23.0,45.37,580.9,0,0,1,0,1
2026-10-07 13:27:21,22.98,45.39,573.6,0,0,1,0,1
2026-10-07 13:27:51,23.2,45.0,567.2,0,0,1,0,1
2026-10-07 13:28:21,23.01,45.52,562.8,0,0,1,0,1
2026-10-07 13:28:51,24.12,47.13,565.9,1,12,1,0,1
2026-10-07 13:29:21,23.11,45.42,559.9,0,0,1,0,1
2026-10-07 13:29:51,23.0,45.14,552.1,0,0,1,0,1
2026-10-07 13:30:21,23.08,45.33,546.2,0,0,1,0,1
2026-10-07 13:30:51,23.35,45.38,537.8,0,0,1,0,1
2026-10-07 13:31:21,23.28,45.65,531.1,0,0,1,0,1
2026-10-07 13:31:51,23.27,45.7,524.3,0,0,1,0,1
2026-10-07 13:32:21,24.15,47.28,525.8,1,6,1,0,1
2026-10-07 13:32:51,23.25,45.06,519.1,0,0,1,0,1
2026-10-07 13:33:21,23.12,45.68,510.7,0,0,1,0,1
2026-10-07 13:33:51,23.29,44.51,505.9,0,1,1,0,1
2026-10-07 13:34:21,23.26,44.97,500.5,0,1,1,0,1
2026-10-07 13:34:51,23.08,45.26,493.0,0,0,1,0,0
2026-10-07 13:35:21,23.19,44.82,487.0,0,0,1,0,0
2026-10-07 13:35:51,23.15,44.61,478.0,0,0,1,0,0
2026-10-07 13:36:21,23.49,44.59,471.1,0,0,1,0,0
2026-10-07 13:36:51,23.06,44.78,465.4,0,1,1,0,0
2026-10-07 13:37:21,23.26,44.93,458.3,0,0,1,0,0
2026-10-07 13:37:51,24.25,44.89,456.9,0,0,0,0,0
2026-10-07 13:38:21,24.25,44.88,455.8,0,0,0,0,0
2026-10-07 13:38:51,24.14,44.44,453.0,0,0,0,0,0
2026-10-07 13:39:21,24.34,44.9,449.5,0,0,0,0,0
2026-10-07 13:39:51,24.54,45.56,449.7,0,0,0,0,0
2026-10-07 13:40:21,24.36,45.12,446.9,0,0,0,0,0
2026-10-07 13:40:51,24.32,45.38,444.3,0,0,0,0,0
2026-10-07 13:41:21,24.44,45.2,443.3,0,0,0,0,0
2026-10-07 13:41:51,24.57,45.42,442.8,0,0,0,0,0
2026-10-07 13:42:21,24.36,45.3,441.4,0,0,0,0,0
2026-10-07 13:42:51,24.19,45.75,440.7,0,0,0,0,0
2026-10-07 13:43:21,24.51,45.55,438.1,0,0,0,0,0
2026-10-07 13:43:51,24.33,45.58,438.6,0,0,0,0,0
2026-10-07 13:44:21,24.34,45.03,438.3,0,0,0,0,0
2026-10-07 13:44:51,24.29,44.7,434.8,0,0,0,0,0
2026-10-07 13:45:21,24.4,44.69,434.5,0,0,0,0,0
2026-10-07 13:45:51,24.29,44.98,432.1,0,0,0,0,0
2026-10-07 13:46:21,24.52,44.92,431.3,0,0,0,0,0
2026-10-07 13:46:51,24.62,44.93,430.1,0,0,0,0,0
2026-10-07 13:47:21,24.23,44.71,426.0,0,0,0,0,0
2026-10-07 13:47:51,24.33,44.97,421.3,0,0,0,0,0
2026-10-07 13:48:21,24.09,45.16,419.2,0,0,0,0,0
2026-10-07 13:48:51,24.35,45.12,418.1,0,0,0,0,0
2026-10-07 13:49:21,24.26,44.8,415.1,0,0,0,0,0
2026-10-07 13:49:51,24.43,45.04,414.8,0,0,0,0,0
2026-10-07 13:50:21,24.54,45.49,415.3,0,0,0,0,0
2026-10-07 13:50:51,24.29,45.73,413.0,0,1,0,0,0
2026-10-07 13:51:21,24.75,44.98,412.0,0,0,0,0,0
2026-10-07 13:51:51,24.48,45.26,411.2,0,1,0,0,0
2026-10-07 13:52:21,24.13,45.18,410.6,0,0,0,0,0
2026-10-07 13:52:51,24.16,45.63,410.4,0,0,0,0,0
2026-10-07 13:53:21,24.46,45.44,408.7,0,0,0,0,0
2026-10-07 13:53:51,24.36,44.84,408.0,0,0,0,0,0
2026-10-07 13:54:21,24.26,45.74,407.3,0,0,0,0,0
2026-10-07 13:54:51,25.17,45.96,414.6,1,4,0,0,0
2026-10-07 13:55:21,24.48,45.54,410.8,0,0,0,0,0
2026-10-07 13:55:51,24.27,44.38,409.0,0,0,0,0,0
2026-10-07 13:56:21,24.38,45.52,408.9,0,0,0,0,0
2026-10-07 13:56:51,24.28,44.94,410.4,0,0,0,0,0
2026-10-07 13:57:21,24.12,45.33,411.0,0,0,0,0,0
2026-10-07 13:57:51,24.49,45.32,410.0,0,0,0,0,0
2026-10-07 13:58:21,24.81,44.99,411.5,0,0,0,0,0
2026-10-07 13:58:51,24.39,44.32,409.0,0,0,0,0,0
2026-10-07 13:59:21,24.46,45.14,409.3,0,0,0,0,0
2026-10-07 13:59:51,24.61,44.92,408.6,0,0,0,0,0
2026-10-07 14:00:21,25.47,46.54,414.1,1,9,0,0,0
2026-10-07 14:00:51,25.41,47.08,418.6,1,8,0,0,0
2026-10-07 14:01:21,25.08,46.4,426.1,1,9,0,0,0
2026-10-07 14:01:51,24.96,45.84,432.9,1,11,0,0,0
2026-10-07 14:02:21,25.16,46.42,439.6,1,5,0,0,0
2026-10-07 14:02:51,24.41,44.84,439.1,0,0,0,0,0
2026-10-07 14:03:21,25.23,45.87,443.0,1,3,0,0,0
2026-10-07 14:03:51,25.09,46.94,450.8,1,5,0,0,0
2026-10-07 14:04:21,25.59,46.84,459.1,1,8,0,0,0
2026-10-07 14:04:51,25.42,46.42,466.1,1,9,0,0,0
2026-10-07 14:05:21,25.02,45.79,467.9,1,12,0,0,0
2026-10-07 14:05:51,25.2,46.5,474.8,1,7,0,0,0
2026-10-07 14:06:21,25.27,46.17,476.5,1,12,0,0,0
2026-10-07 14:06:51,25.13,46.21,483.4,1,3,0,0,0
2026-10-07 14:07:21,25.18,46.16,489.7,1,10,0,0,0
2026-10-07 14:07:51,25.32,46.83,498.0,1,10,0,0,0
2026-10-07 14:08:21,25.36,45.79,502.8,1,3,0,0,1
2026-10-07 14:08:51,25.4,46.29,506.8,1,5,0,0,1
2026-10-07 14:09:21,25.3,46.49,515.0,1,3,0,0,1
2026-10-07 14:09:51,25.39,46.76,518.9,1,13,0,0,1
2026-10-07 14:10:21,25.27,47.08,526.1,1,8,0,0,1
2026-10-07 14:10:51,25.24,46.63,530.2,1,11,0,0,1
2026-10-07 14:11:21,24.34,45.03,526.6,0,0,0,0,1
2026-10-07 14:11:51,25.25,46.39,535.2,1,10,0,0,1
2026-10-07 14:12:21,25.27,46.8,542.6,1,5,0,0,1
2026-10-07 14:12:51,24.41,44.64,543.6,0,0,0,0,1
2026-10-07 14:13:21,25.5,46.44,547.4,1,12,0,0,1
2026-10-07 14:13:51,25.05,46.61,555.8,1,9,0,0,1
2026-10-07 14:14:21,25.17,46.61,558.7,1,3,0,0,1
2026-10-07 14:14:51,25.2,46.61,562.3,1,6,0,0,1
2026-10-07 14:15:21,24.16,44.75,561.3,0,0,0,0,1
2026-10-07 14:15:51,25.16,46.39,571.3,1,10,0,0,1
2026-10-07 14:16:21,25.02,46.35,577.0,1,10,0,0,1
2026-10-07 14:16:51,25.43,46.34,581.5,1,12,0,0,1
2026-10-07 14:17:21,25.32,46.79,588.5,1,8,0,0,1
2026-10-07 14:17:51,25.2,46.84,596.1,1,4,0,0,1
2026-10-07 14:18:21,25.25,47.01,602.6,1,3,0,0,1
2026-10-07 14:18:51,24.99,46.73,604.4,1,7,0,0,1
2026-10-07 14:19:21,24.72,44.88,603.4,0,1,0,0,1
2026-10-07 14:19:51,25.06,47.05,608.0,1,10,0,0,1
2026-10-07 14:20:21,25.23,46.87,615.1,1,3,0,0,1
2026-10-07 14:20:51,25.26,46.57,620.7,1,10,0,0,1
2026-10-07 14:21:21,24.64,45.54,618.9,0,0,0,0,1
2026-10-07 14:21:51,25.08,46.76,627.5,1,6,0,0,1
2026-10-07 14:22:21,25.22,46.95,631.5,1,4,0,0,1
2026-10-07 14:22:51,25.0,46.12,635.7,1,5,0,0,1
2026-10-07 14:23:21,25.11,46.56,641.3,1,4,0,0,1
2026-10-07 14:23:51,25.15,46.65,643.6,1,7,0,0,1
2026-10-07 14:24:21,24.63,44.96,642.3,0,0,0,0,1
2026-10-07 14:24:51,25.05,46.51,645.8,1,6,0,0,1
2026-10-07 14:25:21,25.32,46.52,650.1,1,5,0,0,1
2026-10-07 14:25:51,25.41,46.23,657.2,1,12,0,0,1
2026-10-07 14:26:21,24.53,45.3,657.3,0,0,0,0,1
2026-10-07 14:26:51,24.6,45.77,654.5,0,0,0,0,1
2026-10-07 14:27:21,25.33,46.11,659.4,1,11,0,0,1
2026-10-07 14:27:51,24.53,45.27,654.9,0,0,0,0,1
2026-10-07 14:28:21,25.38,46.86,659.9,1,13,0,0,1
2026-10-07 14:28:51,25.36,46.68,669.9,1,5,0,0,1
2026-10-07 14:29:21,25.15,46.21,674.4,1,7,0,0,1
2026-10-07 14:29:51,24.55,44.67,673.8,0,0,0,0,1
2026-10-07 14:30:21,24.99,46.16,683.7,1,13,0,0,1
2026-10-07 14:30:51,25.2,46.43,691.3,1,9,0,0,1
2026-10-07 14:31:21,25.18,46.44,701.4,1,12,0,0,1
2026-10-07 14:31:51,24.46,44.3,700.7,0,0,0,0,1
2026-10-07 14:32:21,25.31,46.62,706.5,1,10,0,0,1
2026-10-07 14:32:51,24.17,44.89,704.2,0,0,0,0,1
2026-10-07 14:33:21,25.29,46.83,710.3,1,12,0,0,1
2026-10-07 14:33:51,25.18,46.34,716.5,1,4,0,0,1
2026-10-07 14:34:21,25.22,46.31,720.7,1,3,0,0,1
2026-10-07 14:34:51,25.37,46.39,723.0,1,9,0,0,1
2026-10-07 14:35:21,25.37,45.49,731.1,1,9,0,0,1
2026-10-07 14:35:51,25.57,46.74,735.6,1,3,0,0,1
2026-10-07 14:36:21,25.4,46.84,743.5,1,9,0,0,1
2026-10-07 14:36:51,25.33,46.82,750.8,1,13,0,0,1
2026-10-07 14:37:21,25.14,46.31,754.7,1,7,0,0,1
2026-10-07 14:37:51,25.41,46.46,759.1,1,7,0,0,1
2026-10-07 14:38:21,25.05,46.21,765.1,1,4,0,0,1
2026-10-07 14:38:51,25.48,46.71,768.1,1,11,0,0,1
2026-10-07 14:39:21,25.01,46.54,774.7,1,8,0,0,1
2026-10-07 14:39:51,24.35,44.66,772.9,0,0,0,0,1
2026-10-07 14:40:21,25.37,46.65,776.5,1,10,0,0,1
2026-10-07 14:40:51,25.65,46.83,779.6,1,10,0,0,1
2026-10-07 14:41:21,25.54,47.01,785.5,1,7,0,0,1
2026-10-07 14:41:51,23.79,46.74,784.7,1,6,1,0,1
2026-10-07 14:42:21,23.8,46.15,788.0,1,5,1,0,1
2026-10-07 14:42:51,24.06,45.8,787.4,1,9,1,0,1
2026-10-07 14:43:21,23.82,46.55,789.9,1,5,1,0,1
2026-10-07 14:43:51,24.08,46.35,787.2,1,7,1,0,1
2026-10-07 14:44:21,24.22,47.04,789.0,1,11,1,0,1
2026-10-07 14:44:51,23.15,44.82,782.1,0,0,1,0,1
2026-10-07 14:45:21,23.81,46.63,782.6,1,7,1,0,1
2026-10-07 14:45:51,24.2,46.81,782.1,1,13,1,0,1
2026-10-07 14:46:21,24.12,47.04,784.9,1,10,1,0,1
2026-10-07 14:46:51,24.11,46.45,784.9,1,8,1,0,1
2026-10-07 14:47:21,24.16,46.55,784.6,1,4,1,0,1
2026-10-07 14:47:51,23.58,44.53,777.1,0,0,1,0,1
2026-10-07 14:48:21,23.22,45.0,770.5,0,0,1,0,1
2026-10-07 14:48:51,23.92,46.9,771.8,1,5,1,0,1
2026-10-07 14:49:21,24.24,45.81,774.0,1,11,1,0,1
2026-10-07 14:49:51,23.78,46.24,775.9,1,10,1,0,1
2026-10-07 14:50:21,24.32,47.14,778.8,1,7,1,0,1
2026-10-07 14:50:51,23.9,46.63,783.3,1,6,1,0,1
2026-10-07 14:51:21,24.36,45.98,787.2,1,5,1,0,1
2026-10-07 14:51:51,24.44,46.59,786.1,1,13,1,0,1
2026-10-07 14:52:21,24.35,46.54,782.8,1,13,1,0,1
2026-10-07 14:52:51,23.67,45.05,776.3,0,0,1,0,1
2026-10-07 14:53:21,23.1,44.97,770.8,0,0,1,0,1
2026-10-07 14:53:51,24.05,47.04,773.6,1,6,1,0,1
2026-10-07 14:54:21,24.13,46.34,778.8,1,6,1,0,1
2026-10-07 14:54:51,23.93,46.59,778.5,1,8,1,0,1
2026-10-07 14:55:21,22.87,44.94,771.6,0,0,1,0,1
2026-10-07 14:55:51,24.21,46.44,775.8,1,13,1,0,1
2026-10-07 14:56:21,23.94,45.65,780.0,1,13,1,0,1
2026-10-07 14:56:51,24.13,46.32,781.7,1,3,1,0,1
2026-10-07 14:57:21,24.11,46.61,783.0,1,10,1,0,1
2026-10-07 14:57:51,24.12,46.4,784.8,1,13,1,0,1
2026-10-07 14:58:21,24.06,46.32,784.7,1,12,1,0,1
2026-10-07 14:58:51,24.05,46.44,788.1,1,5,1,0,1
2026-10-07 14:59:21,23.5,44.96,781.6,0,0,1,0,1
2026-10-07 14:59:51,23.91,47.1,778.6,1,4,1,0,1
2026-10-07 15:00:21,23.98,46.75,778.6,1,3,1,0,1
2026-10-07 15:00:51,23.48,45.29,772.0,0,0,1,0,1
2026-10-07 15:01:21,24.01,46.1,777.2,1,5,1,0,1
2026-10-07 15:01:51,24.19,46.38,776.8,1,12,1,0,1
2026-10-07 15:02:21,24.11,46.76,780.5,1,9,1,0,1
2026-10-07 15:02:51,24.19,46.51,780.4,1,10,1,0,1
2026-10-07 15:03:21,24.12,46.94,782.2,1,12,1,0,1
2026-10-07 15:03:51,24.1,46.43,780.7,1,10,1,0,1
2026-10-07 15:04:21,23.17,44.9,773.5,0,0,1,0,1
2026-10-07 15:04:51,24.31,46.32,774.4,1,13,1,0,1
2026-10-07 15:05:21,24.22,46.89,779.1,1,10,1,0,1
2026-10-07 15:05:51,24.03,46.54,780.4,1,6,1,0,1
2026-10-07 15:06:21,24.29,46.43,780.3,1,6,1,0,1
2026-10-07 15:06:51,24.13,47.32,783.4,1,3,1,0,1
2026-10-07 15:07:21,23.25,45.04,778.4,0,1,1,0,1
2026-10-07 15:07:51,23.92,46.46,781.3,1,3,1,0,1
2026-10-07 15:08:21,23.4,44.85,775.4,0,0,1,0,1
2026-10-07 15:08:51,24.12,46.29,773.8,1,13,1,0,1
2026-10-07 15:09:21,24.25,46.45,772.2,1,8,1,0,1
2026-10-07 15:09:51,24.33,46.87,772.7,1,4,1,0,1
2026-10-07 15:10:21,24.12,46.18,773.7,1,9,1,0,1
2026-10-07 15:10:51,24.17,46.76,771.8,1,9,1,0,1
2026-10-07 15:11:21,24.34,45.62,773.5,1,9,1,0,1
2026-10-07 15:11:51,24.09,46.63,772.3,1,7,1,0,1
2026-10-07 15:12:21,24.01,47.1,774.9,1,5,1,0,1
2026-10-07 15:12:51,24.08,46.04,775.9,1,9,1,0,1
2026-10-07 15:13:21,23.19,45.25,770.2,0,0,1,0,1
2026-10-07 15:13:51,23.98,46.51,772.4,1,11,1,0,1
2026-10-07 15:14:21,24.2,46.59,774.3,1,12,1,0,1
2026-10-07 15:14:51,23.41,44.81,768.0,0,0,1,0,1
2026-10-07 15:15:21,24.1,46.71,773.7,1,9,1,0,1
2026-10-07 15:15:51,24.29,46.47,773.4,1,7,1,0,1
2026-10-07 15:16:21,24.11,46.18,776.3,1,10,1,0,1
2026-10-07 15:16:51,24.23,46.58,780.6,1,13,1,0,1
2026-10-07 15:17:21,24.25,47.49,780.6,1,4,1,0,1
2026-10-07 15:17:51,24.1,46.87,780.7,1,6,1,0,1
2026-10-07 15:18:21,23.99,46.61,780.2,1,13,1,0,1
2026-10-07 15:18:51,23.79,46.34,786.0,1,9,1,0,1
2026-10-07 15:19:21,24.22,47.01,790.0,1,7,1,0,1
2026-10-07 15:19:51,24.08,46.22,792.4,1,13,1,0,1
2026-10-07 15:20:21,24.1,46.54,796.0,1,6,1,0,1
2026-10-07 15:20:51,24.1,46.12,799.9,1,3,1,0,1
2026-10-07 15:21:21,24.2,46.58,800.8,1,7,1,0,1
2026-10-07 15:21:51,23.3,45.86,795.9,0,0,1,0,1
2026-10-07 15:22:21,24.07,46.4,795.6,1,6,1,0,1
2026-10-07 15:22:51,23.97,46.4,797.2,1,5,1,0,1
2026-10-07 15:23:21,23.27,45.21,790.8,0,0,1,0,1
2026-10-07 15:23:51,24.26,46.55,792.3,1,4,1,0,1
2026-10-07 15:24:21,24.04,47.15,794.5,1,5,1,0,1
2026-10-07 15:24:51,23.91,46.31,795.0,1,7,1,0,1
2026-10-07 15:25:21,23.87,46.42,795.6,1,4,1,0,1
2026-10-07 15:25:51,23.4,44.9,789.3,0,0,1,0,1
2026-10-07 15:26:21,24.2,46.27,791.0,1,4,1,0,1
2026-10-07 15:26:51,24.15,46.8,790.6,1,11,1,0,1
2026-10-07 15:27:21,23.48,45.0,785.8,0,0,1,0,1
2026-10-07 15:27:51,24.04,46.74,783.9,1,3,1,0,1
2026-10-07 15:28:21,24.14,46.39,785.3,1,3,1,0,1
2026-10-07 15:28:51,23.96,46.6,783.1,1,4,1,0,1
2026-10-07 15:29:21,24.27,46.89,786.6,1,12,1,0,1
2026-10-07 15:29:51,23.99,46.3,786.2,1,6,1,0,1
2026-10-07 15:30:21,24.01,46.48,787.3,1,5,1,0,1
2026-10-07 15:30:51,24.16,46.31,790.6,1,10,1,0,1
2026-10-07 15:31:21,23.91,46.45,791.0,1,11,1,0,1
2026-10-07 15:31:51,23.86,46.36,796.3,1,10,1,0,1
2026-10-07 15:32:21,24.18,46.23,798.4,1,11,1,0,1
2026-10-07 15:32:51,24.0,46.9,802.3,1,7,1,0,1
2026-10-07 15:33:21,24.0,46.6,800.3,1,4,1,0,1
2026-10-07 15:33:51,23.57,44.8,794.2,0,0,1,0,1
2026-10-07 15:34:21,23.96,47.19,794.6,1,9,1,0,1
2026-10-07 15:34:51,24.29,46.53,798.1,1,11,1,0,1
2026-10-07 15:35:21,23.83,46.87,797.0,1,10,1,0,1
2026-10-07 15:35:51,24.02,46.57,797.0,1,12,1,0,1
2026-10-07 15:36:21,23.83,46.45,799.6,1,6,1,0,1
2026-10-07 15:36:51,24.16,47.07,805.1,1,4,1,0,1
2026-10-07 15:37:21,24.2,46.53,806.4,1,6,1,0,1
2026-10-07 15:37:51,23.09,45.12,799.2,0,0,1,0,1
2026-10-07 15:38:21,24.11,46.6,797.2,1,4,1,0,1
2026-10-07 15:38:51,24.08,46.62,797.9,1,11,1,0,1
2026-10-07 15:39:21,24.04,46.31,800.8,1,8,1,0,1
2026-10-07 15:39:51,23.26,44.99,793.8,0,0,1,0,1
2026-10-07 15:40:21,24.03,46.61,794.2,1,7,1,0,1
2026-10-07 15:40:51,24.23,46.45,794.6,1,7,1,0,1
2026-10-07 15:41:21,24.23,46.18,795.6,1,6,1,0,1
2026-10-07 15:41:51,24.29,46.61,794.9,1,6,1,0,1
2026-10-07 15:42:21,24.16,46.92,794.5,1,7,1,0,1
2026-10-07 15:42:51,24.03,46.96,798.0,1,9,1,0,1
2026-10-07 15:43:21,24.22,46.82,795.1,1,10,1,0,1
2026-10-07 15:43:51,24.29,46.36,799.0,1,10,1,0,1
2026-10-07 15:44:21,23.9,46.71,804.8,1,7,1,0,1
2026-10-07 15:44:51,24.1,46.97,803.8,1,3,1,0,1
2026-10-07 15:45:21,24.22,45.91,807.7,1,11,1,0,1
2026-10-07 15:45:51,23.18,45.56,803.2,0,0,1,0,1
2026-10-07 15:46:21,24.02,45.77,805.0,1,10,1,0,1
2026-10-07 15:46:51,23.32,45.41,796.9,0,0,1,0,1
2026-10-07 15:47:21,24.25,46.21,800.5,1,10,1,0,1
2026-10-07 15:47:51,24.07,47.23,798.9,1,4,1,0,1
2026-10-07 15:48:21,24.05,46.34,801.4,1,8,1,0,1
2026-10-07 15:48:51,24.26,46.25,803.5,1,9,1,0,1
2026-10-07 15:49:21,23.18,45.19,798.8,0,0,1,0,1
2026-10-07 15:49:51,23.96,46.3,800.4,1,8,1,0,1
2026-10-07 15:50:21,23.86,46.25,801.9,1,4,1,0,1
2026-10-07 15:50:51,23.71,46.32,802.6,1,10,1,0,1
2026-10-07 15:51:21,24.22,46.33,801.1,1,3,1,0,1
2026-10-07 15:51:51,24.23,46.99,799.9,1,12,1,0,1
2026-10-07 15:52:21,23.92,46.09,800.4,1,7,1,0,1
2026-10-07 15:52:51,24.02,45.91,799.0,1,4,1,0,1
2026-10-07 15:53:21,23.7,46.93,799.7,1,9,1,0,1
2026-10-07 15:53:51,23.12,44.9,792.7,0,0,1,0,1
2026-10-07 15:54:21,24.18,46.78,794.5,1,5,1,0,1
2026-10-07 15:54:51,23.89,46.93,793.5,1,4,1,0,1
2026-10-07 15:55:21,23.33,45.09,786.9,0,0,1,0,1
2026-10-07 15:55:51,23.33,44.45,780.6,0,0,1,0,1
2026-10-07 15:56:21,23.09,45.09,776.4,0,1,1,0,1
2026-10-07 15:56:51,23.88,46.96,777.0,1,5,1,0,1
2026-10-07 15:57:21,23.96,46.73,777.8,1,6,1,0,1
2026-10-07 15:57:51,24.01,46.11,779.4,1,12,1,0,1
2026-10-07 15:58:21,24.12,46.14,782.1,1,10,1,0,1
2026-10-07 15:58:51,23.25,45.04,774.8,0,0,1,0,1
2026-10-07 15:59:21,24.04,47.22,775.1,1,10,1,0,1
2026-10-07 15:59:51,24.26,46.23,776.2,1,12,1,0,1
2026-10-07 16:00:21,23.74,46.48,776.4,1,9,1,0,1
2026-10-07 16:00:51,23.93,45.79,778.4,1,10,1,0,1
2026-10-07 16:01:21,23.08,45.08,771.0,0,0,1,0,1
2026-10-07 16:01:51,23.92,46.72,774.6,1,4,1,0,1
2026-10-07 16:02:21,24.07,46.67,777.6,1,10,1,0,1
2026-10-07 16:02:51,23.91,45.97,776.9,1,7,1,0,1
2026-10-07 16:03:21,23.99,46.64,775.8,1,9,1,0,1
2026-10-07 16:03:51,24.2,46.1,776.9,1,3,1,0,1
2026-10-07 16:04:21,24.12,47.09,775.2,1,13,1,0,1
2026-10-07 16:04:51,24.07,46.54,776.1,1,11,1,0,1
2026-10-07 16:05:21,23.73,46.84,780.3,1,3,1,0,1
2026-10-07 16:05:51,24.08,47.14,781.5,1,4,1,0,1
2026-10-07 16:06:21,23.84,46.88,787.3,1,6,1,0,1
2026-10-07 16:06:51,23.78,46.2,786.5,1,5,1,0,1
2026-10-07 16:07:21,23.28,45.54,781.5,0,0,1,0,1
2026-10-07 16:07:51,23.89,46.29,780.7,1,6,1,0,1
2026-10-07 16:08:21,24.07,46.47,782.8,1,3,1,0,1
2026-10-07 16:08:51,23.33,44.88,774.1,0,0,1,0,1
2026-10-07 16:09:21,24.07,46.32,776.3,1,3,1,0,1
2026-10-07 16:09:51,24.15,46.88,781.8,1,12,1,0,1
2026-10-07 16:10:21,23.95,46.75,785.5,1,7,1,0,1
2026-10-07 16:10:51,24.11,46.43,784.9,1,4,1,0,1
2026-10-07 16:11:21,23.95,46.46,784.3,1,13,1,0,1
2026-10-07 16:11:51,23.4,45.3,775.9,0,1,1,0,1
2026-10-07 16:12:21,23.86,46.12,781.0,1,12,1,0,1
2026-10-07 16:12:51,23.79,46.96,785.3,1,3,1,0,1
2026-10-07 16:13:21,24.25,46.37,787.5,1,7,1,0,1
2026-10-07 16:13:51,24.11,46.5,786.8,1,9,1,0,1
2026-10-07 16:14:21,24.28,46.78,788.5,1,8,1,0,1
2026-10-07 16:14:51,24.0,47.03,787.9,1,13,1,0,1
2026-10-07 16:15:21,24.14,46.94,790.2,1,8,1,0,1
2026-10-07 16:15:51,23.96,47.29,788.3,1,11,1,0,1
2026-10-07 16:16:21,24.31,46.58,788.6,1,8,1,0,1
2026-10-07 16:16:51,23.95,46.57,789.1,1,9,1,0,1
2026-10-07 16:17:21,23.82,46.19,793.3,1,12,1,0,1
2026-10-07 16:17:51,23.95,47.11,793.6,1,5,1,0,1
2026-10-07 16:18:21,24.12,46.2,795.7,1,10,1,0,1
2026-10-07 16:18:51,23.84,46.87,794.9,1,13,1,0,1
2026-10-07 16:19:21,24.07,46.47,795.0,1,10,1,0,1
2026-10-07 16:19:51,23.87,46.63,794.0,1,5,1,0,1
2026-10-07 16:20:21,23.99,46.94,799.8,1,10,1,0,1
2026-10-07 16:20:51,24.33,46.74,800.9,1,9,1,0,1
2026-10-07 16:21:21,24.03,46.71,805.9,1,8,1,0,1
2026-10-07 16:21:51,23.9,46.5,806.4,1,7,1,0,1
2026-10-07 16:22:21,23.7,47.16,808.8,1,9,1,0,1
2026-10-07 16:22:51,24.07,46.98,811.0,1,4,1,0,1
2026-10-07 16:23:21,23.94,46.04,813.4,1,10,1,0,1
2026-10-07 16:23:51,24.02,46.54,814.5,1,4,1,0,1
2026-10-07 16:24:21,24.02,46.84,816.1,1,8,1,0,1
2026-10-07 16:24:51,23.82,47.13,816.9,1,11,1,0,1
2026-10-07 16:25:21,23.96,46.48,818.9,1,10,1,0,1
2026-10-07 16:25:51,22.99,44.8,811.9,0,0,1,0,1
2026-10-07 16:26:21,23.25,45.28,805.8,0,0,1,0,1
2026-10-07 16:26:51,24.21,46.61,811.0,1,5,1,0,1
2026-10-07 16:27:21,23.93,46.8,808.8,1,5,1,0,1
2026-10-07 16:27:51,23.75,46.75,812.2,1,8,1,0,1
2026-10-07 16:28:21,23.52,47.43,812.6,1,6,1,0,1
2026-10-07 16:28:51,23.97,46.78,811.5,1,4,1,0,1
2026-10-07 16:29:21,22.96,45.26,805.3,0,0,1,0,1
2026-10-07 16:29:51,23.91,46.58,808.1,1,8,1,0,1
2026-10-07 16:30:21,23.72,46.87,808.4,1,5,1,0,1
2026-10-07 16:30:51,23.91,46.67,809.9,1,7,1,0,1
2026-10-07 16:31:21,24.08,46.78,815.5,1,13,1,0,1
2026-10-07 16:31:51,23.98,47.16,819.9,1,9,1,0,1
2026-10-07 16:32:21,23.54,46.58,825.1,1,5,1,0,1
2026-10-07 16:32:51,24.04,46.97,828.2,1,7,1,0,1
2026-10-07 16:33:21,23.8,46.75,830.2,1,8,1,0,1
2026-10-07 16:33:51,23.45,45.49,822.2,0,0,1,0,1
2026-10-07 16:34:21,23.73,46.82,825.6,1,6,1,0,1
2026-10-07 16:34:51,23.83,46.85,828.0,1,13,1,0,1
2026-10-07 16:35:21,23.63,46.85,829.0,1,3,1,0,1
2026-10-07 16:35:51,23.8,46.65,826.5,1,10,1,0,1
2026-10-07 16:36:21,23.67,46.44,826.7,1,12,1,0,1
2026-10-07 16:36:51,23.8,46.48,828.9,1,4,1,0,1
2026-10-07 16:37:21,23.81,46.6,829.4,1,5,1,0,1
2026-10-07 16:37:51,23.96,46.92,833.1,1,3,1,0,1
2026-10-07 16:38:21,22.97,44.9,827.2,0,0,1,0,1
2026-10-07 16:38:51,23.79,46.96,832.3,1,3,1,0,1
2026-10-07 16:39:21,23.96,47.0,833.3,1,10,1,0,1
2026-10-07 16:39:51,23.94,47.3,834.4,1,3,1,0,1
2026-10-07 16:40:21,22.98,45.6,827.2,0,1,1,0,1
2026-10-07 16:40:51,24.02,46.95,830.9,1,4,1,0,1
2026-10-07 16:41:21,23.73,46.7,831.3,1,8,1,0,1
2026-10-07 16:41:51,23.84,46.98,831.9,1,8,1,0,1
2026-10-07 16:42:21,23.93,46.38,832.2,1,13,1,0,1
2026-10-07 16:42:51,24.05,46.97,833.6,1,13,1,0,1
2026-10-07 16:43:21,23.91,46.36,837.7,1,3,1,0,1
2026-10-07 16:43:51,24.04,46.7,836.8,1,13,1,0,1
2026-10-07 16:44:21,23.99,46.96,834.6,1,3,1,0,1
2026-10-07 16:44:51,23.8,46.32,834.2,1,9,1,0,1
2026-10-07 16:45:21,23.8,47.06,835.0,1,7,1,0,1
2026-10-07 16:45:51,24.07,47.27,836.3,1,12,1,0,1
2026-10-07 16:46:21,23.81,46.87,837.3,1,7,1,0,1
2026-10-07 16:46:51,23.95,46.92,837.7,1,11,1,0,1
2026-10-07 16:47:21,23.96,46.57,839.0,1,3,1,0,1
2026-10-07 16:47:51,23.95,46.17,839.9,1,6,1,0,1
2026-10-07 16:48:21,23.1,45.41,834.5,0,0,1,0,1
2026-10-07 16:48:51,23.89,46.99,835.7,1,4,1,0,1
2026-10-07 16:49:21,22.83,46.12,829.2,0,0,1,0,1
2026-10-07 16:49:51,23.84,46.78,827.8,1,6,1,0,1
2026-10-07 16:50:21,23.73,47.08,826.7,1,8,1,0,1
2026-10-07 16:50:51,24.04,46.64,825.4,1,12,1,0,1
2026-10-07 16:51:21,23.87,46.44,830.5,1,4,1,0,1
2026-10-07 16:51:51,23.98,46.77,827.6,1,10,1,0,1
2026-10-07 16:52:21,22.86,45.56,821.6,0,0,1,0,1
2026-10-07 16:52:51,23.77,46.8,821.8,1,3,1,0,1
2026-10-07 16:53:21,23.73,46.68,823.4,1,7,1,0,1
2026-10-07 16:53:51,23.7,47.25,823.9,1,3,1,0,1
2026-10-07 16:54:21,23.47,46.75,826.3,1,7,1,0,1
2026-10-07 16:54:51,23.6,46.61,825.3,1,10,1,0,1
2026-10-07 16:55:21,23.7,47.03,828.9,1,11,1,0,1
2026-10-07 16:55:51,23.89,47.48,830.2,1,12,1,0,1
2026-10-07 16:56:21,23.87,47.13,831.3,1,8,1,0,1
2026-10-07 16:56:51,23.02,45.35,824.0,0,0,1,0,1
2026-10-07 16:57:21,23.83,47.29,823.4,1,7,1,0,1
2026-10-07 16:57:51,23.83,46.73,822.8,1,7,1,0,1
2026-10-07 16:58:21,23.74,45.92,823.9,1,8,1,0,1
2026-10-07 16:58:51,23.8,46.37,825.7,1,10,1,0,1
2026-10-07 16:59:21,23.83,46.65,830.9,1,12,1,0,1
2026-10-07 16:59:51,23.75,47.0,831.1,1,5,1,0,1
2026-10-07 17:00:21,23.59,46.78,832.8,1,5,1,0,1
2026-10-07 17:00:51,23.81,46.84,835.9,1,10,1,0,1
2026-10-07 17:01:21,23.8,46.68,837.4,1,4,1,0,1
2026-10-07 17:01:51,23.75,47.02,838.9,1,5,1,0,1
2026-10-07 17:02:21,23.88,46.66,838.3,1,13,1,0,1
2026-10-07 17:02:51,23.94,46.83,842.5,1,7,1,0,1
2026-10-07 17:03:21,23.75,46.59,843.2,1,13,1,0,1
2026-10-07 17:03:51,23.74,47.16,842.5,1,4,1,0,1
2026-10-07 17:04:21,23.69,46.54,845.1,1,8,1,0,1
2026-10-07 17:04:51,23.03,45.14,837.7,0,1,1,0,1
2026-10-07 17:05:21,23.75,46.26,835.2,1,9,1,0,1
2026-10-07 17:05:51,23.67,46.99,837.2,1,11,1,0,1
2026-10-07 17:06:21,23.64,47.33,841.2,1,8,1,0,1
2026-10-07 17:06:51,23.7,46.39,843.6,1,13,1,0,1
2026-10-07 17:07:21,23.61,47.12,842.9,1,12,1,0,1
2026-10-07 17:07:51,23.79,45.79,844.5,1,7,1,0,1
2026-10-07 17:08:21,23.79,46.56,845.6,1,12,1,0,1
2026-10-07 17:08:51,23.65,47.14,849.0,1,4,1,0,1
2026-10-07 17:09:21,23.65,47.13,852.0,1,13,1,0,2
2026-10-07 17:09:51,23.55,46.46,853.5,1,3,1,0,2
2026-10-07 17:10:21,23.7,47.14,851.9,1,5,1,0,2
2026-10-07 17:10:51,22.87,45.08,847.5,0,0,1,0,1
2026-10-07 17:11:21,23.73,47.38,847.9,1,6,1,0,1
2026-10-07 17:11:51,23.87,47.31,847.4,1,8,1,0,1
2026-10-07 17:12:21,23.69,46.96,852.1,1,11,1,0,2
2026-10-07 17:12:51,23.61,46.59,856.0,1,12,1,0,2
2026-10-07 17:13:21,23.75,46.83,858.6,1,11,1,0,2
2026-10-07 17:13:51,23.5,46.9,860.5,1,12,1,0,2
2026-10-07 17:14:21,23.69,47.26,861.6,1,10,1,0,2
2026-10-07 17:14:51,23.77,47.22,864.0,1,8,1,0,2
2026-10-07 17:15:21,23.06,45.16,857.7,0,0,1,0,2
2026-10-07 17:15:51,22.72,45.34,852.8,0,1,1,0,2
2026-10-07 17:16:21,23.8,46.69,853.0,1,8,1,0,2
2026-10-07 17:16:51,23.77,47.14,852.9,1,12,1,0,2
2026-10-07 17:17:21,23.79,47.23,855.8,1,5,1,0,2
2026-10-07 17:17:51,22.81,45.61,848.5,0,0,1,0,1
2026-10-07 17:18:21,23.73,47.53,852.1,1,10,1,0,2
2026-10-07 17:18:51,23.52,47.09,853.1,1,11,1,0,2
2026-10-07 17:19:21,22.79,45.08,846.8,0,0,1,0,1
2026-10-07 17:19:51,23.66,46.37,846.9,1,13,1,0,1
2026-10-07 17:20:21,23.71,47.35,851.9,1,8,1,0,2
2026-10-07 17:20:51,23.54,47.23,852.7,1,4,1,0,2
2026-10-07 17:21:21,23.59,46.58,850.8,1,10,1,0,2
2026-10-07 17:21:51,23.85,47.44,855.5,1,10,1,0,2
2026-10-07 17:22:21,23.52,47.04,858.2,1,9,1,0,2
2026-10-07 17:22:51,22.71,45.42,853.6,0,0,1,0,2
2026-10-07 17:23:21,23.59,46.62,856.9,1,6,1,0,2
2026-10-07 17:23:51,22.9,45.01,849.7,0,0,1,0,1
2026-10-07 17:24:21,23.8,47.66,851.1,1,11,1,0,2
2026-10-07 17:24:51,23.62,47.54,853.4,1,7,1,0,2
2026-10-07 17:25:21,23.54,47.41,854.5,1,7,1,0,2
2026-10-07 17:25:51,22.75,45.76,849.7,0,0,1,0,1
2026-10-07 17:26:21,23.88,46.61,851.4,1,5,1,0,2
2026-10-07 17:26:51,23.44,46.74,851.7,1,9,1,0,2
2026-10-07 17:27:21,23.65,47.24,856.4,1,13,1,0,2
2026-10-07 17:27:51,23.39,46.78,854.4,1,13,1,0,2
2026-10-07 17:28:21,23.59,47.66,856.5,1,9,1,0,2
2026-10-07 17:28:51,23.36,48.05,859.6,1,9,1,0,2
2026-10-07 17:29:21,23.71,46.99,859.1,1,10,1,0,2
2026-10-07 17:29:51,23.43,47.7,858.5,1,5,1,0,2
2026-10-07 17:30:21,23.49,47.1,858.7,1,7,1,0,2
2026-10-07 17:30:51,23.47,46.8,862.3,1,9,1,0,2
2026-10-07 17:31:21,22.69,45.27,857.1,0,0,1,0,2
2026-10-07 17:31:51,23.46,46.93,859.3,1,13,1,0,2
2026-10-07 17:32:21,23.69,47.49,863.5,1,13,1,0,2
2026-10-07 17:32:51,23.55,46.85,866.6,1,11,1,0,2
2026-10-07 17:33:21,23.65,47.54,868.5,1,12,1,0,2
2026-10-07 17:33:51,23.51,47.41,871.0,1,7,1,0,2
2026-10-07 17:34:21,23.19,46.92,870.5,1,10,1,0,2
2026-10-07 17:34:51,23.64,47.17,874.5,1,10,1,0,2
2026-10-07 17:35:21,23.66,46.98,874.6,1,3,1,0,2
2026-10-07 17:35:51,23.27,47.23,879.2,1,9,1,0,2
2026-10-07 17:36:21,23.53,47.01,877.0,1,4,1,0,2
2026-10-07 17:36:51,22.58,45.51,869.0,0,0,1,0,2
2026-10-07 17:37:21,23.55,46.55,870.4,1,8,1,0,2
2026-10-07 17:37:51,24.0,47.75,870.0,1,3,1,0,2
2026-10-07 17:38:21,23.57,47.15,874.9,1,9,1,0,2
2026-10-07 17:38:51,23.36,47.31,877.9,1,13,1,0,2
2026-10-07 17:39:21,22.89,45.64,872.7,0,0,1,0,2
2026-10-07 17:39:51,23.57,47.0,874.7,1,7,1,0,2
2026-10-07 17:40:21,23.64,47.61,874.8,1,5,1,0,2
2026-10-07 17:40:51,23.47,46.45,874.7,1,13,1,0,2
2026-10-07 17:41:21,23.42,47.57,879.4,1,3,1,0,2
2026-10-07 17:41:51,23.48,47.36,881.1,1,9,1,0,2
2026-10-07 17:42:21,23.55,47.54,885.2,1,4,1,0,2
2026-10-07 17:42:51,22.65,45.7,879.9,0,1,1,0,2
2026-10-07 17:43:21,23.63,47.16,883.7,1,11,1,0,2
2026-10-07 17:43:51,23.52,47.16,881.7,1,7,1,0,2
2026-10-07 17:44:21,23.42,47.37,885.4,1,8,1,0,2
2026-10-07 17:44:51,23.57,47.49,884.8,1,6,1,0,2
2026-10-07 17:45:21,23.44,47.3,887.1,1,11,1,0,2
2026-10-07 17:45:51,23.27,47.07,888.4,1,13,1,0,2
2026-10-07 17:46:21,23.44,47.12,886.4,1,12,1,0,2
2026-10-07 17:46:51,23.52,46.91,886.0,1,13,1,0,2
2026-10-07 17:47:21,23.78,47.65,887.9,1,10,1,0,2
2026-10-07 17:47:51,23.72,47.22,893.1,1,5,1,0,2
2026-10-07 17:48:21,23.51,46.65,894.6,1,5,1,0,2
2026-10-07 17:48:51,23.32,47.26,891.7,1,11,1,0,2
2026-10-07 17:49:21,23.63,47.48,894.4,1,7,1,0,2
2026-10-07 17:49:51,23.45,47.41,897.5,1,12,1,0,2
2026-10-07 17:50:21,22.61,45.62,891.6,0,0,1,0,2
2026-10-07 17:50:51,22.46,45.62,885.5,0,0,1,0,2
2026-10-07 17:51:21,23.45,48.03,887.6,1,11,1,0,2
2026-10-07 17:51:51,22.67,45.62,882.5,0,0,1,0,2
2026-10-07 17:52:21,22.28,45.72,875.2,0,0,1,0,2
2026-10-07 17:52:51,23.24,47.34,876.6,1,13,1,0,2
2026-10-07 17:53:21,22.64,45.62,870.5,0,0,1,0,2
2026-10-07 17:53:51,23.18,47.18,868.2,1,7,1,0,2
2026-10-07 17:54:21,22.73,46.16,860.7,0,0,1,0,2
2026-10-07 17:54:51,23.71,47.4,861.2,1,5,1,0,2
2026-10-07 17:55:21,23.44,47.34,861.6,1,4,1,0,2
2026-10-07 17:55:51,22.49,46.09,854.4,0,0,1,0,2
2026-10-07 17:56:21,23.55,47.47,853.1,1,6,1,0,2
2026-10-07 17:56:51,22.64,45.65,845.7,0,0,1,0,1
2026-10-07 17:57:21,23.62,47.88,845.3,1,7,1,0,1
2026-10-07 17:57:51,23.17,46.68,846.2,1,10,1,0,1
2026-10-07 17:58:21,23.52,46.78,850.9,1,4,1,0,2
2026-10-07 17:58:51,22.56,46.06,845.2,0,0,1,0,1
2026-10-07 17:59:21,23.23,46.9,845.3,1,5,1,0,1
2026-10-07 17:59:51,23.28,47.96,847.0,1,13,1,0,1
2026-10-07 18:00:21,23.3,47.25,846.6,1,12,1,0,1
2026-10-07 18:00:51,23.08,47.56,851.8,1,13,1,0,2
2026-10-07 18:01:21,23.45,47.22,854.6,1,3,1,0,2
2026-10-07 18:01:51,23.34,47.25,852.9,1,9,1,0,2
2026-10-07 18:02:21,22.55,45.4,845.8,0,0,1,0,1
2026-10-07 18:02:51,23.28,47.07,846.9,1,12,1,0,1
2026-10-07 18:03:21,22.53,45.68,840.5,0,0,1,0,1
2026-10-07 18:03:51,23.25,47.05,842.1,1,11,1,0,1
2026-10-07 18:04:21,23.34,48.07,842.3,1,10,1,0,1
2026-10-07 18:04:51,23.32,47.41,843.6,1,3,1,0,1
2026-10-07 18:05:21,23.1,47.47,843.9,1,13,1,0,1
2026-10-07 18:05:51,23.24,47.25,849.2,1,5,1,0,1
2026-10-07 18:06:21,22.56,45.67,842.5,0,1,1,0,1
2026-10-07 18:06:51,23.31,46.99,844.7,1,4,1,0,1
2026-10-07 18:07:21,22.4,45.9,837.6,0,0,1,0,1
2026-10-07 18:07:51,23.3,47.02,839.6,1,13,1,0,1
2026-10-07 18:08:21,23.32,47.62,841.8,1,3,1,0,1
2026-10-07 18:08:51,23.37,47.69,844.8,1,10,1,0,1
2026-10-07 18:09:21,22.48,45.7,837.6,0,0,1,0,1
2026-10-07 18:09:51,23.31,47.06,842.1,1,13,1,0,1
2026-10-07 18:10:21,23.45,47.21,844.0,1,3,1,0,1
2026-10-07 18:10:51,23.27,47.69,843.8,1,8,1,0,1
2026-10-07 18:11:21,23.09,47.85,844.8,1,6,1,0,1
2026-10-07 18:11:51,23.42,48.17,843.6,1,8,1,0,1
2026-10-07 18:12:21,23.44,47.3,847.1,1,6,1,0,1
2026-10-07 18:12:51,23.2,47.72,847.2,1,8,1,0,1
2026-10-07 18:13:21,23.11,47.48,847.9,1,7,1,0,1
2026-10-07 18:13:51,23.45,47.79,852.3,1,4,1,0,2
2026-10-07 18:14:21,22.54,45.85,846.7,0,0,1,0,1
2026-10-07 18:14:51,22.7,45.89,840.0,0,0,1,0,1
2026-10-07 18:15:21,23.23,48.35,841.3,1,11,1,0,1
2026-10-07 18:15:51,22.24,46.05,837.1,0,0,1,0,1
2026-10-07 18:16:21,23.32,47.42,838.1,1,10,1,0,1
2026-10-07 18:16:51,23.33,47.16,840.3,1,11,1,0,1
2026-10-07 18:17:21,23.38,48.2,842.7,1,7,1,0,1
2026-10-07 18:17:51,23.36,47.49,843.2,1,7,1,0,1
2026-10-07 18:18:21,22.45,45.8,836.2,0,0,1,0,1
2026-10-07 18:18:51,23.13,48.3,835.1,1,6,1,0,1
2026-10-07 18:19:21,22.4,46.09,828.5,0,0,1,0,1
2026-10-07 18:19:51,23.5,47.7,831.6,1,4,1,0,1
2026-10-07 18:20:21,23.5,48.02,834.6,1,4,1,0,1
2026-10-07 18:20:51,22.88,47.21,835.0,1,11,1,0,1
2026-10-07 18:21:21,23.3,47.07,836.6,1,7,1,0,1
2026-10-07 18:21:51,23.4,47.51,838.9,1,11,1,0,1
2026-10-07 18:22:21,22.31,46.25,831.4,0,0,1,0,1
2026-10-07 18:22:51,22.52,46.1,824.3,0,1,1,0,1
2026-10-07 18:23:21,22.62,45.67,818.6,0,0,1,0,1
2026-10-07 18:23:51,22.41,46.02,810.6,0,0,1,0,1
2026-10-07 18:24:21,23.41,47.43,813.7,1,3,1,0,1
2026-10-07 18:24:51,23.31,47.93,815.1,1,3,1,0,1
2026-10-07 18:25:21,23.03,47.75,821.2,1,6,1,0,1
2026-10-07 18:25:51,23.07,47.79,825.1,1,11,1,0,1
2026-10-07 18:26:21,23.27,47.93,829.2,1,12,1,0,1
2026-10-07 18:26:51,23.31,47.73,834.4,1,10,1,0,1
2026-10-07 18:27:21,23.34,47.14,839.0,1,9,1,0,1
2026-10-07 18:27:51,22.39,46.93,833.5,0,0,1,0,1
2026-10-07 18:28:21,23.07,47.41,833.1,1,10,1,0,1
2026-10-07 18:28:51,22.32,46.15,827.7,0,0,1,0,1
2026-10-07 18:29:21,23.12,47.51,826.4,1,13,1,0,1
2026-10-07 18:29:51,22.87,47.31,825.3,1,10,1,0,1
2026-10-07 18:30:21,23.47,46.99,825.7,1,6,1,0,1
2026-10-07 18:30:51,23.03,47.66,829.0,1,11,1,0,1
2026-10-07 18:31:21,23.04,47.91,828.7,1,9,1,0,1
2026-10-07 18:31:51,23.0,47.59,829.4,1,8,1,0,1
2026-10-07 18:32:21,22.98,48.08,833.3,1,13,1,0,1
2026-10-07 18:32:51,23.1,47.5,833.3,1,11,1,0,1
2026-10-07 18:33:21,23.3,47.91,833.7,1,12,1,0,1
2026-10-07 18:33:51,23.03,47.51,832.7,1,11,1,0,1
2026-10-07 18:34:21,22.23,46.39,828.4,0,0,1,0,1
2026-10-07 18:34:51,23.11,47.67,829.6,1,5,1,0,1
2026-10-07 18:35:21,23.01,47.74,833.8,1,6,1,0,1
2026-10-07 18:35:51,22.04,47.06,825.3,0,0,1,0,1
2026-10-07 18:36:21,23.19,47.17,827.7,1,12,1,0,1
2026-10-07 18:36:51,23.1,48.15,831.2,1,5,1,0,1
2026-10-07 18:37:21,22.81,48.31,833.7,1,4,1,0,1
2026-10-07 18:37:51,23.27,47.64,833.4,1,6,1,0,1
2026-10-07 18:38:21,22.91,47.58,834.9,1,10,1,0,1
2026-10-07 18:38:51,23.03,47.83,834.5,1,7,1,0,1
2026-10-07 18:39:21,22.33,45.88,828.8,0,0,1,0,1
2026-10-07 18:39:51,23.29,47.29,830.5,1,10,1,0,1
2026-10-07 18:40:21,22.95,47.58,830.3,1,10,1,0,1
2026-10-07 18:40:51,22.99,47.77,834.2,1,7,1,0,1
2026-10-07 18:41:21,22.08,46.64,828.8,0,0,1,0,1
2026-10-07 18:41:51,23.21,47.92,829.4,1,6,1,0,1
2026-10-07 18:42:21,22.87,48.14,834.1,1,11,1,0,1
2026-10-07 18:42:51,23.03,47.81,834.6,1,13,1,0,1
2026-10-07 18:43:21,22.82,47.74,836.4,1,10,1,0,1
2026-10-07 18:43:51,22.91,48.25,836.8,1,12,1,0,1
2026-10-07 18:44:21,22.94,48.03,835.6,1,5,1,0,1
2026-10-07 18:44:51,22.77,48.44,839.6,1,7,1,0,1
2026-10-07 18:45:21,22.92,47.91,838.0,1,9,1,0,1
2026-10-07 18:45:51,22.86,47.67,838.5,1,4,1,0,1
2026-10-07 18:46:21,23.14,47.7,835.7,1,12,1,0,1
2026-10-07 18:46:51,22.04,46.44,829.1,0,0,1,0,1
2026-10-07 18:47:21,22.16,47.3,822.5,0,0,1,0,1
2026-10-07 18:47:51,22.92,48.27,822.4,1,10,1,0,1
2026-10-07 18:48:21,22.96,47.6,820.0,1,12,1,0,1
2026-10-07 18:48:51,22.91,47.99,823.7,1,5,1,0,1
2026-10-07 18:49:21,23.36,47.9,823.6,1,8,1,0,1
2026-10-07 18:49:51,23.11,47.97,824.4,1,12,1,0,1
2026-10-07 18:50:21,23.16,47.97,827.8,1,9,1,0,1
2026-10-07 18:50:51,23.05,47.37,828.1,1,13,1,0,1
2026-10-07 18:51:21,22.8,47.55,829.3,1,13,1,0,1
2026-10-07 18:51:51,23.13,48.15,830.5,1,10,1,0,1
2026-10-07 18:52:21,22.73,47.7,828.9,1,9,1,0,1
2026-10-07 18:52:51,22.9,48.38,829.6,1,7,1,0,1
2026-10-07 18:53:21,22.92,47.98,829.3,1,10,1,0,1
2026-10-07 18:53:51,21.93,46.78,823.3,0,0,1,0,1
2026-10-07 18:54:21,23.04,48.17,820.6,1,5,1,0,1
2026-10-07 18:54:51,23.0,47.69,819.8,1,4,1,0,1
2026-10-07 18:55:21,22.77,47.98,818.1,1,6,1,0,1
2026-10-07 18:55:51,22.93,47.57,821.3,1,13,1,0,1
2026-10-07 18:56:21,22.19,46.26,814.3,0,0,1,0,1
2026-10-07 18:56:51,21.89,46.36,807.2,0,0,1,0,1
2026-10-07 18:57:21,22.74,47.59,812.8,1,8,1,0,1
2026-10-07 18:57:51,22.08,46.68,805.1,0,0,1,0,1
2026-10-07 18:58:21,22.75,47.27,805.1,1,3,1,0,1
2026-10-07 18:58:51,22.88,47.83,807.7,1,5,1,0,1
2026-10-07 18:59:21,22.91,48.28,805.8,1,6,1,0,1
2026-10-07 18:59:51,22.07,46.34,798.0,0,0,1,0,1
2026-10-07 19:00:21,22.9,48.42,802.1,1,9,1,0,1
2026-10-07 19:00:51,22.52,48.13,806.4,1,12,1,0,1
2026-10-07 19:01:21,22.93,48.55,806.6,1,11,1,0,1
2026-10-07 19:01:51,21.93,46.53,801.0,0,0,1,0,1
2026-10-07 19:02:21,22.72,48.51,803.9,1,11,1,0,1
2026-10-07 19:02:51,22.0,46.39,796.2,0,0,1,0,1
2026-10-07 19:03:21,22.84,47.55,796.2,1,13,1,0,1
2026-10-07 19:03:51,22.98,48.01,797.7,1,4,1,0,1
2026-10-07 19:04:21,21.91,46.09,790.2,0,0,1,0,1
2026-10-07 19:04:51,23.02,47.99,794.0,1,10,1,0,1
2026-10-07 19:05:21,23.02,48.0,793.5,1,9,1,0,1
2026-10-07 19:05:51,22.0,46.25,786.1,0,0,1,0,1
2026-10-07 19:06:21,22.02,47.0,779.4,0,0,1,0,1
2026-10-07 19:06:51,21.92,45.96,773.2,0,0,1,0,1
2026-10-07 19:07:21,22.83,48.09,774.6,1,13,1,0,1
2026-10-07 19:07:51,22.19,46.65,768.7,0,0,1,0,1
2026-10-07 19:08:21,21.85,46.22,761.3,0,0,1,0,1
2026-10-07 19:08:51,22.68,48.53,760.9,1,9,1,0,1
2026-10-07 19:09:21,21.87,46.49,753.3,0,0,1,0,1
2026-10-07 19:09:51,22.55,47.65,751.9,1,6,1,0,1
2026-10-07 19:10:21,21.58,46.11,745.2,0,1,1,0,1
2026-10-07 19:10:51,22.84,47.84,749.3,1,3,1,0,1
2026-10-07 19:11:21,22.88,48.49,748.6,1,8,1,0,1
2026-10-07 19:11:51,21.84,46.52,742.6,0,0,1,0,1
2026-10-07 19:12:21,22.8,48.16,745.0,1,8,1,0,1
2026-10-07 19:12:51,22.12,46.25,737.6,0,0,1,0,1
2026-10-07 19:13:21,22.82,48.29,742.0,1,11,1,0,1
2026-10-07 19:13:51,21.98,47.21,736.0,0,0,1,0,1
2026-10-07 19:14:21,21.8,46.75,730.0,0,0,1,0,1
2026-10-07 19:14:51,21.85,46.47,722.7,0,0,1,0,1
2026-10-07 19:15:21,21.83,46.39,717.5,0,0,1,0,1
2026-10-07 19:15:51,22.68,47.66,719.5,1,11,1,0,1
2026-10-07 19:16:21,22.75,48.28,721.3,1,8,1,0,1
2026-10-07 19:16:51,22.07,47.01,716.2,0,0,1,0,1
2026-10-07 19:17:21,21.97,46.92,711.6,0,0,1,0,1
2026-10-07 19:17:51,21.85,46.86,705.5,0,1,1,0,1
2026-10-07 19:18:21,22.76,48.99,708.3,1,3,1,0,1
2026-10-07 19:18:51,21.86,46.2,699.7,0,0,1,0,1
2026-10-07 19:19:21,22.76,47.82,700.4,1,4,1,0,1
2026-10-07 19:19:51,21.77,47.17,693.4,0,0,1,0,1
2026-10-07 19:20:21,21.99,46.59,687.5,0,0,1,0,1
2026-10-07 19:20:51,22.51,48.96,687.0,1,7,1,0,1
2026-10-07 19:21:21,21.74,47.36,680.9,0,0,1,0,1
2026-10-07 19:21:51,21.81,46.57,673.4,0,0,1,0,1
2026-10-07 19:22:21,21.73,46.28,665.2,0,0,1,0,1
2026-10-07 19:22:51,21.87,46.53,658.0,0,0,1,0,1
2026-10-07 19:23:21,21.84,47.23,649.6,0,0,1,0,1
2026-10-07 19:23:51,21.71,47.24,645.6,0,0,1,0,1
2026-10-07 19:24:21,21.93,47.07,639.3,0,0,1,0,1
2026-10-07 19:24:51,21.71,47.86,631.6,0,1,1,0,1
2026-10-07 19:25:21,21.7,46.4,626.7,0,0,1,0,1
2026-10-07 19:25:51,22.04,47.27,620.3,0,0,1,0,1
2026-10-07 19:26:21,21.87,46.87,616.4,0,0,1,0,1
2026-10-07 19:26:51,21.64,46.3,610.5,0,0,1,0,1
2026-10-07 19:27:21,22.49,48.02,615.9,1,9,1,0,1
2026-10-07 19:27:51,22.64,47.57,616.4,1,4,1,0,1
2026-10-07 19:28:21,21.68,46.47,609.3,0,0,1,0,1
2026-10-07 19:28:51,21.66,47.06,604.4,0,0,1,0,1
2026-10-07 19:29:21,22.65,48.75,608.4,1,9,1,0,1
2026-10-07 19:29:51,22.46,48.65,606.7,1,12,1,0,1
2026-10-07 19:30:21,22.83,48.66,608.3,1,11,1,0,1
2026-10-07 19:30:51,22.45,48.34,609.3,1,13,1,0,1
2026-10-07 19:31:21,22.3,48.17,669.6,1,7,1,0,1
2026-10-07 19:31:51,22.64,48.47,673.9,1,5,1,0,1
2026-10-07 19:32:21,22.77,48.13,673.5,1,11,1,0,1
2026-10-07 19:32:51,22.44,48.55,674.0,1,4,1,0,1
2026-10-07 19:33:21,21.78,47.1,667.5,0,0,1,0,1
2026-10-07 19:33:51,21.46,46.51,661.9,0,0,1,0,1
2026-10-07 19:34:21,22.48,47.66,666.5,1,8,1,0,1
2026-10-07 19:34:51,21.86,46.76,662.4,0,0,1,0,1
2026-10-07 19:35:21,22.43,48.79,665.3,1,8,1,0,1
2026-10-07 19:35:51,22.65,48.64,669.6,1,3,1,0,1
2026-10-07 19:36:21,22.37,47.85,668.7,1,6,1,0,1
2026-10-07 19:36:51,22.44,48.33,672.3,1,4,1,0,1
2026-10-07 19:37:21,22.4,48.09,674.8,1,4,1,0,1
2026-10-07 19:37:51,22.49,48.34,676.0,1,8,1,0,1
2026-10-07 19:38:21,21.83,47.16,668.5,0,0,1,0,1
2026-10-07 19:38:51,22.69,47.82,673.2,1,10,1,0,1
2026-10-07 19:39:21,22.29,48.93,673.4,1,9,1,0,1
2026-10-07 19:39:51,21.76,46.63,666.6,0,1,1,0,1
2026-10-07 19:40:21,21.67,47.09,661.2,0,0,1,0,1
2026-10-07 19:40:51,22.42,48.63,659.1,1,7,1,0,1
2026-10-07 19:41:21,21.63,46.44,709.8,0,0,1,0,1
2026-10-07 19:41:51,22.55,48.33,709.2,1,4,1,0,1
2026-10-07 19:42:21,21.57,47.47,702.3,0,1,1,0,1
2026-10-07 19:42:51,22.43,48.39,706.5,1,6,1,0,1
2026-10-07 19:43:21,21.51,47.08,700.1,0,0,1,0,1
2026-10-07 19:43:51,22.58,48.11,703.1,1,9,1,0,1
2026-10-07 19:44:21,21.56,47.12,698.0,0,0,1,0,1
2026-10-07 19:44:51,21.52,46.81,693.8,0,0,1,0,1
2026-10-07 19:45:21,22.18,48.47,697.7,1,8,1,0,1
2026-10-07 19:45:51,21.59,47.38,690.1,0,0,1,0,1
2026-10-07 19:46:21,22.51,48.46,690.7,1,11,1,0,1
2026-10-07 19:46:51,22.52,48.18,691.0,1,6,1,0,1
2026-10-07 19:47:21,21.7,47.11,685.6,0,0,1,0,1
2026-10-07 19:47:51,21.92,46.93,681.0,0,0,1,0,1
2026-10-07 19:48:21,21.55,47.09,674.8,0,0,1,0,1
2026-10-07 19:48:51,22.36,48.46,671.8,1,8,1,0,1
2026-10-07 19:49:21,21.39,47.22,666.4,0,0,1,0,1
2026-10-07 19:49:51,21.62,47.05,657.1,0,1,1,0,1
2026-10-07 19:50:21,22.4,48.72,661.1,1,7,1,0,1
2026-10-07 19:50:51,21.41,46.86,655.2,0,1,1,0,1
2026-10-07 19:51:21,22.34,48.99,710.3,1,6,1,0,1
2026-10-07 19:51:51,21.26,47.32,704.5,0,0,1,0,1
2026-10-07 19:52:21,21.34,46.71,697.8,0,0,1,0,1
2026-10-07 19:52:51,22.2,48.87,699.8,1,6,1,0,1
2026-10-07 19:53:21,21.81,47.27,695.6,0,0,1,0,1
2026-10-07 19:53:51,21.37,47.43,689.1,0,0,1,0,1
2026-10-07 19:54:21,21.69,48.26,684.1,0,0,1,0,1
2026-10-07 19:54:51,22.11,48.78,685.9,1,12,1,0,1
2026-10-07 19:55:21,22.41,48.78,686.7,1,4,1,0,1
2026-10-07 19:55:51,22.23,48.0,686.2,1,10,1,0,1
2026-10-07 19:56:21,21.45,47.04,681.9,0,0,1,0,1
2026-10-07 19:56:51,21.44,47.43,674.6,0,0,1,0,1
2026-10-07 19:57:21,22.59,48.05,672.3,1,13,1,0,1
2026-10-07 19:57:51,22.39,49.03,671.6,1,8,1,0,1
2026-10-07 19:58:21,21.54,46.69,667.6,0,0,1,0,1
2026-10-07 19:58:51,22.46,48.59,671.4,1,4,1,0,1
2026-10-07 19:59:21,22.19,48.07,673.2,1,4,1,0,1
2026-10-07 19:59:51,22.4,48.39,671.2,1,6,1,0,1
2026-10-07 20:00:21,21.37,47.16,665.2,0,0,1,0,1
2026-10-07 20:00:51,21.39,47.55,657.6,0,0,1,0,1
2026-10-07 20:01:21,21.36,47.12,700.2,0,0,1,0,1
2026-10-07 20:01:51,22.23,49.12,702.5,1,5,1,0,1
2026-10-07 20:02:21,21.45,47.18,696.8,0,0,1,0,1
2026-10-07 20:02:51,21.29,46.86,691.0,0,0,1,0,1
2026-10-07 20:03:21,21.42,47.14,686.2,0,0,1,0,1
2026-10-07 20:03:51,22.12,48.79,688.1,1,12,1,0,1
2026-10-07 20:04:21,22.37,48.62,689.2,1,12,1,0,1
2026-10-07 20:04:51,22.17,48.6,690.6,1,9,1,0,1
2026-10-07 20:05:21,21.43,100.0,686.0,0,0,1,1,1
2026-10-07 20:05:51,22.28,49.12,684.8,1,6,1,0,1
2026-10-07 20:06:21,22.21,49.29,684.7,1,8,1,0,1
2026-10-07 20:06:51,22.19,48.71,688.0,1,7,1,0,1
2026-10-07 20:07:21,21.44,47.01,679.4,0,0,1,0,1
2026-10-07 20:07:51,21.28,47.59,672.8,0,0,1,0,1
2026-10-07 20:08:21,21.79,48.46,673.7,1,7,1,0,1
2026-10-07 20:08:51,21.42,47.36,667.0,0,0,1,0,1
2026-10-07 20:09:21,22.19,48.55,670.6,1,11,1,0,1
2026-10-07 20:09:51,22.26,49.48,669.3,1,8,1,0,1
2026-10-07 20:10:21,22.25,48.93,670.2,1,11,1,0,1
2026-10-07 20:10:51,21.49,47.58,663.1,0,1,1,0,1
2026-10-07 20:11:21,21.33,46.86,714.4,0,0,1,0,1
2026-10-07 20:11:51,21.44,46.94,706.9,0,0,1,0,1
2026-10-07 20:12:21,22.27,48.26,711.4,1,5,1,0,1
2026-10-07 20:12:51,22.28,48.98,714.8,1,4,1,0,1
2026-10-07 20:13:21,21.47,47.46,709.0,0,0,1,0,1
2026-10-07 20:13:51,22.22,48.66,711.6,1,13,1,0,1
2026-10-07 20:14:21,22.05,48.78,711.4,1,7,1,0,1
2026-10-07 20:14:51,21.28,47.53,702.8,0,0,1,0,1
2026-10-07 20:15:21,22.12,48.16,703.9,1,13,1,0,1
2026-10-07 20:15:51,21.54,47.74,698.1,0,0,1,0,1
2026-10-07 20:16:21,21.13,47.79,691.8,0,0,1,0,1
2026-10-07 20:16:51,22.15,48.93,692.5,1,9,1,0,1
2026-10-07 20:17:21,22.03,48.97,693.1,1,10,1,0,1
2026-10-07 20:17:51,21.04,47.38,685.3,0,0,1,0,1
2026-10-07 20:18:21,21.13,47.22,678.2,0,0,1,0,1
2026-10-07 20:18:51,22.16,49.94,676.4,1,6,1,0,1
2026-10-07 20:19:21,22.22,49.47,677.7,1,7,1,0,1
2026-10-07 20:19:51,21.89,48.45,676.3,1,6,1,0,1
2026-10-07 20:20:21,21.98,48.97,674.9,1,7,1,0,1
2026-10-07 20:20:51,21.93,48.8,671.6,1,11,1,0,1
2026-10-07 20:21:21,21.28,46.58,662.1,0,0,1,0,1
2026-10-07 20:21:51,20.96,46.87,657.1,0,0,1,0,1
2026-10-07 20:22:21,20.77,47.68,650.8,0,0,1,0,1
2026-10-07 20:22:51,21.14,47.49,645.3,0,0,1,0,1
2026-10-07 20:23:21,21.26,47.3,636.6,0,0,1,0,1
2026-10-07 20:23:51,21.68,49.54,637.2,1,12,1,0,1
2026-10-07 20:24:21,21.85,48.52,634.0,1,4,1,0,1
2026-10-07 20:24:51,21.9,48.4,637.6,1,9,1,0,1
2026-10-07 20:25:21,21.27,47.83,630.2,0,0,1,0,1
2026-10-07 20:25:51,20.98,47.76,625.5,0,0,1,0,1
2026-10-07 20:26:21,22.15,49.39,624.7,1,7,1,0,1
2026-10-07 20:26:51,21.33,47.5,619.4,0,0,1,0,1
2026-10-07 20:27:21,21.03,47.54,612.5,0,0,1,0,1
2026-10-07 20:27:51,21.94,49.31,613.5,1,6,1,0,1
2026-10-07 20:28:21,22.25,48.73,613.5,1,13,1,0,1
2026-10-07 20:28:51,21.89,49.09,616.9,1,13,1,0,1
2026-10-07 20:29:21,21.12,47.3,610.1,0,0,1,0,1
2026-10-07 20:29:51,21.21,48.04,602.8,0,0,1,0,1
2026-10-07 20:30:21,21.92,49.81,603.2,1,5,1,0,1
2026-10-07 20:30:51,21.01,47.82,597.3,0,0,1,0,1
2026-10-07 20:31:21,22.26,48.81,601.1,1,13,1,0,1
2026-10-07 20:31:51,21.69,49.08,602.4,1,3,1,0,1
2026-10-07 20:32:21,21.78,49.43,603.2,1,5,1,0,1
2026-10-07 20:32:51,21.96,49.89,601.6,1,9,1,0,1
2026-10-07 20:33:21,22.09,48.87,600.2,1,12,1,0,1
2026-10-07 20:33:51,21.67,48.78,602.1,1,11,1,0,1
2026-10-07 20:34:21,21.99,49.12,601.2,1,5,1,0,1
2026-10-07 20:34:51,21.1,47.7,592.5,0,0,1,0,1
2026-10-07 20:35:21,21.55,48.56,592.3,1,4,1,0,1
2026-10-07 20:35:51,21.82,49.61,594.2,1,12,1,0,1
2026-10-07 20:36:21,21.17,47.53,589.9,0,0,1,0,1
2026-10-07 20:36:51,21.72,49.57,589.2,1,12,1,0,1
2026-10-07 20:37:21,20.73,47.67,581.3,0,0,1,0,1
2026-10-07 20:37:51,22.03,49.05,584.0,1,3,1,0,1
2026-10-07 20:38:21,21.81,49.32,584.3,1,13,1,0,1
2026-10-07 20:38:51,21.93,49.38,584.9,1,4,1,0,1
2026-10-07 20:39:21,21.91,48.44,583.1,1,13,1,0,1
2026-10-07 20:39:51,-20.0,47.31,575.3,0,0,1,1,2
2026-10-07 20:40:21,21.85,49.52,576.8,1,10,1,0,1
2026-10-07 20:40:51,20.87,47.24,568.9,0,0,1,0,1
2026-10-07 20:41:21,21.02,47.69,562.5,0,0,1,0,1
2026-10-07 20:41:51,21.88,49.2,561.7,1,4,1,0,1
2026-10-07 20:42:21,20.98,47.52,556.7,0,0,1,0,1
2026-10-07 20:42:51,21.64,49.56,555.4,1,6,1,0,1
2026-10-07 20:43:21,20.91,47.63,547.2,0,0,1,0,1
2026-10-07 20:43:51,21.65,49.41,548.9,1,11,1,0,1
2026-10-07 20:44:21,21.18,47.77,544.4,0,0,1,0,1
2026-10-07 20:44:51,21.73,49.19,543.6,1,7,1,0,1
2026-10-07 20:45:21,20.58,47.98,535.1,0,0,1,0,1
2026-10-07 20:45:51,21.94,49.66,537.2,1,5,1,0,1
2026-10-07 20:46:21,20.86,47.58,531.2,0,0,1,0,1
2026-10-07 20:46:51,20.98,47.63,523.9,0,1,1,0,1
2026-10-07 20:47:21,20.67,47.84,517.8,0,0,1,0,1
2026-10-07 20:47:51,21.07,47.36,511.0,0,0,1,0,1
2026-10-07 20:48:21,21.74,49.84,510.8,1,12,1,0,1
2026-10-07 20:48:51,20.98,47.02,505.8,0,0,1,0,1
2026-10-07 20:49:21,20.93,47.94,499.3,0,0,1,0,0
2026-10-07 20:49:51,21.0,47.72,493.1,0,0,1,0,0
2026-10-07 20:50:21,21.02,48.11,487.5,0,0,1,0,0
2026-10-07 20:50:51,20.86,47.92,481.2,0,0,1,0,0
2026-10-07 20:51:21,20.79,47.69,475.8,0,0,1,0,0
2026-10-07 20:51:51,21.04,46.94,468.5,0,0,1,0,0
2026-10-07 20:52:21,20.83,48.04,460.5,0,0,1,0,0
2026-10-07 20:52:51,21.5,49.21,462.1,1,9,1,0,0
2026-10-07 20:53:21,20.82,48.03,456.5,0,0,1,0,0
2026-10-07 20:53:51,21.85,47.68,452.3,0,0,0,0,0
2026-10-07 20:54:21,22.12,47.37,450.7,0,0,0,0,0
2026-10-07 20:54:51,21.89,47.86,449.5,0,1,0,0,0
2026-10-07 20:55:21,22.0,47.88,447.5,0,0,0,0,0
2026-10-07 20:55:51,22.08,48.25,445.5,0,0,0,0,0
2026-10-07 20:56:21,23.12,49.41,454.4,1,13,0,0,0
2026-10-07 20:56:51,22.33,47.98,452.0,0,1,0,0,0
2026-10-07 20:57:21,21.78,47.26,449.3,0,0,0,0,0
2026-10-07 20:57:51,22.13,47.7,446.9,0,0,0,0,0
2026-10-07 20:58:21,21.96,48.29,445.9,0,0,0,0,0
2026-10-07 20:58:51,21.75,48.83,442.6,0,0,0,0,0
2026-10-07 20:59:21,22.82,49.04,444.7,1,7,0,0,0
2026-10-07 20:59:51,22.01,48.14,444.1,0,0,0,0,0
2026-10-07 21:00:21,21.86,47.89,444.4,0,0,0,0,0
2026-10-07 21:00:51,21.98,47.62,443.1,0,0,0,0,0
2026-10-07 21:01:21,22.04,48.71,442.8,0,0,0,0,0
2026-10-07 21:01:51,22.76,50.24,449.9,1,5,0,0,0
2026-10-07 21:02:21,22.78,49.8,455.7,1,7,0,0,0
2026-10-07 21:02:51,22.12,48.57,454.0,0,0,0,0,0
2026-10-07 21:03:21,22.21,47.83,452.7,0,0,0,0,0
2026-10-07 21:03:51,22.71,49.18,458.9,1,4,0,0,0
2026-10-07 21:04:21,22.68,50.04,467.1,1,11,0,0,0
2026-10-07 21:04:51,21.95,47.58,464.6,0,0,0,0,0
2026-10-07 21:05:21,21.91,48.04,465.8,0,0,0,0,0
2026-10-07 21:05:51,22.7,49.07,470.8,1,10,0,0,0
2026-10-07 21:06:21,21.9,48.21,467.7,0,0,0,0,0
2026-10-07 21:06:51,22.65,49.99,470.7,1,11,0,0,0
2026-10-07 21:07:21,21.85,48.25,470.3,0,0,0,0,0
2026-10-07 21:07:51,22.48,49.49,480.1,1,13,0,0,0
2026-10-07 21:08:21,21.98,47.96,477.2,0,0,0,0,0
2026-10-07 21:08:51,21.95,48.45,476.9,0,0,0,0,0
2026-10-07 21:09:21,21.71,47.76,474.6,0,1,0,0,0
2026-10-07 21:09:51,22.6,49.77,482.3,1,5,0,0,0
2026-10-07 21:10:21,21.81,47.31,480.3,0,0,0,0,0
2026-10-07 21:10:51,21.73,48.23,477.7,0,0,0,0,0
2026-10-07 21:11:21,21.69,48.45,474.6,0,0,0,0,0
2026-10-07 21:11:51,22.73,49.87,478.6,1,4,0,0,0
2026-10-07 21:12:21,22.79,49.63,485.0,1,13,0,0,0
2026-10-07 21:12:51,21.57,47.98,483.7,0,0,0,0,0
2026-10-07 21:13:21,21.87,48.42,482.5,0,0,0,0,0
2026-10-07 21:13:51,22.07,48.44,480.2,0,0,0,0,0
2026-10-07 21:14:21,22.67,49.49,484.6,1,6,0,0,0
2026-10-07 21:14:51,22.39,49.26,491.6,1,13,0,0,0
2026-10-07 21:15:21,21.43,47.25,492.0,0,0,0,0,0
2026-10-07 21:15:51,21.57,48.1,491.2,0,0,0,0,0
2026-10-07 21:16:21,21.76,47.29,488.8,0,0,0,0,0
2026-10-07 21:16:51,21.62,47.87,484.9,0,0,0,0,0
2026-10-07 21:17:21,22.65,49.07,488.5,1,9,0,0,0
2026-10-07 21:17:51,22.89,49.88,491.3,1,8,0,0,0
2026-10-07 21:18:21,21.95,48.49,488.9,0,0,0,0,0
2026-10-07 21:18:51,22.75,50.17,493.5,1,9,0,0,0
2026-10-07 21:19:21,21.94,48.07,491.7,0,0,0,0,0
2026-10-07 21:19:51,22.48,49.16,494.9,1,8,0,0,0
2026-10-07 21:20:21,21.75,47.74,494.2,0,1,0,0,0
2026-10-07 21:20:51,21.66,47.72,489.9,0,0,0,0,0
2026-10-07 21:21:21,22.46,49.25,495.2,1,12,0,0,0
2026-10-07 21:21:51,22.46,50.14,498.6,1,6,0,0,0
2026-10-07 21:22:21,22.38,49.48,500.2,1,10,0,0,1
2026-10-07 21:22:51,22.36,49.49,503.1,1,4,0,0,1
2026-10-07 21:23:21,22.72,49.68,507.4,1,11,0,0,1
2026-10-07 21:23:51,21.94,47.68,506.2,0,0,0,0,1
2026-10-07 21:24:21,22.57,50.02,512.6,1,9,0,0,1
2026-10-07 21:24:51,21.62,48.61,512.0,0,0,0,0,1
2026-10-07 21:25:21,22.49,50.19,520.7,1,3,0,0,1
2026-10-07 21:25:51,22.39,49.57,528.1,1,3,0,0,1
2026-10-07 21:26:21,22.65,49.87,535.3,1,3,0,0,1
2026-10-07 21:26:51,22.63,49.89,541.9,1,5,0,0,1
2026-10-07 21:27:21,21.59,48.32,538.5,0,0,0,0,1
2026-10-07 21:27:51,21.78,48.46,535.8,0,0,0,0,1
2026-10-07 21:28:21,22.22,49.35,541.8,1,7,0,0,1
2026-10-07 21:28:51,22.38,49.93,547.6,1,4,0,0,1
2026-10-07 21:29:21,21.62,48.7,545.7,0,0,0,0,1
2026-10-07 21:29:51,21.49,48.65,543.8,0,0,0,0,1
2026-10-07 21:30:21,22.66,49.71,548.9,1,6,0,0,1
2026-10-07 21:30:51,22.29,49.95,555.8,1,13,0,0,1
2026-10-07 21:31:21,22.47,50.07,562.5,1,9,0,0,1
2026-10-07 21:31:51,22.49,50.2,570.2,1,5,0,0,1
2026-10-07 21:32:21,21.76,48.89,569.5,0,0,0,0,1
2026-10-07 21:32:51,21.71,49.2,568.7,0,0,0,0,1
2026-10-07 21:33:21,21.58,48.05,567.9,0,0,0,0,1
2026-10-07 21:33:51,22.41,50.11,573.4,1,11,0,0,1
2026-10-07 21:34:21,21.89,48.08,572.0,0,0,0,0,1
2026-10-07 21:34:51,21.6,48.38,570.1,0,0,0,0,1
2026-10-07 21:35:21,21.79,48.79,568.6,0,0,0,0,1
2026-10-07 21:35:51,21.56,48.59,568.8,0,0,0,0,1
2026-10-07 21:36:21,21.78,48.81,565.5,0,0,0,0,1
2026-10-07 21:36:51,21.28,47.83,564.1,0,0,0,0,1
2026-10-07 21:37:21,21.61,48.16,564.3,0,0,0,0,1
2026-10-07 21:37:51,21.61,49.0,562.6,0,0,0,0,1
2026-10-07 21:38:21,22.72,50.09,564.8,1,12,0,0,1
2026-10-07 21:38:51,21.44,48.1,562.5,0,0,0,0,1
2026-10-07 21:39:21,22.66,50.04,566.4,1,7,0,0,1
2026-10-07 21:39:51,22.3,49.43,572.8,1,13,0,0,1
2026-10-07 21:40:21,21.42,48.55,570.8,0,0,0,0,1
2026-10-07 21:40:51,21.65,47.98,568.0,0,0,0,0,1
2026-10-07 21:41:21,21.43,48.82,565.8,0,0,0,0,1
2026-10-07 21:41:51,21.62,48.54,565.4,0,0,0,0,1
2026-10-07 21:42:21,21.34,48.46,562.8,0,0,0,0,1
2026-10-07 21:42:51,22.35,50.34,565.9,1,9,0,0,1
2026-10-07 21:43:21,22.34,50.1,570.5,1,12,0,0,1
2026-10-07 21:43:51,21.32,48.8,568.2,0,1,0,0,1
2026-10-07 21:44:21,22.3,50.19,572.7,1,8,0,0,1
2026-10-07 21:44:51,22.13,50.39,578.6,1,3,0,0,1
2026-10-07 21:45:21,22.42,50.1,581.9,1,6,0,0,1
2026-10-07 21:45:51,22.16,49.99,590.8,1,5,0,0,1
2026-10-07 21:46:21,21.4,48.46,589.2,0,0,0,0,1
2026-10-07 21:46:51,21.53,48.6,590.0,0,1,0,0,1
2026-10-07 21:47:21,21.48,48.99,587.7,0,0,0,0,1
2026-10-07 21:47:51,21.39,48.36,586.8,0,0,0,0,1
2026-10-07 21:48:21,21.54,48.76,586.0,0,0,0,0,1
2026-10-07 21:48:51,22.37,50.11,590.1,1,3,0,0,1
2026-10-07 21:49:21,22.05,49.84,598.2,1,9,0,0,1
2026-10-07 21:49:51,21.55,48.83,595.8,0,0,0,0,1
2026-10-07 21:50:21,21.5,48.59,594.3,0,0,0,0,1
2026-10-07 21:50:51,22.3,49.58,599.9,1,3,0,0,1
